date,sku_id,on_hand_units,on_order_units,lead_time_days,reorder_point
2024-01-01,NB-1000,242.0,0.0,9,130.7
2024-01-08,NB-1000,199.0,0.0,9,130.7
2024-01-15,NB-1000,113.0,0.0,9,130.7
2024-01-22,NB-1000,50.0,0.0,9,130.7
2024-01-29,NB-1000,0.0,199.0,9,130.7
2024-02-05,NB-1000,0.0,141.0,9,130.7
2024-02-12,NB-1000,164.0,0.0,9,130.7
2024-02-19,NB-1000,213.0,0.0,9,130.7
2024-02-26,NB-1000,134.0,0.0,9,130.7
2024-03-04,NB-1000,56.0,0.0,9,130.7
2024-03-11,NB-1000,0.0,0.0,9,130.7
2024-03-18,NB-1000,0.0,152.0,9,130.7
2024-03-25,NB-1000,0.0,0.0,9,130.7
2024-04-01,NB-1000,124.0,0.0,9,130.7
2024-04-08,NB-1000,162.0,0.0,9,130.7
2024-04-15,NB-1000,81.0,175.0,9,130.7
2024-04-22,NB-1000,174.0,0.0,9,130.7
2024-04-29,NB-1000,100.0,0.0,9,130.7
2024-05-06,NB-1000,9.0,0.0,9,130.7
2024-05-13,NB-1000,0.0,0.0,9,130.7
2024-05-20,NB-1000,0.0,190.0,9,130.7
2024-05-27,NB-1000,0.0,185.0,9,130.7
2024-06-03,NB-1000,173.0,0.0,9,130.7
2024-06-10,NB-1000,76.0,0.0,9,130.7
2024-06-17,NB-1000,79.0,0.0,9,130.7
2024-06-24,NB-1000,122.0,0.0,9,130.7
2024-07-01,NB-1000,262.0,0.0,9,130.7
2024-07-08,NB-1000,196.0,0.0,9,130.7
2024-07-15,NB-1000,120.0,183.0,9,130.7
2024-07-22,NB-1000,42.0,184.0,9,130.7
2024-07-29,NB-1000,93.0,199.0,9,130.7
2024-08-05,NB-1000,132.0,0.0,9,130.7
2024-08-12,NB-1000,65.0,0.0,9,130.7
2024-08-19,NB-1000,195.0,0.0,9,130.7
2024-08-26,NB-1000,108.0,0.0,9,130.7
2024-09-02,NB-1000,31.0,0.0,9,130.7
2024-09-09,NB-1000,0.0,195.0,9,130.7
2024-09-16,NB-1000,0.0,0.0,9,130.7
2024-09-23,NB-1000,125.0,0.0,9,130.7
2024-09-30,NB-1000,41.0,157.0,9,130.7
2024-10-07,NB-1000,147.0,0.0,9,130.7
2024-10-14,NB-1000,250.0,0.0,9,130.7
2024-10-21,NB-1000,188.0,0.0,9,130.7
2024-10-28,NB-1000,120.0,190.0,9,130.7
2024-11-04,NB-1000,193.0,0.0,9,130.7
2024-11-11,NB-1000,116.0,0.0,9,130.7
2024-11-18,NB-1000,58.0,0.0,9,130.7
2024-11-25,NB-1000,0.0,127.0,9,130.7
2024-12-02,NB-1000,0.0,163.0,9,130.7
2024-12-09,NB-1000,0.0,0.0,9,130.7
2024-12-16,NB-1000,0.0,0.0,9,130.7
2024-12-23,NB-1000,0.0,166.0,9,130.7
2024-12-30,NB-1000,81.0,0.0,9,130.7
2025-01-06,NB-1000,7.0,0.0,9,130.7
2025-01-13,NB-1000,0.0,173.0,9,130.7
2025-01-20,NB-1000,121.0,0.0,9,130.7
2025-01-27,NB-1000,220.0,164.0,9,130.7
2025-02-03,NB-1000,161.0,0.0,9,130.7
2025-02-10,NB-1000,190.0,0.0,9,130.7
2025-02-17,NB-1000,93.0,0.0,9,130.7
2025-02-24,NB-1000,127.0,145.0,9,130.7
2025-03-03,NB-1000,133.0,0.0,9,130.7
2025-03-10,NB-1000,224.0,0.0,9,130.7
2025-03-17,NB-1000,150.0,0.0,9,130.7
2025-03-24,NB-1000,58.0,0.0,9,130.7
2025-03-31,NB-1000,0.0,0.0,9,130.7
2025-04-07,NB-1000,0.0,0.0,9,130.7
2025-04-14,NB-1000,0.0,0.0,9,130.7
2025-04-21,NB-1000,0.0,177.0,9,130.7
2025-04-28,NB-1000,0.0,0.0,9,130.7
2025-05-05,NB-1000,86.0,161.0,9,130.7
2025-05-12,NB-1000,0.0,185.0,9,130.7
2025-05-19,NB-1000,180.0,180.0,9,130.7
2025-05-26,NB-1000,88.0,0.0,9,130.7
2025-06-02,NB-1000,0.0,191.0,9,130.7
2025-06-09,NB-1000,0.0,0.0,9,130.7
2025-06-16,NB-1000,76.0,0.0,9,130.7
2025-06-23,NB-1000,0.0,150.0,9,130.7
2025-06-30,NB-1000,136.0,136.0,9,130.7
2025-07-07,NB-1000,20.0,0.0,9,130.7
2025-07-14,NB-1000,107.0,0.0,9,130.7
2025-07-21,NB-1000,168.0,0.0,9,130.7
2025-07-28,NB-1000,240.0,0.0,9,130.7
2025-08-04,NB-1000,148.0,0.0,9,130.7
2025-08-11,NB-1000,216.0,135.0,9,130.7
2025-08-18,NB-1000,106.0,168.0,9,130.7
2025-08-25,NB-1000,25.0,0.0,9,130.7
2025-09-01,NB-1000,0.0,179.0,9,130.7
2025-09-08,NB-1000,195.0,0.0,9,130.7
2025-09-15,NB-1000,113.0,0.0,9,130.7
2025-09-22,NB-1000,55.0,0.0,9,130.7
2025-09-29,NB-1000,111.0,166.0,9,130.7
2025-10-06,NB-1000,211.0,0.0,9,130.7
2025-10-13,NB-1000,140.0,0.0,9,130.7
2025-10-20,NB-1000,23.0,0.0,9,130.7
2025-10-27,NB-1000,127.0,190.0,9,130.7
2025-11-03,NB-1000,61.0,127.0,9,130.7
2025-11-10,NB-1000,9.0,0.0,9,130.7
2025-11-17,NB-1000,111.0,0.0,9,130.7
2025-11-24,NB-1000,27.0,0.0,9,130.7
2025-12-01,NB-1000,0.0,0.0,9,130.7
2025-12-08,NB-1000,0.0,0.0,9,130.7
2025-12-15,NB-1000,106.0,0.0,9,130.7
2025-12-22,NB-1000,38.0,0.0,9,130.7
2025-12-29,NB-1000,0.0,0.0,9,130.7
2024-01-01,NB-1001,137.0,0.0,17,782.3
2024-01-08,NB-1001,0.0,0.0,17,782.3
2024-01-15,NB-1001,0.0,0.0,17,782.3
2024-01-22,NB-1001,0.0,1194.0,17,782.3
2024-01-29,NB-1001,0.0,0.0,17,782.3
2024-02-05,NB-1001,0.0,0.0,17,782.3
2024-02-12,NB-1001,990.0,0.0,17,782.3
2024-02-19,NB-1001,736.0,0.0,17,782.3
2024-02-26,NB-1001,1491.0,0.0,17,782.3
2024-03-04,NB-1001,1285.0,0.0,17,782.3
2024-03-11,NB-1001,1112.0,0.0,17,782.3
2024-03-18,NB-1001,896.0,0.0,17,782.3
2024-03-25,NB-1001,701.0,0.0,17,782.3
2024-04-01,NB-1001,1417.0,0.0,17,782.3
2024-04-08,NB-1001,1210.0,0.0,17,782.3
2024-04-15,NB-1001,971.0,0.0,17,782.3
2024-04-22,NB-1001,751.0,1027.0,17,782.3
2024-04-29,NB-1001,576.0,0.0,17,782.3
2024-05-06,NB-1001,354.0,1156.0,17,782.3
2024-05-13,NB-1001,127.0,0.0,17,782.3
2024-05-20,NB-1001,856.0,0.0,17,782.3
2024-05-27,NB-1001,624.0,753.0,17,782.3
2024-06-03,NB-1001,1413.0,966.0,17,782.3
2024-06-10,NB-1001,1170.0,0.0,17,782.3
2024-06-17,NB-1001,838.0,0.0,17,782.3
2024-06-24,NB-1001,529.0,0.0,17,782.3
2024-07-01,NB-1001,331.0,0.0,17,782.3
2024-07-08,NB-1001,107.0,0.0,17,782.3
2024-07-15,NB-1001,0.0,0.0,17,782.3
2024-07-22,NB-1001,0.0,0.0,17,782.3
2024-07-29,NB-1001,0.0,0.0,17,782.3
2024-08-05,NB-1001,0.0,0.0,17,782.3
2024-08-12,NB-1001,0.0,0.0,17,782.3
2024-08-19,NB-1001,0.0,0.0,17,782.3
2024-08-26,NB-1001,1096.0,1096.0,17,782.3
2024-09-02,NB-1001,802.0,0.0,17,782.3
2024-09-09,NB-1001,495.0,0.0,17,782.3
2024-09-16,NB-1001,120.0,0.0,17,782.3
2024-09-23,NB-1001,746.0,0.0,17,782.3
2024-09-30,NB-1001,1115.0,735.0,17,782.3
2024-10-07,NB-1001,769.0,0.0,17,782.3
2024-10-14,NB-1001,1468.0,0.0,17,782.3
2024-10-21,NB-1001,1134.0,0.0,17,782.3
2024-10-28,NB-1001,776.0,0.0,17,782.3
2024-11-04,NB-1001,1349.0,0.0,17,782.3
2024-11-11,NB-1001,1043.0,0.0,17,782.3
2024-11-18,NB-1001,731.0,0.0,17,782.3
2024-11-25,NB-1001,501.0,0.0,17,782.3
2024-12-02,NB-1001,226.0,0.0,17,782.3
2024-12-09,NB-1001,0.0,0.0,17,782.3
2024-12-16,NB-1001,0.0,0.0,17,782.3
2024-12-23,NB-1001,0.0,0.0,17,782.3
2024-12-30,NB-1001,497.0,1163.0,17,782.3
2025-01-06,NB-1001,155.0,1076.0,17,782.3
2025-01-13,NB-1001,1106.0,0.0,17,782.3
2025-01-20,NB-1001,852.0,0.0,17,782.3
2025-01-27,NB-1001,573.0,1177.0,17,782.3
2025-02-03,NB-1001,228.0,1139.0,17,782.3
2025-02-10,NB-1001,873.0,0.0,17,782.3
2025-02-17,NB-1001,604.0,0.0,17,782.3
2025-02-24,NB-1001,353.0,0.0,17,782.3
2025-03-03,NB-1001,787.0,0.0,17,782.3
2025-03-10,NB-1001,516.0,0.0,17,782.3
2025-03-17,NB-1001,319.0,0.0,17,782.3
2025-03-24,NB-1001,82.0,0.0,17,782.3
2025-03-31,NB-1001,0.0,0.0,17,782.3
2025-04-07,NB-1001,0.0,0.0,17,782.3
2025-04-14,NB-1001,0.0,0.0,17,782.3
2025-04-21,NB-1001,750.0,750.0,17,782.3
2025-04-28,NB-1001,1446.0,0.0,17,782.3
2025-05-05,NB-1001,1226.0,0.0,17,782.3
2025-05-12,NB-1001,993.0,0.0,17,782.3
2025-05-19,NB-1001,681.0,0.0,17,782.3
2025-05-26,NB-1001,1488.0,0.0,17,782.3
2025-06-02,NB-1001,1240.0,0.0,17,782.3
2025-06-09,NB-1001,1033.0,0.0,17,782.3
2025-06-16,NB-1001,799.0,0.0,17,782.3
2025-06-23,NB-1001,499.0,0.0,17,782.3
2025-06-30,NB-1001,1019.0,0.0,17,782.3
2025-07-07,NB-1001,727.0,0.0,17,782.3
2025-07-14,NB-1001,1182.0,740.0,17,782.3
2025-07-21,NB-1001,708.0,0.0,17,782.3
2025-07-28,NB-1001,351.0,1011.0,17,782.3
2025-08-04,NB-1001,52.0,0.0,17,782.3
2025-08-11,NB-1001,712.0,964.0,17,782.3
2025-08-18,NB-1001,1284.0,0.0,17,782.3
2025-08-25,NB-1001,973.0,0.0,17,782.3
2025-09-01,NB-1001,520.0,0.0,17,782.3
2025-09-08,NB-1001,57.0,1163.0,17,782.3
2025-09-15,NB-1001,0.0,1186.0,17,782.3
2025-09-22,NB-1001,0.0,0.0,17,782.3
2025-09-29,NB-1001,873.0,0.0,17,782.3
2025-10-06,NB-1001,1532.0,0.0,17,782.3
2025-10-13,NB-1001,1150.0,0.0,17,782.3
2025-10-20,NB-1001,618.0,0.0,17,782.3
2025-10-27,NB-1001,281.0,1006.0,17,782.3
2025-11-03,NB-1001,883.0,0.0,17,782.3
2025-11-10,NB-1001,1454.0,0.0,17,782.3
2025-11-17,NB-1001,971.0,0.0,17,782.3
2025-11-24,NB-1001,476.0,0.0,17,782.3
2025-12-01,NB-1001,132.0,0.0,17,782.3
2025-12-08,NB-1001,0.0,0.0,17,782.3
2025-12-15,NB-1001,794.0,0.0,17,782.3
2025-12-22,NB-1001,468.0,0.0,17,782.3
2025-12-29,NB-1001,109.0,0.0,17,782.3
2024-01-01,NB-1002,239.0,0.0,8,293.5
2024-01-08,NB-1002,25.0,0.0,8,293.5
2024-01-15,NB-1002,0.0,284.0,8,293.5
2024-01-22,NB-1002,0.0,0.0,8,293.5
2024-01-29,NB-1002,369.0,369.0,8,293.5
2024-02-05,NB-1002,90.0,0.0,8,293.5
2024-02-12,NB-1002,327.0,327.0,8,293.5
2024-02-19,NB-1002,43.0,423.0,8,293.5
2024-02-26,NB-1002,0.0,285.0,8,293.5
2024-03-04,NB-1002,314.0,0.0,8,293.5
2024-03-11,NB-1002,15.0,0.0,8,293.5
2024-03-18,NB-1002,204.0,0.0,8,293.5
2024-03-25,NB-1002,0.0,0.0,8,293.5
2024-04-01,NB-1002,0.0,0.0,8,293.5
2024-04-08,NB-1002,0.0,0.0,8,293.5
2024-04-15,NB-1002,0.0,0.0,8,293.5
2024-04-22,NB-1002,0.0,416.0,8,293.5
2024-04-29,NB-1002,342.0,342.0,8,293.5
2024-05-06,NB-1002,128.0,0.0,8,293.5
2024-05-13,NB-1002,223.0,0.0,8,293.5
2024-05-20,NB-1002,21.0,0.0,8,293.5
2024-05-27,NB-1002,0.0,0.0,8,293.5
2024-06-03,NB-1002,0.0,0.0,8,293.5
2024-06-10,NB-1002,0.0,0.0,8,293.5
2024-06-17,NB-1002,359.0,359.0,8,293.5
2024-06-24,NB-1002,115.0,337.0,8,293.5
2024-07-01,NB-1002,275.0,275.0,8,293.5
2024-07-08,NB-1002,81.0,0.0,8,293.5
2024-07-15,NB-1002,0.0,333.0,8,293.5
2024-07-22,NB-1002,299.0,0.0,8,293.5
2024-07-29,NB-1002,595.0,0.0,8,293.5
2024-08-05,NB-1002,443.0,0.0,8,293.5
2024-08-12,NB-1002,687.0,426.0,8,293.5
2024-08-19,NB-1002,568.0,0.0,8,293.5
2024-08-26,NB-1002,373.0,0.0,8,293.5
2024-09-02,NB-1002,250.0,0.0,8,293.5
2024-09-09,NB-1002,367.0,0.0,8,293.5
2024-09-16,NB-1002,169.0,0.0,8,293.5
2024-09-23,NB-1002,51.0,416.0,8,293.5
2024-09-30,NB-1002,319.0,0.0,8,293.5
2024-10-07,NB-1002,142.0,439.0,8,293.5
2024-10-14,NB-1002,6.0,0.0,8,293.5
2024-10-21,NB-1002,322.0,0.0,8,293.5
2024-10-28,NB-1002,95.0,280.0,8,293.5
2024-11-04,NB-1002,394.0,0.0,8,293.5
2024-11-11,NB-1002,181.0,0.0,8,293.5
2024-11-18,NB-1002,290.0,359.0,8,293.5
2024-11-25,NB-1002,31.0,0.0,8,293.5
2024-12-02,NB-1002,279.0,279.0,8,293.5
2024-12-09,NB-1002,364.0,0.0,8,293.5
2024-12-16,NB-1002,94.0,397.0,8,293.5
2024-12-23,NB-1002,194.0,0.0,8,293.5
2024-12-30,NB-1002,0.0,288.0,8,293.5
2025-01-06,NB-1002,0.0,0.0,8,293.5
2025-01-13,NB-1002,0.0,0.0,8,293.5
2025-01-20,NB-1002,586.0,0.0,8,293.5
2025-01-27,NB-1002,332.0,0.0,8,293.5
2025-02-03,NB-1002,34.0,0.0,8,293.5
2025-02-10,NB-1002,311.0,311.0,8,293.5
2025-02-17,NB-1002,418.0,0.0,8,293.5
2025-02-24,NB-1002,49.0,0.0,8,293.5
2025-03-03,NB-1002,391.0,0.0,8,293.5
2025-03-10,NB-1002,17.0,0.0,8,293.5
2025-03-17,NB-1002,0.0,0.0,8,293.5
2025-03-24,NB-1002,253.0,0.0,8,293.5
2025-03-31,NB-1002,0.0,315.0,8,293.5
2025-04-07,NB-1002,0.0,0.0,8,293.5
2025-04-14,NB-1002,0.0,0.0,8,293.5
2025-04-21,NB-1002,0.0,0.0,8,293.5
2025-04-28,NB-1002,0.0,0.0,8,293.5
2025-05-05,NB-1002,0.0,0.0,8,293.5
2025-05-12,NB-1002,0.0,0.0,8,293.5
2025-05-19,NB-1002,0.0,0.0,8,293.5
2025-05-26,NB-1002,279.0,0.0,8,293.5
2025-06-02,NB-1002,402.0,0.0,8,293.5
2025-06-09,NB-1002,96.0,0.0,8,293.5
2025-06-16,NB-1002,262.0,0.0,8,293.5
2025-06-23,NB-1002,12.0,0.0,8,293.5
2025-06-30,NB-1002,0.0,0.0,8,293.5
2025-07-07,NB-1002,253.0,451.0,8,293.5
2025-07-14,NB-1002,455.0,0.0,8,293.5
2025-07-21,NB-1002,161.0,0.0,8,293.5
2025-07-28,NB-1002,0.0,0.0,8,293.5
2025-08-04,NB-1002,0.0,0.0,8,293.5
2025-08-11,NB-1002,0.0,295.0,8,293.5
2025-08-18,NB-1002,0.0,0.0,8,293.5
2025-08-25,NB-1002,0.0,0.0,8,293.5
2025-09-01,NB-1002,319.0,319.0,8,293.5
2025-09-08,NB-1002,44.0,289.0,8,293.5
2025-09-15,NB-1002,405.0,0.0,8,293.5
2025-09-22,NB-1002,241.0,0.0,8,293.5
2025-09-29,NB-1002,28.0,0.0,8,293.5
2025-10-06,NB-1002,0.0,315.0,8,293.5
2025-10-13,NB-1002,471.0,0.0,8,293.5
2025-10-20,NB-1002,511.0,299.0,8,293.5
2025-10-27,NB-1002,265.0,0.0,8,293.5
2025-11-03,NB-1002,376.0,0.0,8,293.5
2025-11-10,NB-1002,397.0,0.0,8,293.5
2025-11-17,NB-1002,97.0,282.0,8,293.5
2025-11-24,NB-1002,0.0,0.0,8,293.5
2025-12-01,NB-1002,0.0,289.0,8,293.5
2025-12-08,NB-1002,0.0,0.0,8,293.5
2025-12-15,NB-1002,0.0,0.0,8,293.5
2025-12-22,NB-1002,362.0,362.0,8,293.5
2025-12-29,NB-1002,133.0,0.0,8,293.5
2024-01-01,NB-1003,161.0,0.0,14,237.3
2024-01-08,NB-1003,266.0,0.0,14,237.3
2024-01-15,NB-1003,129.0,285.0,14,237.3
2024-01-22,NB-1003,238.0,0.0,14,237.3
2024-01-29,NB-1003,114.0,0.0,14,237.3
2024-02-05,NB-1003,337.0,0.0,14,237.3
2024-02-12,NB-1003,235.0,0.0,14,237.3
2024-02-19,NB-1003,430.0,0.0,14,237.3
2024-02-26,NB-1003,329.0,0.0,14,237.3
2024-03-04,NB-1003,247.0,0.0,14,237.3
2024-03-11,NB-1003,153.0,0.0,14,237.3
2024-03-18,NB-1003,64.0,0.0,14,237.3
2024-03-25,NB-1003,262.0,0.0,14,237.3
2024-04-01,NB-1003,184.0,0.0,14,237.3
2024-04-08,NB-1003,399.0,0.0,14,237.3
2024-04-15,NB-1003,335.0,0.0,14,237.3
2024-04-22,NB-1003,262.0,0.0,14,237.3
2024-04-29,NB-1003,450.0,0.0,14,237.3
2024-05-06,NB-1003,380.0,0.0,14,237.3
2024-05-13,NB-1003,323.0,0.0,14,237.3
2024-05-20,NB-1003,272.0,0.0,14,237.3
2024-05-27,NB-1003,198.0,0.0,14,237.3
2024-06-03,NB-1003,146.0,0.0,14,237.3
2024-06-10,NB-1003,318.0,0.0,14,237.3
2024-06-17,NB-1003,242.0,0.0,14,237.3
2024-06-24,NB-1003,189.0,0.0,14,237.3
2024-07-01,NB-1003,447.0,0.0,14,237.3
2024-07-08,NB-1003,401.0,0.0,14,237.3
2024-07-15,NB-1003,348.0,0.0,14,237.3
2024-07-22,NB-1003,298.0,0.0,14,237.3
2024-07-29,NB-1003,245.0,0.0,14,237.3
2024-08-05,NB-1003,504.0,0.0,14,237.3
2024-08-12,NB-1003,444.0,0.0,14,237.3
2024-08-19,NB-1003,369.0,0.0,14,237.3
2024-08-26,NB-1003,307.0,0.0,14,237.3
2024-09-02,NB-1003,569.0,0.0,14,237.3
2024-09-09,NB-1003,482.0,0.0,14,237.3
2024-09-16,NB-1003,400.0,0.0,14,237.3
2024-09-23,NB-1003,306.0,0.0,14,237.3
2024-09-30,NB-1003,213.0,0.0,14,237.3
2024-10-07,NB-1003,89.0,315.0,14,237.3
2024-10-14,NB-1003,341.0,0.0,14,237.3
2024-10-21,NB-1003,199.0,0.0,14,237.3
2024-10-28,NB-1003,296.0,0.0,14,237.3
2024-11-04,NB-1003,509.0,0.0,14,237.3
2024-11-11,NB-1003,386.0,0.0,14,237.3
2024-11-18,NB-1003,252.0,0.0,14,237.3
2024-11-25,NB-1003,404.0,0.0,14,237.3
2024-12-02,NB-1003,261.0,0.0,14,237.3
2024-12-09,NB-1003,117.0,0.0,14,237.3
2024-12-16,NB-1003,0.0,0.0,14,237.3
2024-12-23,NB-1003,0.0,0.0,14,237.3
2024-12-30,NB-1003,0.0,0.0,14,237.3
2025-01-06,NB-1003,0.0,0.0,14,237.3
2025-01-13,NB-1003,0.0,0.0,14,237.3
2025-01-20,NB-1003,0.0,0.0,14,237.3
2025-01-27,NB-1003,0.0,0.0,14,237.3
2025-02-03,NB-1003,421.0,278.0,14,237.3
2025-02-10,NB-1003,274.0,0.0,14,237.3
2025-02-17,NB-1003,139.0,0.0,14,237.3
2025-02-24,NB-1003,0.0,0.0,14,237.3
2025-03-03,NB-1003,0.0,0.0,14,237.3
2025-03-10,NB-1003,0.0,0.0,14,237.3
2025-03-17,NB-1003,220.0,337.0,14,237.3
2025-03-24,NB-1003,128.0,0.0,14,237.3
2025-03-31,NB-1003,11.0,0.0,14,237.3
2025-04-07,NB-1003,0.0,0.0,14,237.3
2025-04-14,NB-1003,0.0,0.0,14,237.3
2025-04-21,NB-1003,0.0,0.0,14,237.3
2025-04-28,NB-1003,0.0,0.0,14,237.3
2025-05-05,NB-1003,227.0,0.0,14,237.3
2025-05-12,NB-1003,137.0,251.0,14,237.3
2025-05-19,NB-1003,61.0,0.0,14,237.3
2025-05-26,NB-1003,0.0,0.0,14,237.3
2025-06-02,NB-1003,0.0,0.0,14,237.3
2025-06-09,NB-1003,288.0,0.0,14,237.3
2025-06-16,NB-1003,228.0,310.0,14,237.3
2025-06-23,NB-1003,509.0,0.0,14,237.3
2025-06-30,NB-1003,457.0,0.0,14,237.3
2025-07-07,NB-1003,401.0,0.0,14,237.3
2025-07-14,NB-1003,355.0,0.0,14,237.3
2025-07-21,NB-1003,267.0,0.0,14,237.3
2025-07-28,NB-1003,521.0,0.0,14,237.3
2025-08-04,NB-1003,437.0,0.0,14,237.3
2025-08-11,NB-1003,365.0,0.0,14,237.3
2025-08-18,NB-1003,261.0,0.0,14,237.3
2025-08-25,NB-1003,415.0,261.0,14,237.3
2025-09-01,NB-1003,316.0,0.0,14,237.3
2025-09-08,NB-1003,193.0,0.0,14,237.3
2025-09-15,NB-1003,436.0,0.0,14,237.3
2025-09-22,NB-1003,323.0,0.0,14,237.3
2025-09-29,NB-1003,472.0,259.0,14,237.3
2025-10-06,NB-1003,340.0,0.0,14,237.3
2025-10-13,NB-1003,205.0,0.0,14,237.3
2025-10-20,NB-1003,10.0,0.0,14,237.3
2025-10-27,NB-1003,200.0,0.0,14,237.3
2025-11-03,NB-1003,416.0,0.0,14,237.3
2025-11-10,NB-1003,276.0,0.0,14,237.3
2025-11-17,NB-1003,43.0,0.0,14,237.3
2025-11-24,NB-1003,84.0,0.0,14,237.3
2025-12-01,NB-1003,256.0,0.0,14,237.3
2025-12-08,NB-1003,73.0,0.0,14,237.3
2025-12-15,NB-1003,236.0,0.0,14,237.3
2025-12-22,NB-1003,329.0,0.0,14,237.3
2025-12-29,NB-1003,177.0,0.0,14,237.3
2024-01-01,NB-1004,185.0,0.0,19,585.7
2024-01-08,NB-1004,624.0,0.0,19,585.7
2024-01-15,NB-1004,513.0,0.0,19,585.7
2024-01-22,NB-1004,369.0,0.0,19,585.7
2024-01-29,NB-1004,233.0,0.0,19,585.7
2024-02-05,NB-1004,91.0,0.0,19,585.7
2024-02-12,NB-1004,0.0,0.0,19,585.7
2024-02-19,NB-1004,0.0,0.0,19,585.7
2024-02-26,NB-1004,0.0,0.0,19,585.7
2024-03-04,NB-1004,691.0,0.0,19,585.7
2024-03-11,NB-1004,586.0,0.0,19,585.7
2024-03-18,NB-1004,483.0,822.0,19,585.7
2024-03-25,NB-1004,1123.0,0.0,19,585.7
2024-04-01,NB-1004,1003.0,0.0,19,585.7
2024-04-08,NB-1004,821.0,0.0,19,585.7
2024-04-15,NB-1004,722.0,0.0,19,585.7
2024-04-22,NB-1004,626.0,0.0,19,585.7
2024-04-29,NB-1004,490.0,0.0,19,585.7
2024-05-06,NB-1004,381.0,874.0,19,585.7
2024-05-13,NB-1004,274.0,0.0,19,585.7
2024-05-20,NB-1004,128.0,0.0,19,585.7
2024-05-27,NB-1004,646.0,0.0,19,585.7
2024-06-03,NB-1004,499.0,0.0,19,585.7
2024-06-10,NB-1004,907.0,0.0,19,585.7
2024-06-17,NB-1004,727.0,0.0,19,585.7
2024-06-24,NB-1004,526.0,0.0,19,585.7
2024-07-01,NB-1004,400.0,792.0,19,585.7
2024-07-08,NB-1004,219.0,0.0,19,585.7
2024-07-15,NB-1004,125.0,888.0,19,585.7
2024-07-22,NB-1004,820.0,0.0,19,585.7
2024-07-29,NB-1004,586.0,0.0,19,585.7
2024-08-05,NB-1004,377.0,852.0,19,585.7
2024-08-12,NB-1004,131.0,0.0,19,585.7
2024-08-19,NB-1004,596.0,0.0,19,585.7
2024-08-26,NB-1004,363.0,0.0,19,585.7
2024-09-02,NB-1004,133.0,0.0,19,585.7
2024-09-09,NB-1004,0.0,0.0,19,585.7
2024-09-16,NB-1004,0.0,0.0,19,585.7
2024-09-23,NB-1004,0.0,660.0,19,585.7
2024-09-30,NB-1004,712.0,0.0,19,585.7
2024-10-07,NB-1004,449.0,0.0,19,585.7
2024-10-14,NB-1004,212.0,0.0,19,585.7
2024-10-21,NB-1004,4.0,671.0,19,585.7
2024-10-28,NB-1004,0.0,799.0,19,585.7
2024-11-04,NB-1004,987.0,0.0,19,585.7
2024-11-11,NB-1004,785.0,0.0,19,585.7
2024-11-18,NB-1004,531.0,0.0,19,585.7
2024-11-25,NB-1004,321.0,0.0,19,585.7
2024-12-02,NB-1004,127.0,0.0,19,585.7
2024-12-09,NB-1004,0.0,0.0,19,585.7
2024-12-16,NB-1004,688.0,0.0,19,585.7
2024-12-23,NB-1004,1264.0,0.0,19,585.7
2024-12-30,NB-1004,1123.0,0.0,19,585.7
2025-01-06,NB-1004,960.0,0.0,19,585.7
2025-01-13,NB-1004,841.0,0.0,19,585.7
2025-01-20,NB-1004,686.0,0.0,19,585.7
2025-01-27,NB-1004,530.0,0.0,19,585.7
2025-02-03,NB-1004,376.0,640.0,19,585.7
2025-02-10,NB-1004,217.0,0.0,19,585.7
2025-02-17,NB-1004,72.0,0.0,19,585.7
2025-02-24,NB-1004,0.0,0.0,19,585.7
2025-03-03,NB-1004,0.0,0.0,19,585.7
2025-03-10,NB-1004,0.0,0.0,19,585.7
2025-03-17,NB-1004,665.0,0.0,19,585.7
2025-03-24,NB-1004,593.0,0.0,19,585.7
2025-03-31,NB-1004,433.0,0.0,19,585.7
2025-04-07,NB-1004,324.0,0.0,19,585.7
2025-04-14,NB-1004,891.0,0.0,19,585.7
2025-04-21,NB-1004,777.0,0.0,19,585.7
2025-04-28,NB-1004,673.0,0.0,19,585.7
2025-05-05,NB-1004,537.0,0.0,19,585.7
2025-05-12,NB-1004,392.0,0.0,19,585.7
2025-05-19,NB-1004,199.0,0.0,19,585.7
2025-05-26,NB-1004,925.0,0.0,19,585.7
2025-06-02,NB-1004,727.0,0.0,19,585.7
2025-06-09,NB-1004,589.0,0.0,19,585.7
2025-06-16,NB-1004,1038.0,0.0,19,585.7
2025-06-23,NB-1004,924.0,0.0,19,585.7
2025-06-30,NB-1004,758.0,0.0,19,585.7
2025-07-07,NB-1004,586.0,0.0,19,585.7
2025-07-14,NB-1004,1023.0,605.0,19,585.7
2025-07-21,NB-1004,797.0,0.0,19,585.7
2025-07-28,NB-1004,586.0,0.0,19,585.7
2025-08-04,NB-1004,963.0,0.0,19,585.7
2025-08-11,NB-1004,795.0,0.0,19,585.7
2025-08-18,NB-1004,556.0,581.0,19,585.7
2025-08-25,NB-1004,1058.0,731.0,19,585.7
2025-09-01,NB-1004,764.0,0.0,19,585.7
2025-09-08,NB-1004,456.0,0.0,19,585.7
2025-09-15,NB-1004,275.0,0.0,19,585.7
2025-09-22,NB-1004,50.0,0.0,19,585.7
2025-09-29,NB-1004,0.0,0.0,19,585.7
2025-10-06,NB-1004,0.0,0.0,19,585.7
2025-10-13,NB-1004,0.0,0.0,19,585.7
2025-10-20,NB-1004,0.0,0.0,19,585.7
2025-10-27,NB-1004,0.0,0.0,19,585.7
2025-11-03,NB-1004,0.0,0.0,19,585.7
2025-11-10,NB-1004,400.0,0.0,19,585.7
2025-11-17,NB-1004,832.0,0.0,19,585.7
2025-11-24,NB-1004,519.0,0.0,19,585.7
2025-12-01,NB-1004,311.0,785.0,19,585.7
2025-12-08,NB-1004,760.0,0.0,19,585.7
2025-12-15,NB-1004,608.0,0.0,19,585.7
2025-12-22,NB-1004,412.0,0.0,19,585.7
2025-12-29,NB-1004,826.0,0.0,19,585.7
2024-01-01,NB-1005,107.0,0.0,11,337.0
2024-01-08,NB-1005,0.0,0.0,11,337.0
2024-01-15,NB-1005,0.0,0.0,11,337.0
2024-01-22,NB-1005,0.0,0.0,11,337.0
2024-01-29,NB-1005,437.0,0.0,11,337.0
2024-02-05,NB-1005,215.0,0.0,11,337.0
2024-02-12,NB-1005,492.0,0.0,11,337.0
2024-02-19,NB-1005,283.0,0.0,11,337.0
2024-02-26,NB-1005,584.0,0.0,11,337.0
2024-03-04,NB-1005,323.0,0.0,11,337.0
2024-03-11,NB-1005,114.0,0.0,11,337.0
2024-03-18,NB-1005,0.0,0.0,11,337.0
2024-03-25,NB-1005,0.0,0.0,11,337.0
2024-04-01,NB-1005,0.0,0.0,11,337.0
2024-04-08,NB-1005,0.0,0.0,11,337.0
2024-04-15,NB-1005,486.0,486.0,11,337.0
2024-04-22,NB-1005,329.0,0.0,11,337.0
2024-04-29,NB-1005,470.0,0.0,11,337.0
2024-05-06,NB-1005,681.0,0.0,11,337.0
2024-05-13,NB-1005,458.0,0.0,11,337.0
2024-05-20,NB-1005,753.0,0.0,11,337.0
2024-05-27,NB-1005,589.0,0.0,11,337.0
2024-06-03,NB-1005,399.0,0.0,11,337.0
2024-06-10,NB-1005,241.0,381.0,11,337.0
2024-06-17,NB-1005,532.0,0.0,11,337.0
2024-06-24,NB-1005,365.0,0.0,11,337.0
2024-07-01,NB-1005,240.0,0.0,11,337.0
2024-07-08,NB-1005,93.0,0.0,11,337.0
2024-07-15,NB-1005,0.0,0.0,11,337.0
2024-07-22,NB-1005,335.0,0.0,11,337.0
2024-07-29,NB-1005,720.0,0.0,11,337.0
2024-08-05,NB-1005,575.0,0.0,11,337.0
2024-08-12,NB-1005,470.0,0.0,11,337.0
2024-08-19,NB-1005,379.0,0.0,11,337.0
2024-08-26,NB-1005,296.0,0.0,11,337.0
2024-09-02,NB-1005,201.0,479.0,11,337.0
2024-09-09,NB-1005,605.0,0.0,11,337.0
2024-09-16,NB-1005,502.0,0.0,11,337.0
2024-09-23,NB-1005,400.0,0.0,11,337.0
2024-09-30,NB-1005,297.0,0.0,11,337.0
2024-10-07,NB-1005,184.0,518.0,11,337.0
2024-10-14,NB-1005,471.0,414.0,11,337.0
2024-10-21,NB-1005,380.0,0.0,11,337.0
2024-10-28,NB-1005,288.0,0.0,11,337.0
2024-11-04,NB-1005,181.0,0.0,11,337.0
2024-11-11,NB-1005,38.0,0.0,11,337.0
2024-11-18,NB-1005,444.0,0.0,11,337.0
2024-11-25,NB-1005,314.0,0.0,11,337.0
2024-12-02,NB-1005,187.0,504.0,11,337.0
2024-12-09,NB-1005,72.0,0.0,11,337.0
2024-12-16,NB-1005,0.0,0.0,11,337.0
2024-12-23,NB-1005,0.0,0.0,11,337.0
2024-12-30,NB-1005,697.0,369.0,11,337.0
2025-01-06,NB-1005,547.0,0.0,11,337.0
2025-01-13,NB-1005,395.0,0.0,11,337.0
2025-01-20,NB-1005,211.0,510.0,11,337.0
2025-01-27,NB-1005,0.0,493.0,11,337.0
2025-02-03,NB-1005,0.0,395.0,11,337.0
2025-02-10,NB-1005,0.0,0.0,11,337.0
2025-02-17,NB-1005,328.0,0.0,11,337.0
2025-02-24,NB-1005,131.0,428.0,11,337.0
2025-03-03,NB-1005,0.0,0.0,11,337.0
2025-03-10,NB-1005,0.0,0.0,11,337.0
2025-03-17,NB-1005,0.0,0.0,11,337.0
2025-03-24,NB-1005,0.0,0.0,11,337.0
2025-03-31,NB-1005,248.0,0.0,11,337.0
2025-04-07,NB-1005,48.0,0.0,11,337.0
2025-04-14,NB-1005,0.0,0.0,11,337.0
2025-04-21,NB-1005,0.0,0.0,11,337.0
2025-04-28,NB-1005,0.0,0.0,11,337.0
2025-05-05,NB-1005,235.0,0.0,11,337.0
2025-05-12,NB-1005,498.0,0.0,11,337.0
2025-05-19,NB-1005,655.0,0.0,11,337.0
2025-05-26,NB-1005,499.0,0.0,11,337.0
2025-06-02,NB-1005,356.0,0.0,11,337.0
2025-06-09,NB-1005,198.0,0.0,11,337.0
2025-06-16,NB-1005,78.0,0.0,11,337.0
2025-06-23,NB-1005,0.0,0.0,11,337.0
2025-06-30,NB-1005,0.0,513.0,11,337.0
2025-07-07,NB-1005,0.0,332.0,11,337.0
2025-07-14,NB-1005,394.0,0.0,11,337.0
2025-07-21,NB-1005,257.0,0.0,11,337.0
2025-07-28,NB-1005,619.0,0.0,11,337.0
2025-08-04,NB-1005,537.0,0.0,11,337.0
2025-08-11,NB-1005,456.0,0.0,11,337.0
2025-08-18,NB-1005,360.0,0.0,11,337.0
2025-08-25,NB-1005,283.0,0.0,11,337.0
2025-09-01,NB-1005,184.0,0.0,11,337.0
2025-09-08,NB-1005,80.0,0.0,11,337.0
2025-09-15,NB-1005,491.0,0.0,11,337.0
2025-09-22,NB-1005,399.0,0.0,11,337.0
2025-09-29,NB-1005,310.0,0.0,11,337.0
2025-10-06,NB-1005,211.0,463.0,11,337.0
2025-10-13,NB-1005,107.0,492.0,11,337.0
2025-10-20,NB-1005,0.0,0.0,11,337.0
2025-10-27,NB-1005,0.0,0.0,11,337.0
2025-11-03,NB-1005,0.0,0.0,11,337.0
2025-11-10,NB-1005,467.0,467.0,11,337.0
2025-11-17,NB-1005,309.0,0.0,11,337.0
2025-11-24,NB-1005,663.0,0.0,11,337.0
2025-12-01,NB-1005,554.0,0.0,11,337.0
2025-12-08,NB-1005,426.0,0.0,11,337.0
2025-12-15,NB-1005,292.0,0.0,11,337.0
2025-12-22,NB-1005,533.0,0.0,11,337.0
2025-12-29,NB-1005,368.0,0.0,11,337.0
2024-01-01,NB-1006,213.0,0.0,10,365.2
2024-01-08,NB-1006,462.0,0.0,10,365.2
2024-01-15,NB-1006,735.0,0.0,10,365.2
2024-01-22,NB-1006,522.0,0.0,10,365.2
2024-01-29,NB-1006,276.0,0.0,10,365.2
2024-02-05,NB-1006,55.0,0.0,10,365.2
2024-02-12,NB-1006,254.0,0.0,10,365.2
2024-02-19,NB-1006,23.0,444.0,10,365.2
2024-02-26,NB-1006,0.0,513.0,10,365.2
2024-03-04,NB-1006,511.0,511.0,10,365.2
2024-03-11,NB-1006,278.0,499.0,10,365.2
2024-03-18,NB-1006,461.0,0.0,10,365.2
2024-03-25,NB-1006,602.0,0.0,10,365.2
2024-04-01,NB-1006,415.0,0.0,10,365.2
2024-04-08,NB-1006,571.0,0.0,10,365.2
2024-04-15,NB-1006,392.0,0.0,10,365.2
2024-04-22,NB-1006,176.0,0.0,10,365.2
2024-04-29,NB-1006,0.0,0.0,10,365.2
2024-05-06,NB-1006,545.0,0.0,10,365.2
2024-05-13,NB-1006,320.0,0.0,10,365.2
2024-05-20,NB-1006,576.0,444.0,10,365.2
2024-05-27,NB-1006,387.0,0.0,10,365.2
2024-06-03,NB-1006,179.0,0.0,10,365.2
2024-06-10,NB-1006,385.0,0.0,10,365.2
2024-06-17,NB-1006,668.0,0.0,10,365.2
2024-06-24,NB-1006,462.0,0.0,10,365.2
2024-07-01,NB-1006,312.0,0.0,10,365.2
2024-07-08,NB-1006,611.0,0.0,10,365.2
2024-07-15,NB-1006,422.0,0.0,10,365.2
2024-07-22,NB-1006,258.0,337.0,10,365.2
2024-07-29,NB-1006,85.0,0.0,10,365.2
2024-08-05,NB-1006,0.0,0.0,10,365.2
2024-08-12,NB-1006,444.0,0.0,10,365.2
2024-08-19,NB-1006,814.0,536.0,10,365.2
2024-08-26,NB-1006,629.0,0.0,10,365.2
2024-09-02,NB-1006,449.0,0.0,10,365.2
2024-09-09,NB-1006,303.0,0.0,10,365.2
2024-09-16,NB-1006,119.0,0.0,10,365.2
2024-09-23,NB-1006,0.0,383.0,10,365.2
2024-09-30,NB-1006,345.0,0.0,10,365.2
2024-10-07,NB-1006,588.0,0.0,10,365.2
2024-10-14,NB-1006,433.0,0.0,10,365.2
2024-10-21,NB-1006,661.0,0.0,10,365.2
2024-10-28,NB-1006,497.0,0.0,10,365.2
2024-11-04,NB-1006,345.0,0.0,10,365.2
2024-11-11,NB-1006,188.0,0.0,10,365.2
2024-11-18,NB-1006,561.0,0.0,10,365.2
2024-11-25,NB-1006,406.0,0.0,10,365.2
2024-12-02,NB-1006,716.0,0.0,10,365.2
2024-12-09,NB-1006,565.0,0.0,10,365.2
2024-12-16,NB-1006,407.0,0.0,10,365.2
2024-12-23,NB-1006,243.0,0.0,10,365.2
2024-12-30,NB-1006,77.0,0.0,10,365.2
2025-01-06,NB-1006,0.0,0.0,10,365.2
2025-01-13,NB-1006,372.0,0.0,10,365.2
2025-01-20,NB-1006,214.0,0.0,10,365.2
2025-01-27,NB-1006,535.0,0.0,10,365.2
2025-02-03,NB-1006,353.0,0.0,10,365.2
2025-02-10,NB-1006,184.0,0.0,10,365.2
2025-02-17,NB-1006,580.0,0.0,10,365.2
2025-02-24,NB-1006,381.0,0.0,10,365.2
2025-03-03,NB-1006,119.0,0.0,10,365.2
2025-03-10,NB-1006,0.0,0.0,10,365.2
2025-03-17,NB-1006,712.0,0.0,10,365.2
2025-03-24,NB-1006,484.0,0.0,10,365.2
2025-03-31,NB-1006,217.0,0.0,10,365.2
2025-04-07,NB-1006,539.0,0.0,10,365.2
2025-04-14,NB-1006,386.0,0.0,10,365.2
2025-04-21,NB-1006,233.0,0.0,10,365.2
2025-04-28,NB-1006,64.0,0.0,10,365.2
2025-05-05,NB-1006,0.0,0.0,10,365.2
2025-05-12,NB-1006,576.0,366.0,10,365.2
2025-05-19,NB-1006,342.0,0.0,10,365.2
2025-05-26,NB-1006,509.0,0.0,10,365.2
2025-06-02,NB-1006,334.0,517.0,10,365.2
2025-06-09,NB-1006,156.0,0.0,10,365.2
2025-06-16,NB-1006,0.0,0.0,10,365.2
2025-06-23,NB-1006,0.0,0.0,10,365.2
2025-06-30,NB-1006,0.0,0.0,10,365.2
2025-07-07,NB-1006,403.0,0.0,10,365.2
2025-07-14,NB-1006,694.0,0.0,10,365.2
2025-07-21,NB-1006,499.0,0.0,10,365.2
2025-07-28,NB-1006,812.0,0.0,10,365.2
2025-08-04,NB-1006,687.0,0.0,10,365.2
2025-08-11,NB-1006,557.0,0.0,10,365.2
2025-08-18,NB-1006,406.0,0.0,10,365.2
2025-08-25,NB-1006,285.0,0.0,10,365.2
2025-09-01,NB-1006,152.0,0.0,10,365.2
2025-09-08,NB-1006,328.0,391.0,10,365.2
2025-09-15,NB-1006,760.0,0.0,10,365.2
2025-09-22,NB-1006,620.0,0.0,10,365.2
2025-09-29,NB-1006,502.0,0.0,10,365.2
2025-10-06,NB-1006,362.0,0.0,10,365.2
2025-10-13,NB-1006,217.0,0.0,10,365.2
2025-10-20,NB-1006,491.0,0.0,10,365.2
2025-10-27,NB-1006,333.0,526.0,10,365.2
2025-11-03,NB-1006,755.0,557.0,10,365.2
2025-11-10,NB-1006,607.0,0.0,10,365.2
2025-11-17,NB-1006,469.0,0.0,10,365.2
2025-11-24,NB-1006,680.0,0.0,10,365.2
2025-12-01,NB-1006,537.0,0.0,10,365.2
2025-12-08,NB-1006,402.0,0.0,10,365.2
2025-12-15,NB-1006,268.0,0.0,10,365.2
2025-12-22,NB-1006,116.0,518.0,10,365.2
2025-12-29,NB-1006,456.0,0.0,10,365.2
2024-01-01,NB-1007,189.0,570.0,15,535.5
2024-01-08,NB-1007,740.0,0.0,15,535.5
2024-01-15,NB-1007,496.0,0.0,15,535.5
2024-01-22,NB-1007,826.0,0.0,15,535.5
2024-01-29,NB-1007,571.0,0.0,15,535.5
2024-02-05,NB-1007,331.0,0.0,15,535.5
2024-02-12,NB-1007,77.0,804.0,15,535.5
2024-02-19,NB-1007,0.0,0.0,15,535.5
2024-02-26,NB-1007,540.0,0.0,15,535.5
2024-03-04,NB-1007,980.0,0.0,15,535.5
2024-03-11,NB-1007,807.0,0.0,15,535.5
2024-03-18,NB-1007,588.0,0.0,15,535.5
2024-03-25,NB-1007,402.0,0.0,15,535.5
2024-04-01,NB-1007,881.0,0.0,15,535.5
2024-04-08,NB-1007,736.0,0.0,15,535.5
2024-04-15,NB-1007,554.0,0.0,15,535.5
2024-04-22,NB-1007,347.0,0.0,15,535.5
2024-04-29,NB-1007,146.0,0.0,15,535.5
2024-05-06,NB-1007,0.0,0.0,15,535.5
2024-05-13,NB-1007,0.0,0.0,15,535.5
2024-05-20,NB-1007,0.0,809.0,15,535.5
2024-05-27,NB-1007,0.0,0.0,15,535.5
2024-06-03,NB-1007,0.0,804.0,15,535.5
2024-06-10,NB-1007,0.0,0.0,15,535.5
2024-06-17,NB-1007,0.0,658.0,15,535.5
2024-06-24,NB-1007,0.0,0.0,15,535.5
2024-07-01,NB-1007,0.0,813.0,15,535.5
2024-07-08,NB-1007,0.0,774.0,15,535.5
2024-07-15,NB-1007,0.0,0.0,15,535.5
2024-07-22,NB-1007,0.0,0.0,15,535.5
2024-07-29,NB-1007,0.0,0.0,15,535.5
2024-08-05,NB-1007,0.0,0.0,15,535.5
2024-08-12,NB-1007,474.0,0.0,15,535.5
2024-08-19,NB-1007,300.0,0.0,15,535.5
2024-08-26,NB-1007,75.0,0.0,15,535.5
2024-09-02,NB-1007,0.0,0.0,15,535.5
2024-09-09,NB-1007,0.0,0.0,15,535.5
2024-09-16,NB-1007,0.0,0.0,15,535.5
2024-09-23,NB-1007,0.0,645.0,15,535.5
2024-09-30,NB-1007,0.0,0.0,15,535.5
2024-10-07,NB-1007,0.0,0.0,15,535.5
2024-10-14,NB-1007,485.0,508.0,15,535.5
2024-10-21,NB-1007,201.0,0.0,15,535.5
2024-10-28,NB-1007,0.0,0.0,15,535.5
2024-11-04,NB-1007,520.0,0.0,15,535.5
2024-11-11,NB-1007,173.0,728.0,15,535.5
2024-11-18,NB-1007,1209.0,0.0,15,535.5
2024-11-25,NB-1007,911.0,0.0,15,535.5
2024-12-02,NB-1007,576.0,0.0,15,535.5
2024-12-09,NB-1007,243.0,0.0,15,535.5
2024-12-16,NB-1007,0.0,0.0,15,535.5
2024-12-23,NB-1007,0.0,551.0,15,535.5
2024-12-30,NB-1007,653.0,0.0,15,535.5
2025-01-06,NB-1007,333.0,0.0,15,535.5
2025-01-13,NB-1007,0.0,0.0,15,535.5
2025-01-20,NB-1007,0.0,0.0,15,535.5
2025-01-27,NB-1007,0.0,0.0,15,535.5
2025-02-03,NB-1007,438.0,0.0,15,535.5
2025-02-10,NB-1007,122.0,0.0,15,535.5
2025-02-17,NB-1007,0.0,755.0,15,535.5
2025-02-24,NB-1007,530.0,717.0,15,535.5
2025-03-03,NB-1007,897.0,0.0,15,535.5
2025-03-10,NB-1007,637.0,0.0,15,535.5
2025-03-17,NB-1007,371.0,0.0,15,535.5
2025-03-24,NB-1007,660.0,0.0,15,535.5
2025-03-31,NB-1007,982.0,0.0,15,535.5
2025-04-07,NB-1007,665.0,0.0,15,535.5
2025-04-14,NB-1007,454.0,676.0,15,535.5
2025-04-21,NB-1007,891.0,0.0,15,535.5
2025-04-28,NB-1007,666.0,0.0,15,535.5
2025-05-05,NB-1007,448.0,0.0,15,535.5
2025-05-12,NB-1007,182.0,0.0,15,535.5
2025-05-19,NB-1007,0.0,696.0,15,535.5
2025-05-26,NB-1007,0.0,0.0,15,535.5
2025-06-02,NB-1007,521.0,565.0,15,535.5
2025-06-09,NB-1007,348.0,649.0,15,535.5
2025-06-16,NB-1007,159.0,0.0,15,535.5
2025-06-23,NB-1007,0.0,0.0,15,535.5
2025-06-30,NB-1007,390.0,0.0,15,535.5
2025-07-07,NB-1007,193.0,0.0,15,535.5
2025-07-14,NB-1007,0.0,725.0,15,535.5
2025-07-21,NB-1007,354.0,0.0,15,535.5
2025-07-28,NB-1007,85.0,633.0,15,535.5
2025-08-04,NB-1007,0.0,752.0,15,535.5
2025-08-11,NB-1007,0.0,0.0,15,535.5
2025-08-18,NB-1007,347.0,0.0,15,535.5
2025-08-25,NB-1007,815.0,0.0,15,535.5
2025-09-01,NB-1007,504.0,0.0,15,535.5
2025-09-08,NB-1007,167.0,0.0,15,535.5
2025-09-15,NB-1007,533.0,533.0,15,535.5
2025-09-22,NB-1007,1017.0,0.0,15,535.5
2025-09-29,NB-1007,695.0,0.0,15,535.5
2025-10-06,NB-1007,418.0,0.0,15,535.5
2025-10-13,NB-1007,655.0,0.0,15,535.5
2025-10-20,NB-1007,141.0,0.0,15,535.5
2025-10-27,NB-1007,0.0,0.0,15,535.5
2025-11-03,NB-1007,0.0,0.0,15,535.5
2025-11-10,NB-1007,0.0,0.0,15,535.5
2025-11-17,NB-1007,570.0,0.0,15,535.5
2025-11-24,NB-1007,0.0,0.0,15,535.5
2025-12-01,NB-1007,625.0,0.0,15,535.5
2025-12-08,NB-1007,998.0,0.0,15,535.5
2025-12-15,NB-1007,558.0,0.0,15,535.5
2025-12-22,NB-1007,603.0,495.0,15,535.5
2025-12-29,NB-1007,198.0,0.0,15,535.5
2024-01-01,NB-1008,162.0,0.0,7,331.9
2024-01-08,NB-1008,395.0,395.0,7,331.9
2024-01-15,NB-1008,172.0,0.0,7,331.9
2024-01-22,NB-1008,0.0,436.0,7,331.9
2024-01-29,NB-1008,0.0,0.0,7,331.9
2024-02-05,NB-1008,0.0,455.0,7,331.9
2024-02-12,NB-1008,0.0,0.0,7,331.9
2024-02-19,NB-1008,0.0,0.0,7,331.9
2024-02-26,NB-1008,0.0,0.0,7,331.9
2024-03-04,NB-1008,0.0,374.0,7,331.9
2024-03-11,NB-1008,114.0,0.0,7,331.9
2024-03-18,NB-1008,177.0,0.0,7,331.9
2024-03-25,NB-1008,0.0,476.0,7,331.9
2024-04-01,NB-1008,0.0,0.0,7,331.9
2024-04-08,NB-1008,0.0,0.0,7,331.9
2024-04-15,NB-1008,267.0,0.0,7,331.9
2024-04-22,NB-1008,496.0,495.0,7,331.9
2024-04-29,NB-1008,192.0,0.0,7,331.9
2024-05-06,NB-1008,0.0,0.0,7,331.9
2024-05-13,NB-1008,0.0,403.0,7,331.9
2024-05-20,NB-1008,0.0,0.0,7,331.9
2024-05-27,NB-1008,0.0,0.0,7,331.9
2024-06-03,NB-1008,0.0,0.0,7,331.9
2024-06-10,NB-1008,0.0,0.0,7,331.9
2024-06-17,NB-1008,376.0,0.0,7,331.9
2024-06-24,NB-1008,86.0,0.0,7,331.9
2024-07-01,NB-1008,0.0,0.0,7,331.9
2024-07-08,NB-1008,0.0,0.0,7,331.9
2024-07-15,NB-1008,767.0,464.0,7,331.9
2024-07-22,NB-1008,511.0,0.0,7,331.9
2024-07-29,NB-1008,232.0,0.0,7,331.9
2024-08-05,NB-1008,0.0,0.0,7,331.9
2024-08-12,NB-1008,0.0,0.0,7,331.9
2024-08-19,NB-1008,0.0,0.0,7,331.9
2024-08-26,NB-1008,0.0,0.0,7,331.9
2024-09-02,NB-1008,0.0,321.0,7,331.9
2024-09-09,NB-1008,0.0,0.0,7,331.9
2024-09-16,NB-1008,0.0,0.0,7,331.9
2024-09-23,NB-1008,0.0,0.0,7,331.9
2024-09-30,NB-1008,0.0,319.0,7,331.9
2024-10-07,NB-1008,329.0,0.0,7,331.9
2024-10-14,NB-1008,551.0,0.0,7,331.9
2024-10-21,NB-1008,366.0,0.0,7,331.9
2024-10-28,NB-1008,535.0,0.0,7,331.9
2024-11-04,NB-1008,346.0,0.0,7,331.9
2024-11-11,NB-1008,166.0,0.0,7,331.9
2024-11-18,NB-1008,0.0,0.0,7,331.9
2024-11-25,NB-1008,292.0,473.0,7,331.9
2024-12-02,NB-1008,134.0,0.0,7,331.9
2024-12-09,NB-1008,417.0,0.0,7,331.9
2024-12-16,NB-1008,248.0,324.0,7,331.9
2024-12-23,NB-1008,85.0,0.0,7,331.9
2024-12-30,NB-1008,0.0,376.0,7,331.9
2025-01-06,NB-1008,0.0,0.0,7,331.9
2025-01-13,NB-1008,0.0,306.0,7,331.9
2025-01-20,NB-1008,0.0,0.0,7,331.9
2025-01-27,NB-1008,0.0,0.0,7,331.9
2025-02-03,NB-1008,0.0,0.0,7,331.9
2025-02-10,NB-1008,0.0,0.0,7,331.9
2025-02-17,NB-1008,0.0,0.0,7,331.9
2025-02-24,NB-1008,329.0,0.0,7,331.9
2025-03-03,NB-1008,355.0,0.0,7,331.9
2025-03-10,NB-1008,176.0,0.0,7,331.9
2025-03-17,NB-1008,0.0,0.0,7,331.9
2025-03-24,NB-1008,0.0,0.0,7,331.9
2025-03-31,NB-1008,0.0,0.0,7,331.9
2025-04-07,NB-1008,0.0,0.0,7,331.9
2025-04-14,NB-1008,0.0,347.0,7,331.9
2025-04-21,NB-1008,275.0,494.0,7,331.9
2025-04-28,NB-1008,340.0,0.0,7,331.9
2025-05-05,NB-1008,114.0,411.0,7,331.9
2025-05-12,NB-1008,0.0,0.0,7,331.9
2025-05-19,NB-1008,401.0,401.0,7,331.9
2025-05-26,NB-1008,602.0,422.0,7,331.9
2025-06-02,NB-1008,402.0,0.0,7,331.9
2025-06-09,NB-1008,192.0,0.0,7,331.9
2025-06-16,NB-1008,375.0,0.0,7,331.9
2025-06-23,NB-1008,605.0,0.0,7,331.9
2025-06-30,NB-1008,423.0,0.0,7,331.9
2025-07-07,NB-1008,206.0,456.0,7,331.9
2025-07-14,NB-1008,335.0,0.0,7,331.9
2025-07-21,NB-1008,452.0,0.0,7,331.9
2025-07-28,NB-1008,262.0,0.0,7,331.9
2025-08-04,NB-1008,547.0,0.0,7,331.9
2025-08-11,NB-1008,369.0,0.0,7,331.9
2025-08-18,NB-1008,582.0,0.0,7,331.9
2025-08-25,NB-1008,402.0,0.0,7,331.9
2025-09-01,NB-1008,656.0,0.0,7,331.9
2025-09-08,NB-1008,457.0,0.0,7,331.9
2025-09-15,NB-1008,295.0,0.0,7,331.9
2025-09-22,NB-1008,550.0,0.0,7,331.9
2025-09-29,NB-1008,394.0,0.0,7,331.9
2025-10-06,NB-1008,261.0,0.0,7,331.9
2025-10-13,NB-1008,105.0,0.0,7,331.9
2025-10-20,NB-1008,0.0,0.0,7,331.9
2025-10-27,NB-1008,0.0,0.0,7,331.9
2025-11-03,NB-1008,0.0,0.0,7,331.9
2025-11-10,NB-1008,0.0,0.0,7,331.9
2025-11-17,NB-1008,0.0,0.0,7,331.9
2025-11-24,NB-1008,459.0,0.0,7,331.9
2025-12-01,NB-1008,307.0,0.0,7,331.9
2025-12-08,NB-1008,182.0,0.0,7,331.9
2025-12-15,NB-1008,373.0,0.0,7,331.9
2025-12-22,NB-1008,603.0,0.0,7,331.9
2025-12-29,NB-1008,412.0,0.0,7,331.9
2024-01-01,NB-1009,178.0,0.0,12,206.8
2024-01-08,NB-1009,143.0,0.0,12,206.8
2024-01-15,NB-1009,388.0,0.0,12,206.8
2024-01-22,NB-1009,341.0,0.0,12,206.8
2024-01-29,NB-1009,284.0,0.0,12,206.8
2024-02-05,NB-1009,227.0,0.0,12,206.8
2024-02-12,NB-1009,163.0,0.0,12,206.8
2024-02-19,NB-1009,82.0,0.0,12,206.8
2024-02-26,NB-1009,245.0,0.0,12,206.8
2024-03-04,NB-1009,182.0,194.0,12,206.8
2024-03-11,NB-1009,108.0,253.0,12,206.8
2024-03-18,NB-1009,28.0,0.0,12,206.8
2024-03-25,NB-1009,0.0,0.0,12,206.8
2024-04-01,NB-1009,245.0,0.0,12,206.8
2024-04-08,NB-1009,470.0,0.0,12,206.8
2024-04-15,NB-1009,384.0,0.0,12,206.8
2024-04-22,NB-1009,280.0,0.0,12,206.8
2024-04-29,NB-1009,360.0,221.0,12,206.8
2024-05-06,NB-1009,246.0,0.0,12,206.8
2024-05-13,NB-1009,117.0,313.0,12,206.8
2024-05-20,NB-1009,0.0,0.0,12,206.8
2024-05-27,NB-1009,184.0,0.0,12,206.8
2024-06-03,NB-1009,225.0,191.0,12,206.8
2024-06-10,NB-1009,413.0,0.0,12,206.8
2024-06-17,NB-1009,220.0,0.0,12,206.8
2024-06-24,NB-1009,244.0,0.0,12,206.8
2024-07-01,NB-1009,81.0,0.0,12,206.8
2024-07-08,NB-1009,0.0,211.0,12,206.8
2024-07-15,NB-1009,0.0,0.0,12,206.8
2024-07-22,NB-1009,0.0,0.0,12,206.8
2024-07-29,NB-1009,246.0,0.0,12,206.8
2024-08-05,NB-1009,433.0,313.0,12,206.8
2024-08-12,NB-1009,303.0,0.0,12,206.8
2024-08-19,NB-1009,174.0,0.0,12,206.8
2024-08-26,NB-1009,75.0,0.0,12,206.8
2024-09-02,NB-1009,0.0,0.0,12,206.8
2024-09-09,NB-1009,0.0,0.0,12,206.8
2024-09-16,NB-1009,0.0,0.0,12,206.8
2024-09-23,NB-1009,218.0,0.0,12,206.8
2024-09-30,NB-1009,120.0,294.0,12,206.8
2024-10-07,NB-1009,27.0,0.0,12,206.8
2024-10-14,NB-1009,0.0,248.0,12,206.8
2024-10-21,NB-1009,0.0,0.0,12,206.8
2024-10-28,NB-1009,281.0,281.0,12,206.8
2024-11-04,NB-1009,217.0,0.0,12,206.8
2024-11-11,NB-1009,369.0,0.0,12,206.8
2024-11-18,NB-1009,305.0,0.0,12,206.8
2024-11-25,NB-1009,252.0,0.0,12,206.8
2024-12-02,NB-1009,210.0,0.0,12,206.8
2024-12-09,NB-1009,153.0,0.0,12,206.8
2024-12-16,NB-1009,105.0,0.0,12,206.8
2024-12-23,NB-1009,61.0,0.0,12,206.8
2024-12-30,NB-1009,231.0,0.0,12,206.8
2025-01-06,NB-1009,176.0,0.0,12,206.8
2025-01-13,NB-1009,430.0,0.0,12,206.8
2025-01-20,NB-1009,359.0,0.0,12,206.8
2025-01-27,NB-1009,306.0,0.0,12,206.8
2025-02-03,NB-1009,243.0,0.0,12,206.8
2025-02-10,NB-1009,178.0,0.0,12,206.8
2025-02-17,NB-1009,111.0,245.0,12,206.8
2025-02-24,NB-1009,21.0,0.0,12,206.8
2025-03-03,NB-1009,0.0,265.0,12,206.8
2025-03-10,NB-1009,0.0,0.0,12,206.8
2025-03-17,NB-1009,0.0,0.0,12,206.8
2025-03-24,NB-1009,252.0,0.0,12,206.8
2025-03-31,NB-1009,398.0,0.0,12,206.8
2025-04-07,NB-1009,225.0,0.0,12,206.8
2025-04-14,NB-1009,109.0,198.0,12,206.8
2025-04-21,NB-1009,0.0,0.0,12,206.8
2025-04-28,NB-1009,210.0,210.0,12,206.8
2025-05-05,NB-1009,75.0,0.0,12,206.8
2025-05-12,NB-1009,0.0,0.0,12,206.8
2025-05-19,NB-1009,0.0,226.0,12,206.8
2025-05-26,NB-1009,0.0,0.0,12,206.8
2025-06-02,NB-1009,88.0,0.0,12,206.8
2025-06-09,NB-1009,0.0,0.0,12,206.8
2025-06-16,NB-1009,212.0,212.0,12,206.8
2025-06-23,NB-1009,52.0,0.0,12,206.8
2025-06-30,NB-1009,0.0,0.0,12,206.8
2025-07-07,NB-1009,0.0,258.0,12,206.8
2025-07-14,NB-1009,253.0,0.0,12,206.8
2025-07-21,NB-1009,46.0,0.0,12,206.8
2025-07-28,NB-1009,0.0,0.0,12,206.8
2025-08-04,NB-1009,0.0,0.0,12,206.8
2025-08-11,NB-1009,0.0,0.0,12,206.8
2025-08-18,NB-1009,57.0,272.0,12,206.8
2025-08-25,NB-1009,391.0,240.0,12,206.8
2025-09-01,NB-1009,200.0,0.0,12,206.8
2025-09-08,NB-1009,0.0,279.0,12,206.8
2025-09-15,NB-1009,0.0,267.0,12,206.8
2025-09-22,NB-1009,0.0,193.0,12,206.8
2025-09-29,NB-1009,0.0,309.0,12,206.8
2025-10-06,NB-1009,0.0,0.0,12,206.8
2025-10-13,NB-1009,267.0,267.0,12,206.8
2025-10-20,NB-1009,131.0,194.0,12,206.8
2025-10-27,NB-1009,266.0,0.0,12,206.8
2025-11-03,NB-1009,165.0,264.0,12,206.8
2025-11-10,NB-1009,103.0,0.0,12,206.8
2025-11-17,NB-1009,13.0,0.0,12,206.8
2025-11-24,NB-1009,401.0,0.0,12,206.8
2025-12-01,NB-1009,349.0,0.0,12,206.8
2025-12-08,NB-1009,296.0,0.0,12,206.8
2025-12-15,NB-1009,230.0,0.0,12,206.8
2025-12-22,NB-1009,178.0,0.0,12,206.8
2025-12-29,NB-1009,137.0,0.0,12,206.8
2024-01-01,NB-1010,390.0,0.0,6,41.4
2024-01-08,NB-1010,343.0,0.0,6,41.4
2024-01-15,NB-1010,302.0,0.0,6,41.4
2024-01-22,NB-1010,258.0,0.0,6,41.4
2024-01-29,NB-1010,233.0,0.0,6,41.4
2024-02-05,NB-1010,199.0,0.0,6,41.4
2024-02-12,NB-1010,168.0,0.0,6,41.4
2024-02-19,NB-1010,125.0,0.0,6,41.4
2024-02-26,NB-1010,82.0,0.0,6,41.4
2024-03-04,NB-1010,47.0,0.0,6,41.4
2024-03-11,NB-1010,43.0,0.0,6,41.4
2024-03-18,NB-1010,4.0,0.0,6,41.4
2024-03-25,NB-1010,74.0,0.0,6,41.4
2024-04-01,NB-1010,44.0,0.0,6,41.4
2024-04-08,NB-1010,0.0,0.0,6,41.4
2024-04-15,NB-1010,0.0,0.0,6,41.4
2024-04-22,NB-1010,0.0,41.0,6,41.4
2024-04-29,NB-1010,0.0,0.0,6,41.4
2024-05-06,NB-1010,14.0,0.0,6,41.4
2024-05-13,NB-1010,0.0,0.0,6,41.4
2024-05-20,NB-1010,0.0,45.0,6,41.4
2024-05-27,NB-1010,29.0,0.0,6,41.4
2024-06-03,NB-1010,0.0,0.0,6,41.4
2024-06-10,NB-1010,20.0,0.0,6,41.4
2024-06-17,NB-1010,0.0,0.0,6,41.4
2024-06-24,NB-1010,0.0,57.0,6,41.4
2024-07-01,NB-1010,30.0,0.0,6,41.4
2024-07-08,NB-1010,0.0,0.0,6,41.4
2024-07-15,NB-1010,0.0,0.0,6,41.4
2024-07-22,NB-1010,0.0,0.0,6,41.4
2024-07-29,NB-1010,16.0,57.0,6,41.4
2024-08-05,NB-1010,0.0,0.0,6,41.4
2024-08-12,NB-1010,0.0,0.0,6,41.4
2024-08-19,NB-1010,0.0,0.0,6,41.4
2024-08-26,NB-1010,17.0,0.0,6,41.4
2024-09-02,NB-1010,0.0,0.0,6,41.4
2024-09-09,NB-1010,0.0,56.0,6,41.4
2024-09-16,NB-1010,0.0,60.0,6,41.4
2024-09-23,NB-1010,0.0,0.0,6,41.4
2024-09-30,NB-1010,0.0,0.0,6,41.4
2024-10-07,NB-1010,36.0,62.0,6,41.4
2024-10-14,NB-1010,0.0,0.0,6,41.4
2024-10-21,NB-1010,0.0,0.0,6,41.4
2024-10-28,NB-1010,35.0,0.0,6,41.4
2024-11-04,NB-1010,0.0,0.0,6,41.4
2024-11-11,NB-1010,0.0,0.0,6,41.4
2024-11-18,NB-1010,0.0,0.0,6,41.4
2024-11-25,NB-1010,0.0,0.0,6,41.4
2024-12-02,NB-1010,0.0,48.0,6,41.4
2024-12-09,NB-1010,19.0,0.0,6,41.4
2024-12-16,NB-1010,0.0,0.0,6,41.4
2024-12-23,NB-1010,0.0,0.0,6,41.4
2024-12-30,NB-1010,0.0,0.0,6,41.4
2025-01-06,NB-1010,45.0,45.0,6,41.4
2025-01-13,NB-1010,35.0,0.0,6,41.4
2025-01-20,NB-1010,0.0,0.0,6,41.4
2025-01-27,NB-1010,0.0,39.0,6,41.4
2025-02-03,NB-1010,0.0,0.0,6,41.4
2025-02-10,NB-1010,0.0,0.0,6,41.4
2025-02-17,NB-1010,0.0,0.0,6,41.4
2025-02-24,NB-1010,29.0,0.0,6,41.4
2025-03-03,NB-1010,55.0,0.0,6,41.4
2025-03-10,NB-1010,0.0,0.0,6,41.4
2025-03-17,NB-1010,91.0,52.0,6,41.4
2025-03-24,NB-1010,22.0,0.0,6,41.4
2025-03-31,NB-1010,9.0,0.0,6,41.4
2025-04-07,NB-1010,0.0,0.0,6,41.4
2025-04-14,NB-1010,29.0,0.0,6,41.4
2025-04-21,NB-1010,0.0,0.0,6,41.4
2025-04-28,NB-1010,32.0,0.0,6,41.4
2025-05-05,NB-1010,0.0,0.0,6,41.4
2025-05-12,NB-1010,0.0,0.0,6,41.4
2025-05-19,NB-1010,0.0,0.0,6,41.4
2025-05-26,NB-1010,0.0,0.0,6,41.4
2025-06-02,NB-1010,38.0,0.0,6,41.4
2025-06-09,NB-1010,0.0,0.0,6,41.4
2025-06-16,NB-1010,0.0,47.0,6,41.4
2025-06-23,NB-1010,0.0,0.0,6,41.4
2025-06-30,NB-1010,0.0,0.0,6,41.4
2025-07-07,NB-1010,0.0,0.0,6,41.4
2025-07-14,NB-1010,0.0,0.0,6,41.4
2025-07-21,NB-1010,0.0,59.0,6,41.4
2025-07-28,NB-1010,0.0,0.0,6,41.4
2025-08-04,NB-1010,59.0,0.0,6,41.4
2025-08-11,NB-1010,15.0,59.0,6,41.4
2025-08-18,NB-1010,46.0,0.0,6,41.4
2025-08-25,NB-1010,0.0,0.0,6,41.4
2025-09-01,NB-1010,0.0,54.0,6,41.4
2025-09-08,NB-1010,0.0,0.0,6,41.4
2025-09-15,NB-1010,0.0,61.0,6,41.4
2025-09-22,NB-1010,0.0,0.0,6,41.4
2025-09-29,NB-1010,36.0,0.0,6,41.4
2025-10-06,NB-1010,0.0,0.0,6,41.4
2025-10-13,NB-1010,0.0,0.0,6,41.4
2025-10-20,NB-1010,0.0,0.0,6,41.4
2025-10-27,NB-1010,22.0,0.0,6,41.4
2025-11-03,NB-1010,0.0,42.0,6,41.4
2025-11-10,NB-1010,1.0,0.0,6,41.4
2025-11-17,NB-1010,0.0,0.0,6,41.4
2025-11-24,NB-1010,0.0,64.0,6,41.4
2025-12-01,NB-1010,0.0,0.0,6,41.4
2025-12-08,NB-1010,0.0,60.0,6,41.4
2025-12-15,NB-1010,0.0,0.0,6,41.4
2025-12-22,NB-1010,0.0,0.0,6,41.4
2025-12-29,NB-1010,71.0,49.0,6,41.4
2024-01-01,NB-1011,95.0,0.0,11,238.5
2024-01-08,NB-1011,0.0,0.0,11,238.5
2024-01-15,NB-1011,0.0,0.0,11,238.5
2024-01-22,NB-1011,0.0,324.0,11,238.5
2024-01-29,NB-1011,483.0,263.0,11,238.5
2024-02-05,NB-1011,349.0,0.0,11,238.5
2024-02-12,NB-1011,257.0,0.0,11,238.5
2024-02-19,NB-1011,369.0,0.0,11,238.5
2024-02-26,NB-1011,258.0,0.0,11,238.5
2024-03-04,NB-1011,170.0,0.0,11,238.5
2024-03-11,NB-1011,278.0,0.0,11,238.5
2024-03-18,NB-1011,144.0,0.0,11,238.5
2024-03-25,NB-1011,390.0,0.0,11,238.5
2024-04-01,NB-1011,319.0,0.0,11,238.5
2024-04-08,NB-1011,229.0,352.0,11,238.5
2024-04-15,NB-1011,126.0,0.0,11,238.5
2024-04-22,NB-1011,41.0,330.0,11,238.5
2024-04-29,NB-1011,0.0,277.0,11,238.5
2024-05-06,NB-1011,0.0,339.0,11,238.5
2024-05-13,NB-1011,242.0,0.0,11,238.5
2024-05-20,NB-1011,483.0,333.0,11,238.5
2024-05-27,NB-1011,403.0,0.0,11,238.5
2024-06-03,NB-1011,342.0,0.0,11,238.5
2024-06-10,NB-1011,267.0,0.0,11,238.5
2024-06-17,NB-1011,408.0,266.0,11,238.5
2024-06-24,NB-1011,324.0,0.0,11,238.5
2024-07-01,NB-1011,238.0,320.0,11,238.5
2024-07-08,NB-1011,153.0,0.0,11,238.5
2024-07-15,NB-1011,308.0,254.0,11,238.5
2024-07-22,NB-1011,203.0,0.0,11,238.5
2024-07-29,NB-1011,81.0,0.0,11,238.5
2024-08-05,NB-1011,0.0,0.0,11,238.5
2024-08-12,NB-1011,0.0,0.0,11,238.5
2024-08-19,NB-1011,274.0,0.0,11,238.5
2024-08-26,NB-1011,161.0,0.0,11,238.5
2024-09-02,NB-1011,353.0,0.0,11,238.5
2024-09-09,NB-1011,215.0,0.0,11,238.5
2024-09-16,NB-1011,414.0,0.0,11,238.5
2024-09-23,NB-1011,226.0,0.0,11,238.5
2024-09-30,NB-1011,66.0,0.0,11,238.5
2024-10-07,NB-1011,0.0,319.0,11,238.5
2024-10-14,NB-1011,113.0,0.0,11,238.5
2024-10-21,NB-1011,0.0,0.0,11,238.5
2024-10-28,NB-1011,166.0,227.0,11,238.5
2024-11-04,NB-1011,379.0,0.0,11,238.5
2024-11-11,NB-1011,127.0,0.0,11,238.5
2024-11-18,NB-1011,0.0,0.0,11,238.5
2024-11-25,NB-1011,0.0,0.0,11,238.5
2024-12-02,NB-1011,0.0,0.0,11,238.5
2024-12-09,NB-1011,0.0,0.0,11,238.5
2024-12-16,NB-1011,0.0,0.0,11,238.5
2024-12-23,NB-1011,0.0,350.0,11,238.5
2024-12-30,NB-1011,307.0,307.0,11,238.5
2025-01-06,NB-1011,39.0,0.0,11,238.5
2025-01-13,NB-1011,0.0,0.0,11,238.5
2025-01-20,NB-1011,0.0,0.0,11,238.5
2025-01-27,NB-1011,0.0,0.0,11,238.5
2025-02-03,NB-1011,0.0,298.0,11,238.5
2025-02-10,NB-1011,0.0,276.0,11,238.5
2025-02-17,NB-1011,0.0,0.0,11,238.5
2025-02-24,NB-1011,0.0,0.0,11,238.5
2025-03-03,NB-1011,0.0,226.0,11,238.5
2025-03-10,NB-1011,278.0,0.0,11,238.5
2025-03-17,NB-1011,132.0,0.0,11,238.5
2025-03-24,NB-1011,27.0,245.0,11,238.5
2025-03-31,NB-1011,265.0,0.0,11,238.5
2025-04-07,NB-1011,131.0,0.0,11,238.5
2025-04-14,NB-1011,350.0,0.0,11,238.5
2025-04-21,NB-1011,208.0,0.0,11,238.5
2025-04-28,NB-1011,118.0,0.0,11,238.5
2025-05-05,NB-1011,22.0,328.0,11,238.5
2025-05-12,NB-1011,515.0,332.0,11,238.5
2025-05-19,NB-1011,383.0,0.0,11,238.5
2025-05-26,NB-1011,298.0,0.0,11,238.5
2025-06-02,NB-1011,152.0,293.0,11,238.5
2025-06-09,NB-1011,50.0,0.0,11,238.5
2025-06-16,NB-1011,0.0,0.0,11,238.5
2025-06-23,NB-1011,0.0,0.0,11,238.5
2025-06-30,NB-1011,158.0,0.0,11,238.5
2025-07-07,NB-1011,303.0,0.0,11,238.5
2025-07-14,NB-1011,155.0,0.0,11,238.5
2025-07-21,NB-1011,0.0,0.0,11,238.5
2025-07-28,NB-1011,176.0,0.0,11,238.5
2025-08-04,NB-1011,376.0,0.0,11,238.5
2025-08-11,NB-1011,216.0,0.0,11,238.5
2025-08-18,NB-1011,46.0,0.0,11,238.5
2025-08-25,NB-1011,0.0,0.0,11,238.5
2025-09-01,NB-1011,0.0,360.0,11,238.5
2025-09-08,NB-1011,0.0,0.0,11,238.5
2025-09-15,NB-1011,0.0,0.0,11,238.5
2025-09-22,NB-1011,0.0,315.0,11,238.5
2025-09-29,NB-1011,0.0,0.0,11,238.5
2025-10-06,NB-1011,119.0,0.0,11,238.5
2025-10-13,NB-1011,0.0,0.0,11,238.5
2025-10-20,NB-1011,0.0,0.0,11,238.5
2025-10-27,NB-1011,0.0,0.0,11,238.5
2025-11-03,NB-1011,453.0,0.0,11,238.5
2025-11-10,NB-1011,189.0,0.0,11,238.5
2025-11-17,NB-1011,0.0,0.0,11,238.5
2025-11-24,NB-1011,299.0,0.0,11,238.5
2025-12-01,NB-1011,380.0,0.0,11,238.5
2025-12-08,NB-1011,399.0,0.0,11,238.5
2025-12-15,NB-1011,85.0,0.0,11,238.5
2025-12-22,NB-1011,0.0,0.0,11,238.5
2025-12-29,NB-1011,0.0,252.0,11,238.5
2024-01-01,NB-1012,353.0,0.0,18,615.5
2024-01-08,NB-1012,899.0,0.0,18,615.5
2024-01-15,NB-1012,774.0,0.0,18,615.5
2024-01-22,NB-1012,629.0,0.0,18,615.5
2024-01-29,NB-1012,1138.0,0.0,18,615.5
2024-02-05,NB-1012,1011.0,0.0,18,615.5
2024-02-12,NB-1012,857.0,0.0,18,615.5
2024-02-19,NB-1012,681.0,0.0,18,615.5
2024-02-26,NB-1012,552.0,0.0,18,615.5
2024-03-04,NB-1012,1015.0,0.0,18,615.5
2024-03-11,NB-1012,832.0,0.0,18,615.5
2024-03-18,NB-1012,666.0,0.0,18,615.5
2024-03-25,NB-1012,466.0,0.0,18,615.5
2024-04-01,NB-1012,294.0,0.0,18,615.5
2024-04-08,NB-1012,934.0,0.0,18,615.5
2024-04-15,NB-1012,731.0,0.0,18,615.5
2024-04-22,NB-1012,536.0,0.0,18,615.5
2024-04-29,NB-1012,301.0,0.0,18,615.5
2024-05-06,NB-1012,983.0,0.0,18,615.5
2024-05-13,NB-1012,763.0,0.0,18,615.5
2024-05-20,NB-1012,494.0,767.0,18,615.5
2024-05-27,NB-1012,238.0,0.0,18,615.5
2024-06-03,NB-1012,36.0,869.0,18,615.5
2024-06-10,NB-1012,802.0,0.0,18,615.5
2024-06-17,NB-1012,366.0,0.0,18,615.5
2024-06-24,NB-1012,133.0,0.0,18,615.5
2024-07-01,NB-1012,0.0,0.0,18,615.5
2024-07-08,NB-1012,563.0,0.0,18,615.5
2024-07-15,NB-1012,1000.0,0.0,18,615.5
2024-07-22,NB-1012,776.0,0.0,18,615.5
2024-07-29,NB-1012,567.0,0.0,18,615.5
2024-08-05,NB-1012,376.0,0.0,18,615.5
2024-08-12,NB-1012,145.0,0.0,18,615.5
2024-08-19,NB-1012,773.0,0.0,18,615.5
2024-08-26,NB-1012,627.0,0.0,18,615.5
2024-09-02,NB-1012,1344.0,0.0,18,615.5
2024-09-09,NB-1012,1177.0,0.0,18,615.5
2024-09-16,NB-1012,994.0,0.0,18,615.5
2024-09-23,NB-1012,833.0,0.0,18,615.5
2024-09-30,NB-1012,697.0,0.0,18,615.5
2024-10-07,NB-1012,1334.0,811.0,18,615.5
2024-10-14,NB-1012,1209.0,0.0,18,615.5
2024-10-21,NB-1012,1097.0,0.0,18,615.5
2024-10-28,NB-1012,974.0,0.0,18,615.5
2024-11-04,NB-1012,882.0,0.0,18,615.5
2024-11-11,NB-1012,748.0,0.0,18,615.5
2024-11-18,NB-1012,619.0,0.0,18,615.5
2024-11-25,NB-1012,525.0,0.0,18,615.5
2024-12-02,NB-1012,404.0,0.0,18,615.5
2024-12-09,NB-1012,280.0,712.0,18,615.5
2024-12-16,NB-1012,986.0,0.0,18,615.5
2024-12-23,NB-1012,904.0,0.0,18,615.5
2024-12-30,NB-1012,793.0,0.0,18,615.5
2025-01-06,NB-1012,698.0,0.0,18,615.5
2025-01-13,NB-1012,1453.0,0.0,18,615.5
2025-01-20,NB-1012,1367.0,0.0,18,615.5
2025-01-27,NB-1012,1238.0,0.0,18,615.5
2025-02-03,NB-1012,1117.0,0.0,18,615.5
2025-02-10,NB-1012,1016.0,0.0,18,615.5
2025-02-17,NB-1012,844.0,0.0,18,615.5
2025-02-24,NB-1012,713.0,0.0,18,615.5
2025-03-03,NB-1012,508.0,868.0,18,615.5
2025-03-10,NB-1012,337.0,845.0,18,615.5
2025-03-17,NB-1012,179.0,651.0,18,615.5
2025-03-24,NB-1012,704.0,0.0,18,615.5
2025-03-31,NB-1012,1092.0,591.0,18,615.5
2025-04-07,NB-1012,836.0,0.0,18,615.5
2025-04-14,NB-1012,628.0,0.0,18,615.5
2025-04-21,NB-1012,1323.0,875.0,18,615.5
2025-04-28,NB-1012,1137.0,0.0,18,615.5
2025-05-05,NB-1012,971.0,0.0,18,615.5
2025-05-12,NB-1012,750.0,0.0,18,615.5
2025-05-19,NB-1012,513.0,0.0,18,615.5
2025-05-26,NB-1012,294.0,0.0,18,615.5
2025-06-02,NB-1012,958.0,0.0,18,615.5
2025-06-09,NB-1012,718.0,0.0,18,615.5
2025-06-16,NB-1012,479.0,0.0,18,615.5
2025-06-23,NB-1012,1169.0,0.0,18,615.5
2025-06-30,NB-1012,988.0,0.0,18,615.5
2025-07-07,NB-1012,779.0,0.0,18,615.5
2025-07-14,NB-1012,603.0,0.0,18,615.5
2025-07-21,NB-1012,328.0,0.0,18,615.5
2025-07-28,NB-1012,95.0,0.0,18,615.5
2025-08-04,NB-1012,0.0,0.0,18,615.5
2025-08-11,NB-1012,0.0,0.0,18,615.5
2025-08-18,NB-1012,0.0,0.0,18,615.5
2025-08-25,NB-1012,631.0,0.0,18,615.5
2025-09-01,NB-1012,406.0,583.0,18,615.5
2025-09-08,NB-1012,165.0,0.0,18,615.5
2025-09-15,NB-1012,0.0,0.0,18,615.5
2025-09-22,NB-1012,677.0,0.0,18,615.5
2025-09-29,NB-1012,542.0,766.0,18,615.5
2025-10-06,NB-1012,1048.0,0.0,18,615.5
2025-10-13,NB-1012,858.0,0.0,18,615.5
2025-10-20,NB-1012,696.0,0.0,18,615.5
2025-10-27,NB-1012,567.0,850.0,18,615.5
2025-11-03,NB-1012,440.0,0.0,18,615.5
2025-11-10,NB-1012,927.0,0.0,18,615.5
2025-11-17,NB-1012,804.0,0.0,18,615.5
2025-11-24,NB-1012,669.0,0.0,18,615.5
2025-12-01,NB-1012,597.0,619.0,18,615.5
2025-12-08,NB-1012,514.0,0.0,18,615.5
2025-12-15,NB-1012,415.0,0.0,18,615.5
2025-12-22,NB-1012,1222.0,0.0,18,615.5
2025-12-29,NB-1012,1121.0,0.0,18,615.5
2024-01-01,NB-1013,248.0,0.0,13,75.6
2024-01-08,NB-1013,227.0,0.0,13,75.6
2024-01-15,NB-1013,204.0,0.0,13,75.6
2024-01-22,NB-1013,180.0,0.0,13,75.6
2024-01-29,NB-1013,150.0,0.0,13,75.6
2024-02-05,NB-1013,137.0,0.0,13,75.6
2024-02-12,NB-1013,125.0,0.0,13,75.6
2024-02-19,NB-1013,95.0,0.0,13,75.6
2024-02-26,NB-1013,145.0,70.0,13,75.6
2024-03-04,NB-1013,115.0,0.0,13,75.6
2024-03-11,NB-1013,93.0,0.0,13,75.6
2024-03-18,NB-1013,183.0,0.0,13,75.6
2024-03-25,NB-1013,162.0,0.0,13,75.6
2024-04-01,NB-1013,149.0,0.0,13,75.6
2024-04-08,NB-1013,116.0,0.0,13,75.6
2024-04-15,NB-1013,96.0,0.0,13,75.6
2024-04-22,NB-1013,76.0,0.0,13,75.6
2024-04-29,NB-1013,47.0,0.0,13,75.6
2024-05-06,NB-1013,97.0,77.0,13,75.6
2024-05-13,NB-1013,66.0,0.0,13,75.6
2024-05-20,NB-1013,45.0,87.0,13,75.6
2024-05-27,NB-1013,113.0,0.0,13,75.6
2024-06-03,NB-1013,78.0,0.0,13,75.6
2024-06-10,NB-1013,48.0,0.0,13,75.6
2024-06-17,NB-1013,0.0,0.0,13,75.6
2024-06-24,NB-1013,68.0,0.0,13,75.6
2024-07-01,NB-1013,31.0,84.0,13,75.6
2024-07-08,NB-1013,86.0,0.0,13,75.6
2024-07-15,NB-1013,70.0,0.0,13,75.6
2024-07-22,NB-1013,116.0,83.0,13,75.6
2024-07-29,NB-1013,77.0,0.0,13,75.6
2024-08-05,NB-1013,107.0,89.0,13,75.6
2024-08-12,NB-1013,51.0,0.0,13,75.6
2024-08-19,NB-1013,76.0,0.0,13,75.6
2024-08-26,NB-1013,132.0,0.0,13,75.6
2024-09-02,NB-1013,74.0,0.0,13,75.6
2024-09-09,NB-1013,37.0,0.0,13,75.6
2024-09-16,NB-1013,0.0,0.0,13,75.6
2024-09-23,NB-1013,153.0,0.0,13,75.6
2024-09-30,NB-1013,114.0,0.0,13,75.6
2024-10-07,NB-1013,71.0,78.0,13,75.6
2024-10-14,NB-1013,111.0,0.0,13,75.6
2024-10-21,NB-1013,51.0,0.0,13,75.6
2024-10-28,NB-1013,85.0,0.0,13,75.6
2024-11-04,NB-1013,112.0,0.0,13,75.6
2024-11-11,NB-1013,67.0,0.0,13,75.6
2024-11-18,NB-1013,11.0,0.0,13,75.6
2024-11-25,NB-1013,0.0,0.0,13,75.6
2024-12-02,NB-1013,0.0,72.0,13,75.6
2024-12-09,NB-1013,102.0,102.0,13,75.6
2024-12-16,NB-1013,60.0,0.0,13,75.6
2024-12-23,NB-1013,99.0,0.0,13,75.6
2024-12-30,NB-1013,66.0,89.0,13,75.6
2025-01-06,NB-1013,34.0,115.0,13,75.6
2025-01-13,NB-1013,95.0,0.0,13,75.6
2025-01-20,NB-1013,52.0,0.0,13,75.6
2025-01-27,NB-1013,13.0,106.0,13,75.6
2025-02-03,NB-1013,0.0,87.0,13,75.6
2025-02-10,NB-1013,0.0,0.0,13,75.6
2025-02-17,NB-1013,0.0,107.0,13,75.6
2025-02-24,NB-1013,0.0,0.0,13,75.6
2025-03-03,NB-1013,163.0,0.0,13,75.6
2025-03-10,NB-1013,137.0,0.0,13,75.6
2025-03-17,NB-1013,122.0,0.0,13,75.6
2025-03-24,NB-1013,96.0,0.0,13,75.6
2025-03-31,NB-1013,125.0,0.0,13,75.6
2025-04-07,NB-1013,94.0,0.0,13,75.6
2025-04-14,NB-1013,74.0,84.0,13,75.6
2025-04-21,NB-1013,126.0,0.0,13,75.6
2025-04-28,NB-1013,98.0,0.0,13,75.6
2025-05-05,NB-1013,72.0,0.0,13,75.6
2025-05-12,NB-1013,24.0,0.0,13,75.6
2025-05-19,NB-1013,70.0,0.0,13,75.6
2025-05-26,NB-1013,30.0,0.0,13,75.6
2025-06-02,NB-1013,70.0,90.0,13,75.6
2025-06-09,NB-1013,109.0,0.0,13,75.6
2025-06-16,NB-1013,55.0,0.0,13,75.6
2025-06-23,NB-1013,8.0,0.0,13,75.6
2025-06-30,NB-1013,0.0,0.0,13,75.6
2025-07-07,NB-1013,61.0,0.0,13,75.6
2025-07-14,NB-1013,22.0,112.0,13,75.6
2025-07-21,NB-1013,0.0,0.0,13,75.6
2025-07-28,NB-1013,0.0,0.0,13,75.6
2025-08-04,NB-1013,0.0,79.0,13,75.6
2025-08-11,NB-1013,154.0,90.0,13,75.6
2025-08-18,NB-1013,92.0,0.0,13,75.6
2025-08-25,NB-1013,28.0,0.0,13,75.6
2025-09-01,NB-1013,28.0,0.0,13,75.6
2025-09-08,NB-1013,64.0,0.0,13,75.6
2025-09-15,NB-1013,90.0,0.0,13,75.6
2025-09-22,NB-1013,101.0,0.0,13,75.6
2025-09-29,NB-1013,47.0,0.0,13,75.6
2025-10-06,NB-1013,0.0,110.0,13,75.6
2025-10-13,NB-1013,0.0,0.0,13,75.6
2025-10-20,NB-1013,0.0,0.0,13,75.6
2025-10-27,NB-1013,0.0,0.0,13,75.6
2025-11-03,NB-1013,52.0,87.0,13,75.6
2025-11-10,NB-1013,0.0,0.0,13,75.6
2025-11-17,NB-1013,0.0,115.0,13,75.6
2025-11-24,NB-1013,12.0,0.0,13,75.6
2025-12-01,NB-1013,0.0,111.0,13,75.6
2025-12-08,NB-1013,0.0,0.0,13,75.6
2025-12-15,NB-1013,77.0,0.0,13,75.6
2025-12-22,NB-1013,0.0,92.0,13,75.6
2025-12-29,NB-1013,0.0,0.0,13,75.6
2024-01-01,NB-1014,325.0,0.0,5,80.1
2024-01-08,NB-1014,257.0,0.0,5,80.1
2024-01-15,NB-1014,176.0,0.0,5,80.1
2024-01-22,NB-1014,107.0,0.0,5,80.1
2024-01-29,NB-1014,46.0,0.0,5,80.1
2024-02-05,NB-1014,0.0,0.0,5,80.1
2024-02-12,NB-1014,0.0,78.0,5,80.1
2024-02-19,NB-1014,80.0,0.0,5,80.1
2024-02-26,NB-1014,6.0,0.0,5,80.1
2024-03-04,NB-1014,0.0,0.0,5,80.1
2024-03-11,NB-1014,0.0,0.0,5,80.1
2024-03-18,NB-1014,0.0,0.0,5,80.1
2024-03-25,NB-1014,0.0,0.0,5,80.1
2024-04-01,NB-1014,0.0,0.0,5,80.1
2024-04-08,NB-1014,0.0,0.0,5,80.1
2024-04-15,NB-1014,63.0,0.0,5,80.1
2024-04-22,NB-1014,0.0,0.0,5,80.1
2024-04-29,NB-1014,0.0,0.0,5,80.1
2024-05-06,NB-1014,0.0,108.0,5,80.1
2024-05-13,NB-1014,0.0,0.0,5,80.1
2024-05-20,NB-1014,0.0,0.0,5,80.1
2024-05-27,NB-1014,0.0,0.0,5,80.1
2024-06-03,NB-1014,113.0,0.0,5,80.1
2024-06-10,NB-1014,16.0,118.0,5,80.1
2024-06-17,NB-1014,0.0,0.0,5,80.1
2024-06-24,NB-1014,0.0,0.0,5,80.1
2024-07-01,NB-1014,0.0,0.0,5,80.1
2024-07-08,NB-1014,0.0,74.0,5,80.1
2024-07-15,NB-1014,0.0,0.0,5,80.1
2024-07-22,NB-1014,0.0,0.0,5,80.1
2024-07-29,NB-1014,0.0,78.0,5,80.1
2024-08-05,NB-1014,139.0,0.0,5,80.1
2024-08-12,NB-1014,126.0,0.0,5,80.1
2024-08-19,NB-1014,12.0,0.0,5,80.1
2024-08-26,NB-1014,0.0,0.0,5,80.1
2024-09-02,NB-1014,21.0,0.0,5,80.1
2024-09-09,NB-1014,0.0,0.0,5,80.1
2024-09-16,NB-1014,0.0,0.0,5,80.1
2024-09-23,NB-1014,140.0,0.0,5,80.1
2024-09-30,NB-1014,146.0,0.0,5,80.1
2024-10-07,NB-1014,45.0,0.0,5,80.1
2024-10-14,NB-1014,0.0,0.0,5,80.1
2024-10-21,NB-1014,66.0,115.0,5,80.1
2024-10-28,NB-1014,0.0,0.0,5,80.1
2024-11-04,NB-1014,90.0,0.0,5,80.1
2024-11-11,NB-1014,102.0,0.0,5,80.1
2024-11-18,NB-1014,110.0,0.0,5,80.1
2024-11-25,NB-1014,25.0,0.0,5,80.1
2024-12-02,NB-1014,99.0,99.0,5,80.1
2024-12-09,NB-1014,124.0,0.0,5,80.1
2024-12-16,NB-1014,54.0,87.0,5,80.1
2024-12-23,NB-1014,0.0,0.0,5,80.1
2024-12-30,NB-1014,64.0,0.0,5,80.1
2025-01-06,NB-1014,0.0,0.0,5,80.1
2025-01-13,NB-1014,0.0,0.0,5,80.1
2025-01-20,NB-1014,40.0,0.0,5,80.1
2025-01-27,NB-1014,0.0,85.0,5,80.1
2025-02-03,NB-1014,0.0,0.0,5,80.1
2025-02-10,NB-1014,0.0,0.0,5,80.1
2025-02-17,NB-1014,0.0,0.0,5,80.1
2025-02-24,NB-1014,0.0,0.0,5,80.1
2025-03-03,NB-1014,0.0,105.0,5,80.1
2025-03-10,NB-1014,0.0,75.0,5,80.1
2025-03-17,NB-1014,52.0,0.0,5,80.1
2025-03-24,NB-1014,0.0,0.0,5,80.1
2025-03-31,NB-1014,0.0,0.0,5,80.1
2025-04-07,NB-1014,0.0,0.0,5,80.1
2025-04-14,NB-1014,0.0,0.0,5,80.1
2025-04-21,NB-1014,97.0,0.0,5,80.1
2025-04-28,NB-1014,90.0,0.0,5,80.1
2025-05-05,NB-1014,0.0,0.0,5,80.1
2025-05-12,NB-1014,0.0,0.0,5,80.1
2025-05-19,NB-1014,6.0,0.0,5,80.1
2025-05-26,NB-1014,0.0,0.0,5,80.1
2025-06-02,NB-1014,0.0,0.0,5,80.1
2025-06-09,NB-1014,0.0,0.0,5,80.1
2025-06-16,NB-1014,0.0,0.0,5,80.1
2025-06-23,NB-1014,0.0,105.0,5,80.1
2025-06-30,NB-1014,44.0,0.0,5,80.1
2025-07-07,NB-1014,0.0,0.0,5,80.1
2025-07-14,NB-1014,0.0,0.0,5,80.1
2025-07-21,NB-1014,0.0,87.0,5,80.1
2025-07-28,NB-1014,0.0,0.0,5,80.1
2025-08-04,NB-1014,0.0,87.0,5,80.1
2025-08-11,NB-1014,3.0,95.0,5,80.1
2025-08-18,NB-1014,79.0,0.0,5,80.1
2025-08-25,NB-1014,44.0,0.0,5,80.1
2025-09-01,NB-1014,0.0,100.0,5,80.1
2025-09-08,NB-1014,0.0,0.0,5,80.1
2025-09-15,NB-1014,0.0,104.0,5,80.1
2025-09-22,NB-1014,0.0,0.0,5,80.1
2025-09-29,NB-1014,0.0,0.0,5,80.1
2025-10-06,NB-1014,5.0,0.0,5,80.1
2025-10-13,NB-1014,0.0,0.0,5,80.1
2025-10-20,NB-1014,0.0,0.0,5,80.1
2025-10-27,NB-1014,0.0,0.0,5,80.1
2025-11-03,NB-1014,0.0,0.0,5,80.1
2025-11-10,NB-1014,0.0,101.0,5,80.1
2025-11-17,NB-1014,0.0,0.0,5,80.1
2025-11-24,NB-1014,27.0,0.0,5,80.1
2025-12-01,NB-1014,24.0,0.0,5,80.1
2025-12-08,NB-1014,93.0,0.0,5,80.1
2025-12-15,NB-1014,97.0,0.0,5,80.1
2025-12-22,NB-1014,0.0,0.0,5,80.1
2025-12-29,NB-1014,0.0,77.0,5,80.1
2024-01-01,NB-1015,316.0,0.0,11,136.5
2024-01-08,NB-1015,258.0,0.0,11,136.5
2024-01-15,NB-1015,192.0,0.0,11,136.5
2024-01-22,NB-1015,145.0,0.0,11,136.5
2024-01-29,NB-1015,108.0,0.0,11,136.5
2024-02-05,NB-1015,55.0,129.0,11,136.5
2024-02-12,NB-1015,9.0,0.0,11,136.5
2024-02-19,NB-1015,0.0,157.0,11,136.5
2024-02-26,NB-1015,0.0,0.0,11,136.5
2024-03-04,NB-1015,0.0,0.0,11,136.5
2024-03-11,NB-1015,0.0,184.0,11,136.5
2024-03-18,NB-1015,0.0,0.0,11,136.5
2024-03-25,NB-1015,180.0,0.0,11,136.5
2024-04-01,NB-1015,133.0,135.0,11,136.5
2024-04-08,NB-1015,93.0,148.0,11,136.5
2024-04-15,NB-1015,38.0,159.0,11,136.5
2024-04-22,NB-1015,145.0,0.0,11,136.5
2024-04-29,NB-1015,103.0,0.0,11,136.5
2024-05-06,NB-1015,53.0,0.0,11,136.5
2024-05-13,NB-1015,13.0,0.0,11,136.5
2024-05-20,NB-1015,0.0,0.0,11,136.5
2024-05-27,NB-1015,140.0,0.0,11,136.5
2024-06-03,NB-1015,76.0,0.0,11,136.5
2024-06-10,NB-1015,0.0,179.0,11,136.5
2024-06-17,NB-1015,0.0,148.0,11,136.5
2024-06-24,NB-1015,111.0,0.0,11,136.5
2024-07-01,NB-1015,208.0,0.0,11,136.5
2024-07-08,NB-1015,103.0,0.0,11,136.5
2024-07-15,NB-1015,10.0,0.0,11,136.5
2024-07-22,NB-1015,141.0,0.0,11,136.5
2024-07-29,NB-1015,225.0,0.0,11,136.5
2024-08-05,NB-1015,317.0,186.0,11,136.5
2024-08-12,NB-1015,204.0,0.0,11,136.5
2024-08-19,NB-1015,94.0,178.0,11,136.5
2024-08-26,NB-1015,174.0,0.0,11,136.5
2024-09-02,NB-1015,50.0,0.0,11,136.5
2024-09-09,NB-1015,179.0,0.0,11,136.5
2024-09-16,NB-1015,60.0,0.0,11,136.5
2024-09-23,NB-1015,0.0,0.0,11,136.5
2024-09-30,NB-1015,203.0,203.0,11,136.5
2024-10-07,NB-1015,76.0,0.0,11,136.5
2024-10-14,NB-1015,0.0,0.0,11,136.5
2024-10-21,NB-1015,0.0,0.0,11,136.5
2024-10-28,NB-1015,127.0,127.0,11,136.5
2024-11-04,NB-1015,29.0,0.0,11,136.5
2024-11-11,NB-1015,131.0,155.0,11,136.5
2024-11-18,NB-1015,206.0,0.0,11,136.5
2024-11-25,NB-1015,96.0,0.0,11,136.5
2024-12-02,NB-1015,0.0,0.0,11,136.5
2024-12-09,NB-1015,0.0,0.0,11,136.5
2024-12-16,NB-1015,0.0,0.0,11,136.5
2024-12-23,NB-1015,0.0,0.0,11,136.5
2024-12-30,NB-1015,0.0,135.0,11,136.5
2025-01-06,NB-1015,0.0,141.0,11,136.5
2025-01-13,NB-1015,0.0,159.0,11,136.5
2025-01-20,NB-1015,0.0,0.0,11,136.5
2025-01-27,NB-1015,0.0,0.0,11,136.5
2025-02-03,NB-1015,0.0,0.0,11,136.5
2025-02-10,NB-1015,0.0,0.0,11,136.5
2025-02-17,NB-1015,0.0,127.0,11,136.5
2025-02-24,NB-1015,79.0,0.0,11,136.5
2025-03-03,NB-1015,0.0,0.0,11,136.5
2025-03-10,NB-1015,0.0,0.0,11,136.5
2025-03-17,NB-1015,0.0,151.0,11,136.5
2025-03-24,NB-1015,0.0,0.0,11,136.5
2025-03-31,NB-1015,0.0,0.0,11,136.5
2025-04-07,NB-1015,0.0,0.0,11,136.5
2025-04-14,NB-1015,194.0,0.0,11,136.5
2025-04-21,NB-1015,136.0,130.0,11,136.5
2025-04-28,NB-1015,183.0,133.0,11,136.5
2025-05-05,NB-1015,141.0,0.0,11,136.5
2025-05-12,NB-1015,201.0,0.0,11,136.5
2025-05-19,NB-1015,91.0,0.0,11,136.5
2025-05-26,NB-1015,140.0,128.0,11,136.5
2025-06-02,NB-1015,241.0,0.0,11,136.5
2025-06-09,NB-1015,167.0,0.0,11,136.5
2025-06-16,NB-1015,70.0,0.0,11,136.5
2025-06-23,NB-1015,0.0,0.0,11,136.5
2025-06-30,NB-1015,97.0,151.0,11,136.5
2025-07-07,NB-1015,129.0,0.0,11,136.5
2025-07-14,NB-1015,252.0,0.0,11,136.5
2025-07-21,NB-1015,328.0,208.0,11,136.5
2025-07-28,NB-1015,153.0,0.0,11,136.5
2025-08-04,NB-1015,34.0,0.0,11,136.5
2025-08-11,NB-1015,0.0,0.0,11,136.5
2025-08-18,NB-1015,0.0,0.0,11,136.5
2025-08-25,NB-1015,0.0,0.0,11,136.5
2025-09-01,NB-1015,0.0,0.0,11,136.5
2025-09-08,NB-1015,0.0,165.0,11,136.5
2025-09-15,NB-1015,36.0,0.0,11,136.5
2025-09-22,NB-1015,234.0,0.0,11,136.5
2025-09-29,NB-1015,95.0,151.0,11,136.5
2025-10-06,NB-1015,0.0,196.0,11,136.5
2025-10-13,NB-1015,0.0,0.0,11,136.5
2025-10-20,NB-1015,11.0,0.0,11,136.5
2025-10-27,NB-1015,0.0,0.0,11,136.5
2025-11-03,NB-1015,0.0,164.0,11,136.5
2025-11-10,NB-1015,0.0,0.0,11,136.5
2025-11-17,NB-1015,0.0,0.0,11,136.5
2025-11-24,NB-1015,163.0,0.0,11,136.5
2025-12-01,NB-1015,39.0,0.0,11,136.5
2025-12-08,NB-1015,260.0,0.0,11,136.5
2025-12-15,NB-1015,157.0,0.0,11,136.5
2025-12-22,NB-1015,55.0,207.0,11,136.5
2025-12-29,NB-1015,0.0,184.0,11,136.5
2024-01-01,NB-1016,296.0,0.0,18,865.6
2024-01-08,NB-1016,74.0,900.0,18,865.6
2024-01-15,NB-1016,0.0,0.0,18,865.6
2024-01-22,NB-1016,1100.0,0.0,18,865.6
2024-01-29,NB-1016,832.0,0.0,18,865.6
2024-02-05,NB-1016,615.0,857.0,18,865.6
2024-02-12,NB-1016,373.0,1012.0,18,865.6
2024-02-19,NB-1016,135.0,1319.0,18,865.6
2024-02-26,NB-1016,1157.0,0.0,18,865.6
2024-03-04,NB-1016,935.0,0.0,18,865.6
2024-03-11,NB-1016,1559.0,0.0,18,865.6
2024-03-18,NB-1016,1259.0,0.0,18,865.6
2024-03-25,NB-1016,1034.0,0.0,18,865.6
2024-04-01,NB-1016,766.0,0.0,18,865.6
2024-04-08,NB-1016,1355.0,0.0,18,865.6
2024-04-15,NB-1016,983.0,0.0,18,865.6
2024-04-22,NB-1016,1542.0,0.0,18,865.6
2024-04-29,NB-1016,1202.0,0.0,18,865.6
2024-05-06,NB-1016,872.0,0.0,18,865.6
2024-05-13,NB-1016,1611.0,0.0,18,865.6
2024-05-20,NB-1016,1231.0,0.0,18,865.6
2024-05-27,NB-1016,924.0,0.0,18,865.6
2024-06-03,NB-1016,691.0,1060.0,18,865.6
2024-06-10,NB-1016,281.0,0.0,18,865.6
2024-06-17,NB-1016,0.0,0.0,18,865.6
2024-06-24,NB-1016,0.0,0.0,18,865.6
2024-07-01,NB-1016,0.0,0.0,18,865.6
2024-07-08,NB-1016,0.0,0.0,18,865.6
2024-07-15,NB-1016,0.0,0.0,18,865.6
2024-07-22,NB-1016,0.0,1121.0,18,865.6
2024-07-29,NB-1016,833.0,831.0,18,865.6
2024-08-05,NB-1016,348.0,0.0,18,865.6
2024-08-12,NB-1016,1103.0,0.0,18,865.6
2024-08-19,NB-1016,1551.0,0.0,18,865.6
2024-08-26,NB-1016,1229.0,0.0,18,865.6
2024-09-02,NB-1016,868.0,0.0,18,865.6
2024-09-09,NB-1016,1695.0,0.0,18,865.6
2024-09-16,NB-1016,1344.0,0.0,18,865.6
2024-09-23,NB-1016,962.0,0.0,18,865.6
2024-09-30,NB-1016,594.0,0.0,18,865.6
2024-10-07,NB-1016,234.0,981.0,18,865.6
2024-10-14,NB-1016,0.0,0.0,18,865.6
2024-10-21,NB-1016,0.0,1101.0,18,865.6
2024-10-28,NB-1016,0.0,0.0,18,865.6
2024-11-04,NB-1016,993.0,0.0,18,865.6
2024-11-11,NB-1016,1856.0,0.0,18,865.6
2024-11-18,NB-1016,1536.0,0.0,18,865.6
2024-11-25,NB-1016,1159.0,0.0,18,865.6
2024-12-02,NB-1016,762.0,1128.0,18,865.6
2024-12-09,NB-1016,456.0,814.0,18,865.6
2024-12-16,NB-1016,138.0,0.0,18,865.6
2024-12-23,NB-1016,0.0,0.0,18,865.6
2024-12-30,NB-1016,0.0,0.0,18,865.6
2025-01-06,NB-1016,538.0,963.0,18,865.6
2025-01-13,NB-1016,189.0,0.0,18,865.6
2025-01-20,NB-1016,0.0,0.0,18,865.6
2025-01-27,NB-1016,1053.0,0.0,18,865.6
2025-02-03,NB-1016,704.0,813.0,18,865.6
2025-02-10,NB-1016,1678.0,0.0,18,865.6
2025-02-17,NB-1016,1290.0,0.0,18,865.6
2025-02-24,NB-1016,810.0,867.0,18,865.6
2025-03-03,NB-1016,309.0,0.0,18,865.6
2025-03-10,NB-1016,1051.0,0.0,18,865.6
2025-03-17,NB-1016,639.0,0.0,18,865.6
2025-03-24,NB-1016,281.0,0.0,18,865.6
2025-03-31,NB-1016,0.0,0.0,18,865.6
2025-04-07,NB-1016,0.0,0.0,18,865.6
2025-04-14,NB-1016,1065.0,1065.0,18,865.6
2025-04-21,NB-1016,1658.0,0.0,18,865.6
2025-04-28,NB-1016,1331.0,0.0,18,865.6
2025-05-05,NB-1016,887.0,0.0,18,865.6
2025-05-12,NB-1016,1183.0,0.0,18,865.6
2025-05-19,NB-1016,542.0,0.0,18,865.6
2025-05-26,NB-1016,50.0,0.0,18,865.6
2025-06-02,NB-1016,2001.0,1164.0,18,865.6
2025-06-09,NB-1016,1476.0,0.0,18,865.6
2025-06-16,NB-1016,821.0,0.0,18,865.6
2025-06-23,NB-1016,1116.0,0.0,18,865.6
2025-06-30,NB-1016,623.0,0.0,18,865.6
2025-07-07,NB-1016,1505.0,0.0,18,865.6
2025-07-14,NB-1016,1047.0,0.0,18,865.6
2025-07-21,NB-1016,369.0,0.0,18,865.6
2025-07-28,NB-1016,0.0,933.0,18,865.6
2025-08-04,NB-1016,0.0,1034.0,18,865.6
2025-08-11,NB-1016,0.0,0.0,18,865.6
2025-08-18,NB-1016,0.0,0.0,18,865.6
2025-08-25,NB-1016,377.0,0.0,18,865.6
2025-09-01,NB-1016,788.0,0.0,18,865.6
2025-09-08,NB-1016,1129.0,0.0,18,865.6
2025-09-15,NB-1016,614.0,0.0,18,865.6
2025-09-22,NB-1016,74.0,1255.0,18,865.6
2025-09-29,NB-1016,1076.0,0.0,18,865.6
2025-10-06,NB-1016,1418.0,0.0,18,865.6
2025-10-13,NB-1016,877.0,0.0,18,865.6
2025-10-20,NB-1016,1040.0,0.0,18,865.6
2025-10-27,NB-1016,613.0,0.0,18,865.6
2025-11-03,NB-1016,126.0,0.0,18,865.6
2025-11-10,NB-1016,0.0,0.0,18,865.6
2025-11-17,NB-1016,0.0,1120.0,18,865.6
2025-11-24,NB-1016,800.0,0.0,18,865.6
2025-12-01,NB-1016,1320.0,0.0,18,865.6
2025-12-08,NB-1016,789.0,0.0,18,865.6
2025-12-15,NB-1016,1621.0,0.0,18,865.6
2025-12-22,NB-1016,1188.0,0.0,18,865.6
2025-12-29,NB-1016,621.0,0.0,18,865.6
2024-01-01,NB-1017,319.0,0.0,8,92.6
2024-01-08,NB-1017,241.0,0.0,8,92.6
2024-01-15,NB-1017,179.0,0.0,8,92.6
2024-01-22,NB-1017,118.0,0.0,8,92.6
2024-01-29,NB-1017,149.0,91.0,8,92.6
2024-02-05,NB-1017,71.0,0.0,8,92.6
2024-02-12,NB-1017,25.0,0.0,8,92.6
2024-02-19,NB-1017,111.0,0.0,8,92.6
2024-02-26,NB-1017,44.0,0.0,8,92.6
2024-03-04,NB-1017,0.0,0.0,8,92.6
2024-03-11,NB-1017,101.0,0.0,8,92.6
2024-03-18,NB-1017,38.0,0.0,8,92.6
2024-03-25,NB-1017,0.0,0.0,8,92.6
2024-04-01,NB-1017,0.0,0.0,8,92.6
2024-04-08,NB-1017,0.0,0.0,8,92.6
2024-04-15,NB-1017,68.0,0.0,8,92.6
2024-04-22,NB-1017,18.0,0.0,8,92.6
2024-04-29,NB-1017,0.0,0.0,8,92.6
2024-05-06,NB-1017,82.0,0.0,8,92.6
2024-05-13,NB-1017,29.0,0.0,8,92.6
2024-05-20,NB-1017,110.0,0.0,8,92.6
2024-05-27,NB-1017,57.0,0.0,8,92.6
2024-06-03,NB-1017,0.0,0.0,8,92.6
2024-06-10,NB-1017,68.0,0.0,8,92.6
2024-06-17,NB-1017,0.0,0.0,8,92.6
2024-06-24,NB-1017,0.0,0.0,8,92.6
2024-07-01,NB-1017,0.0,0.0,8,92.6
2024-07-08,NB-1017,94.0,0.0,8,92.6
2024-07-15,NB-1017,42.0,96.0,8,92.6
2024-07-22,NB-1017,8.0,138.0,8,92.6
2024-07-29,NB-1017,0.0,0.0,8,92.6
2024-08-05,NB-1017,0.0,0.0,8,92.6
2024-08-12,NB-1017,118.0,0.0,8,92.6
2024-08-19,NB-1017,56.0,0.0,8,92.6
2024-08-26,NB-1017,107.0,0.0,8,92.6
2024-09-02,NB-1017,55.0,111.0,8,92.6
2024-09-09,NB-1017,15.0,0.0,8,92.6
2024-09-16,NB-1017,0.0,0.0,8,92.6
2024-09-23,NB-1017,0.0,0.0,8,92.6
2024-09-30,NB-1017,0.0,141.0,8,92.6
2024-10-07,NB-1017,0.0,0.0,8,92.6
2024-10-14,NB-1017,77.0,0.0,8,92.6
2024-10-21,NB-1017,27.0,0.0,8,92.6
2024-10-28,NB-1017,0.0,111.0,8,92.6
2024-11-04,NB-1017,0.0,117.0,8,92.6
2024-11-11,NB-1017,0.0,0.0,8,92.6
2024-11-18,NB-1017,0.0,0.0,8,92.6
2024-11-25,NB-1017,0.0,0.0,8,92.6
2024-12-02,NB-1017,99.0,99.0,8,92.6
2024-12-09,NB-1017,46.0,0.0,8,92.6
2024-12-16,NB-1017,0.0,0.0,8,92.6
2024-12-23,NB-1017,70.0,0.0,8,92.6
2024-12-30,NB-1017,110.0,0.0,8,92.6
2025-01-06,NB-1017,42.0,0.0,8,92.6
2025-01-13,NB-1017,0.0,0.0,8,92.6
2025-01-20,NB-1017,86.0,0.0,8,92.6
2025-01-27,NB-1017,22.0,0.0,8,92.6
2025-02-03,NB-1017,70.0,0.0,8,92.6
2025-02-10,NB-1017,0.0,0.0,8,92.6
2025-02-17,NB-1017,0.0,0.0,8,92.6
2025-02-24,NB-1017,0.0,0.0,8,92.6
2025-03-03,NB-1017,0.0,0.0,8,92.6
2025-03-10,NB-1017,0.0,0.0,8,92.6
2025-03-17,NB-1017,0.0,135.0,8,92.6
2025-03-24,NB-1017,0.0,0.0,8,92.6
2025-03-31,NB-1017,41.0,0.0,8,92.6
2025-04-07,NB-1017,98.0,0.0,8,92.6
2025-04-14,NB-1017,41.0,0.0,8,92.6
2025-04-21,NB-1017,0.0,137.0,8,92.6
2025-04-28,NB-1017,0.0,0.0,8,92.6
2025-05-05,NB-1017,89.0,134.0,8,92.6
2025-05-12,NB-1017,17.0,0.0,8,92.6
2025-05-19,NB-1017,206.0,0.0,8,92.6
2025-05-26,NB-1017,135.0,0.0,8,92.6
2025-06-02,NB-1017,79.0,0.0,8,92.6
2025-06-09,NB-1017,155.0,0.0,8,92.6
2025-06-16,NB-1017,71.0,126.0,8,92.6
2025-06-23,NB-1017,16.0,0.0,8,92.6
2025-06-30,NB-1017,96.0,0.0,8,92.6
2025-07-07,NB-1017,164.0,0.0,8,92.6
2025-07-14,NB-1017,102.0,0.0,8,92.6
2025-07-21,NB-1017,32.0,0.0,8,92.6
2025-07-28,NB-1017,77.0,0.0,8,92.6
2025-08-04,NB-1017,11.0,0.0,8,92.6
2025-08-11,NB-1017,99.0,0.0,8,92.6
2025-08-18,NB-1017,43.0,0.0,8,92.6
2025-08-25,NB-1017,0.0,0.0,8,92.6
2025-09-01,NB-1017,0.0,0.0,8,92.6
2025-09-08,NB-1017,0.0,0.0,8,92.6
2025-09-15,NB-1017,0.0,0.0,8,92.6
2025-09-22,NB-1017,0.0,132.0,8,92.6
2025-09-29,NB-1017,0.0,0.0,8,92.6
2025-10-06,NB-1017,86.0,89.0,8,92.6
2025-10-13,NB-1017,33.0,0.0,8,92.6
2025-10-20,NB-1017,0.0,0.0,8,92.6
2025-10-27,NB-1017,0.0,0.0,8,92.6
2025-11-03,NB-1017,0.0,0.0,8,92.6
2025-11-10,NB-1017,0.0,118.0,8,92.6
2025-11-17,NB-1017,0.0,0.0,8,92.6
2025-11-24,NB-1017,70.0,106.0,8,92.6
2025-12-01,NB-1017,99.0,0.0,8,92.6
2025-12-08,NB-1017,172.0,0.0,8,92.6
2025-12-15,NB-1017,107.0,0.0,8,92.6
2025-12-22,NB-1017,129.0,0.0,8,92.6
2025-12-29,NB-1017,65.0,0.0,8,92.6
2024-01-01,NB-1018,242.0,0.0,5,214.5
2024-01-08,NB-1018,183.0,232.0,5,214.5
2024-01-15,NB-1018,0.0,0.0,5,214.5
2024-01-22,NB-1018,76.0,306.0,5,214.5
2024-01-29,NB-1018,333.0,0.0,5,214.5
2024-02-05,NB-1018,409.0,325.0,5,214.5
2024-02-12,NB-1018,151.0,0.0,5,214.5
2024-02-19,NB-1018,180.0,0.0,5,214.5
2024-02-26,NB-1018,0.0,0.0,5,214.5
2024-03-04,NB-1018,101.0,0.0,5,214.5
2024-03-11,NB-1018,292.0,292.0,5,214.5
2024-03-18,NB-1018,0.0,0.0,5,214.5
2024-03-25,NB-1018,242.0,0.0,5,214.5
2024-04-01,NB-1018,22.0,0.0,5,214.5
2024-04-08,NB-1018,0.0,0.0,5,214.5
2024-04-15,NB-1018,0.0,0.0,5,214.5
2024-04-22,NB-1018,0.0,319.0,5,214.5
2024-04-29,NB-1018,0.0,289.0,5,214.5
2024-05-06,NB-1018,0.0,215.0,5,214.5
2024-05-13,NB-1018,0.0,0.0,5,214.5
2024-05-20,NB-1018,0.0,0.0,5,214.5
2024-05-27,NB-1018,0.0,221.0,5,214.5
2024-06-03,NB-1018,0.0,0.0,5,214.5
2024-06-10,NB-1018,64.0,0.0,5,214.5
2024-06-17,NB-1018,249.0,249.0,5,214.5
2024-06-24,NB-1018,319.0,0.0,5,214.5
2024-07-01,NB-1018,155.0,0.0,5,214.5
2024-07-08,NB-1018,143.0,0.0,5,214.5
2024-07-15,NB-1018,0.0,0.0,5,214.5
2024-07-22,NB-1018,0.0,0.0,5,214.5
2024-07-29,NB-1018,0.0,0.0,5,214.5
2024-08-05,NB-1018,114.0,0.0,5,214.5
2024-08-12,NB-1018,0.0,0.0,5,214.5
2024-08-19,NB-1018,172.0,0.0,5,214.5
2024-08-26,NB-1018,7.0,0.0,5,214.5
2024-09-02,NB-1018,0.0,280.0,5,214.5
2024-09-09,NB-1018,0.0,322.0,5,214.5
2024-09-16,NB-1018,155.0,0.0,5,214.5
2024-09-23,NB-1018,0.0,0.0,5,214.5
2024-09-30,NB-1018,0.0,208.0,5,214.5
2024-10-07,NB-1018,0.0,228.0,5,214.5
2024-10-14,NB-1018,0.0,0.0,5,214.5
2024-10-21,NB-1018,0.0,238.0,5,214.5
2024-10-28,NB-1018,0.0,0.0,5,214.5
2024-11-04,NB-1018,0.0,296.0,5,214.5
2024-11-11,NB-1018,0.0,309.0,5,214.5
2024-11-18,NB-1018,255.0,0.0,5,214.5
2024-11-25,NB-1018,215.0,0.0,5,214.5
2024-12-02,NB-1018,27.0,0.0,5,214.5
2024-12-09,NB-1018,370.0,0.0,5,214.5
2024-12-16,NB-1018,121.0,0.0,5,214.5
2024-12-23,NB-1018,0.0,0.0,5,214.5
2024-12-30,NB-1018,0.0,0.0,5,214.5
2025-01-06,NB-1018,0.0,0.0,5,214.5
2025-01-13,NB-1018,0.0,237.0,5,214.5
2025-01-20,NB-1018,43.0,0.0,5,214.5
2025-01-27,NB-1018,109.0,291.0,5,214.5
2025-02-03,NB-1018,191.0,0.0,5,214.5
2025-02-10,NB-1018,0.0,0.0,5,214.5
2025-02-17,NB-1018,197.0,0.0,5,214.5
2025-02-24,NB-1018,0.0,202.0,5,214.5
2025-03-03,NB-1018,0.0,0.0,5,214.5
2025-03-10,NB-1018,71.0,0.0,5,214.5
2025-03-17,NB-1018,0.0,0.0,5,214.5
2025-03-24,NB-1018,0.0,0.0,5,214.5
2025-03-31,NB-1018,0.0,0.0,5,214.5
2025-04-07,NB-1018,0.0,287.0,5,214.5
2025-04-14,NB-1018,0.0,0.0,5,214.5
2025-04-21,NB-1018,126.0,201.0,5,214.5
2025-04-28,NB-1018,0.0,0.0,5,214.5
2025-05-05,NB-1018,212.0,268.0,5,214.5
2025-05-12,NB-1018,293.0,0.0,5,214.5
2025-05-19,NB-1018,10.0,275.0,5,214.5
2025-05-26,NB-1018,0.0,284.0,5,214.5
2025-06-02,NB-1018,0.0,0.0,5,214.5
2025-06-09,NB-1018,293.0,293.0,5,214.5
2025-06-16,NB-1018,266.0,0.0,5,214.5
2025-06-23,NB-1018,77.0,0.0,5,214.5
2025-06-30,NB-1018,0.0,294.0,5,214.5
2025-07-07,NB-1018,409.0,238.0,5,214.5
2025-07-14,NB-1018,232.0,0.0,5,214.5
2025-07-21,NB-1018,10.0,0.0,5,214.5
2025-07-28,NB-1018,277.0,0.0,5,214.5
2025-08-04,NB-1018,83.0,217.0,5,214.5
2025-08-11,NB-1018,0.0,0.0,5,214.5
2025-08-18,NB-1018,68.0,0.0,5,214.5
2025-08-25,NB-1018,479.0,0.0,5,214.5
2025-09-01,NB-1018,200.0,0.0,5,214.5
2025-09-08,NB-1018,152.0,0.0,5,214.5
2025-09-15,NB-1018,273.0,273.0,5,214.5
2025-09-22,NB-1018,120.0,0.0,5,214.5
2025-09-29,NB-1018,0.0,0.0,5,214.5
2025-10-06,NB-1018,258.0,0.0,5,214.5
2025-10-13,NB-1018,21.0,0.0,5,214.5
2025-10-20,NB-1018,0.0,0.0,5,214.5
2025-10-27,NB-1018,0.0,0.0,5,214.5
2025-11-03,NB-1018,173.0,224.0,5,214.5
2025-11-10,NB-1018,0.0,0.0,5,214.5
2025-11-17,NB-1018,0.0,251.0,5,214.5
2025-11-24,NB-1018,0.0,0.0,5,214.5
2025-12-01,NB-1018,0.0,0.0,5,214.5
2025-12-08,NB-1018,197.0,0.0,5,214.5
2025-12-15,NB-1018,0.0,0.0,5,214.5
2025-12-22,NB-1018,0.0,254.0,5,214.5
2025-12-29,NB-1018,0.0,0.0,5,214.5
2024-01-01,NB-1019,320.0,446.0,10,437.0
2024-01-08,NB-1019,59.0,0.0,10,437.0
2024-01-15,NB-1019,0.0,0.0,10,437.0
2024-01-22,NB-1019,0.0,0.0,10,437.0
2024-01-29,NB-1019,387.0,423.0,10,437.0
2024-02-05,NB-1019,226.0,527.0,10,437.0
2024-02-12,NB-1019,88.0,0.0,10,437.0
2024-02-19,NB-1019,0.0,0.0,10,437.0
2024-02-26,NB-1019,0.0,0.0,10,437.0
2024-03-04,NB-1019,0.0,0.0,10,437.0
2024-03-11,NB-1019,0.0,0.0,10,437.0
2024-03-18,NB-1019,355.0,0.0,10,437.0
2024-03-25,NB-1019,642.0,0.0,10,437.0
2024-04-01,NB-1019,486.0,0.0,10,437.0
2024-04-08,NB-1019,336.0,0.0,10,437.0
2024-04-15,NB-1019,617.0,0.0,10,437.0
2024-04-22,NB-1019,449.0,0.0,10,437.0
2024-04-29,NB-1019,260.0,0.0,10,437.0
2024-05-06,NB-1019,101.0,0.0,10,437.0
2024-05-13,NB-1019,0.0,0.0,10,437.0
2024-05-20,NB-1019,0.0,0.0,10,437.0
2024-05-27,NB-1019,0.0,0.0,10,437.0
2024-06-03,NB-1019,0.0,0.0,10,437.0
2024-06-10,NB-1019,444.0,0.0,10,437.0
2024-06-17,NB-1019,804.0,0.0,10,437.0
2024-06-24,NB-1019,544.0,0.0,10,437.0
2024-07-01,NB-1019,361.0,0.0,10,437.0
2024-07-08,NB-1019,613.0,0.0,10,437.0
2024-07-15,NB-1019,342.0,0.0,10,437.0
2024-07-22,NB-1019,661.0,0.0,10,437.0
2024-07-29,NB-1019,455.0,0.0,10,437.0
2024-08-05,NB-1019,202.0,414.0,10,437.0
2024-08-12,NB-1019,0.0,441.0,10,437.0
2024-08-19,NB-1019,0.0,465.0,10,437.0
2024-08-26,NB-1019,0.0,517.0,10,437.0
2024-09-02,NB-1019,329.0,509.0,10,437.0
2024-09-09,NB-1019,751.0,0.0,10,437.0
2024-09-16,NB-1019,823.0,420.0,10,437.0
2024-09-23,NB-1019,485.0,0.0,10,437.0
2024-09-30,NB-1019,207.0,0.0,10,437.0
2024-10-07,NB-1019,578.0,0.0,10,437.0
2024-10-14,NB-1019,283.0,414.0,10,437.0
2024-10-21,NB-1019,556.0,0.0,10,437.0
2024-10-28,NB-1019,238.0,0.0,10,437.0
2024-11-04,NB-1019,0.0,0.0,10,437.0
2024-11-11,NB-1019,0.0,0.0,10,437.0
2024-11-18,NB-1019,581.0,0.0,10,437.0
2024-11-25,NB-1019,360.0,0.0,10,437.0
2024-12-02,NB-1019,89.0,0.0,10,437.0
2024-12-09,NB-1019,491.0,0.0,10,437.0
2024-12-16,NB-1019,224.0,0.0,10,437.0
2024-12-23,NB-1019,594.0,594.0,10,437.0
2024-12-30,NB-1019,347.0,427.0,10,437.0
2025-01-06,NB-1019,69.0,598.0,10,437.0
2025-01-13,NB-1019,414.0,663.0,10,437.0
2025-01-20,NB-1019,193.0,0.0,10,437.0
2025-01-27,NB-1019,11.0,0.0,10,437.0
2025-02-03,NB-1019,0.0,547.0,10,437.0
2025-02-10,NB-1019,0.0,0.0,10,437.0
2025-02-17,NB-1019,510.0,510.0,10,437.0
2025-02-24,NB-1019,331.0,520.0,10,437.0
2025-03-03,NB-1019,488.0,0.0,10,437.0
2025-03-10,NB-1019,330.0,531.0,10,437.0
2025-03-17,NB-1019,692.0,0.0,10,437.0
2025-03-24,NB-1019,552.0,0.0,10,437.0
2025-03-31,NB-1019,355.0,0.0,10,437.0
2025-04-07,NB-1019,219.0,0.0,10,437.0
2025-04-14,NB-1019,47.0,534.0,10,437.0
2025-04-21,NB-1019,465.0,0.0,10,437.0
2025-04-28,NB-1019,896.0,0.0,10,437.0
2025-05-05,NB-1019,704.0,0.0,10,437.0
2025-05-12,NB-1019,499.0,0.0,10,437.0
2025-05-19,NB-1019,241.0,524.0,10,437.0
2025-05-26,NB-1019,70.0,0.0,10,437.0
2025-06-02,NB-1019,0.0,476.0,10,437.0
2025-06-09,NB-1019,456.0,0.0,10,437.0
2025-06-16,NB-1019,251.0,0.0,10,437.0
2025-06-23,NB-1019,12.0,593.0,10,437.0
2025-06-30,NB-1019,0.0,0.0,10,437.0
2025-07-07,NB-1019,0.0,503.0,10,437.0
2025-07-14,NB-1019,427.0,538.0,10,437.0
2025-07-21,NB-1019,104.0,0.0,10,437.0
2025-07-28,NB-1019,452.0,0.0,10,437.0
2025-08-04,NB-1019,213.0,0.0,10,437.0
2025-08-11,NB-1019,0.0,0.0,10,437.0
2025-08-18,NB-1019,224.0,0.0,10,437.0
2025-08-25,NB-1019,0.0,409.0,10,437.0
2025-09-01,NB-1019,386.0,600.0,10,437.0
2025-09-08,NB-1019,578.0,0.0,10,437.0
2025-09-15,NB-1019,288.0,0.0,10,437.0
2025-09-22,NB-1019,503.0,503.0,10,437.0
2025-09-29,NB-1019,166.0,0.0,10,437.0
2025-10-06,NB-1019,0.0,0.0,10,437.0
2025-10-13,NB-1019,0.0,0.0,10,437.0
2025-10-20,NB-1019,0.0,0.0,10,437.0
2025-10-27,NB-1019,473.0,0.0,10,437.0
2025-11-03,NB-1019,200.0,410.0,10,437.0
2025-11-10,NB-1019,0.0,489.0,10,437.0
2025-11-17,NB-1019,0.0,0.0,10,437.0
2025-11-24,NB-1019,0.0,0.0,10,437.0
2025-12-01,NB-1019,0.0,545.0,10,437.0
2025-12-08,NB-1019,315.0,0.0,10,437.0
2025-12-15,NB-1019,0.0,0.0,10,437.0
2025-12-22,NB-1019,382.0,0.0,10,437.0
2025-12-29,NB-1019,811.0,0.0,10,437.0
2024-01-01,NB-1020,192.0,0.0,9,82.8
2024-01-08,NB-1020,129.0,0.0,9,82.8
2024-01-15,NB-1020,86.0,0.0,9,82.8
2024-01-22,NB-1020,40.0,0.0,9,82.8
2024-01-29,NB-1020,0.0,0.0,9,82.8
2024-02-05,NB-1020,81.0,0.0,9,82.8
2024-02-12,NB-1020,141.0,0.0,9,82.8
2024-02-19,NB-1020,102.0,0.0,9,82.8
2024-02-26,NB-1020,51.0,0.0,9,82.8
2024-03-04,NB-1020,14.0,0.0,9,82.8
2024-03-11,NB-1020,0.0,0.0,9,82.8
2024-03-18,NB-1020,0.0,0.0,9,82.8
2024-03-25,NB-1020,0.0,0.0,9,82.8
2024-04-01,NB-1020,88.0,0.0,9,82.8
2024-04-08,NB-1020,175.0,0.0,9,82.8
2024-04-15,NB-1020,139.0,0.0,9,82.8
2024-04-22,NB-1020,112.0,0.0,9,82.8
2024-04-29,NB-1020,86.0,0.0,9,82.8
2024-05-06,NB-1020,44.0,121.0,9,82.8
2024-05-13,NB-1020,9.0,0.0,9,82.8
2024-05-20,NB-1020,0.0,0.0,9,82.8
2024-05-27,NB-1020,0.0,0.0,9,82.8
2024-06-03,NB-1020,0.0,0.0,9,82.8
2024-06-10,NB-1020,154.0,0.0,9,82.8
2024-06-17,NB-1020,93.0,0.0,9,82.8
2024-06-24,NB-1020,43.0,92.0,9,82.8
2024-07-01,NB-1020,0.0,0.0,9,82.8
2024-07-08,NB-1020,0.0,0.0,9,82.8
2024-07-15,NB-1020,0.0,88.0,9,82.8
2024-07-22,NB-1020,64.0,0.0,9,82.8
2024-07-29,NB-1020,24.0,106.0,9,82.8
2024-08-05,NB-1020,0.0,0.0,9,82.8
2024-08-12,NB-1020,0.0,80.0,9,82.8
2024-08-19,NB-1020,0.0,0.0,9,82.8
2024-08-26,NB-1020,0.0,92.0,9,82.8
2024-09-02,NB-1020,93.0,0.0,9,82.8
2024-09-09,NB-1020,14.0,88.0,9,82.8
2024-09-16,NB-1020,59.0,0.0,9,82.8
2024-09-23,NB-1020,0.0,79.0,9,82.8
2024-09-30,NB-1020,0.0,89.0,9,82.8
2024-10-07,NB-1020,81.0,81.0,9,82.8
2024-10-14,NB-1020,28.0,0.0,9,82.8
2024-10-21,NB-1020,0.0,0.0,9,82.8
2024-10-28,NB-1020,0.0,0.0,9,82.8
2024-11-04,NB-1020,68.0,0.0,9,82.8
2024-11-11,NB-1020,67.0,0.0,9,82.8
2024-11-18,NB-1020,0.0,0.0,9,82.8
2024-11-25,NB-1020,0.0,0.0,9,82.8
2024-12-02,NB-1020,79.0,0.0,9,82.8
2024-12-09,NB-1020,33.0,0.0,9,82.8
2024-12-16,NB-1020,148.0,95.0,9,82.8
2024-12-23,NB-1020,96.0,0.0,9,82.8
2024-12-30,NB-1020,32.0,0.0,9,82.8
2025-01-06,NB-1020,0.0,117.0,9,82.8
2025-01-13,NB-1020,0.0,0.0,9,82.8
2025-01-20,NB-1020,108.0,108.0,9,82.8
2025-01-27,NB-1020,56.0,0.0,9,82.8
2025-02-03,NB-1020,99.0,0.0,9,82.8
2025-02-10,NB-1020,47.0,79.0,9,82.8
2025-02-17,NB-1020,94.0,0.0,9,82.8
2025-02-24,NB-1020,48.0,79.0,9,82.8
2025-03-03,NB-1020,0.0,0.0,9,82.8
2025-03-10,NB-1020,0.0,101.0,9,82.8
2025-03-17,NB-1020,0.0,0.0,9,82.8
2025-03-24,NB-1020,111.0,0.0,9,82.8
2025-03-31,NB-1020,69.0,101.0,9,82.8
2025-04-07,NB-1020,0.0,0.0,9,82.8
2025-04-14,NB-1020,0.0,0.0,9,82.8
2025-04-21,NB-1020,0.0,0.0,9,82.8
2025-04-28,NB-1020,62.0,91.0,9,82.8
2025-05-05,NB-1020,34.0,0.0,9,82.8
2025-05-12,NB-1020,0.0,0.0,9,82.8
2025-05-19,NB-1020,0.0,0.0,9,82.8
2025-05-26,NB-1020,0.0,0.0,9,82.8
2025-06-02,NB-1020,0.0,0.0,9,82.8
2025-06-09,NB-1020,0.0,105.0,9,82.8
2025-06-16,NB-1020,89.0,0.0,9,82.8
2025-06-23,NB-1020,36.0,93.0,9,82.8
2025-06-30,NB-1020,0.0,0.0,9,82.8
2025-07-07,NB-1020,91.0,0.0,9,82.8
2025-07-14,NB-1020,22.0,100.0,9,82.8
2025-07-21,NB-1020,0.0,0.0,9,82.8
2025-07-28,NB-1020,0.0,0.0,9,82.8
2025-08-04,NB-1020,139.0,81.0,9,82.8
2025-08-11,NB-1020,63.0,0.0,9,82.8
2025-08-18,NB-1020,0.0,0.0,9,82.8
2025-08-25,NB-1020,0.0,0.0,9,82.8
2025-09-01,NB-1020,0.0,108.0,9,82.8
2025-09-08,NB-1020,52.0,0.0,9,82.8
2025-09-15,NB-1020,0.0,0.0,9,82.8
2025-09-22,NB-1020,0.0,0.0,9,82.8
2025-09-29,NB-1020,0.0,79.0,9,82.8
2025-10-06,NB-1020,0.0,0.0,9,82.8
2025-10-13,NB-1020,0.0,0.0,9,82.8
2025-10-20,NB-1020,0.0,104.0,9,82.8
2025-10-27,NB-1020,0.0,93.0,9,82.8
2025-11-03,NB-1020,0.0,87.0,9,82.8
2025-11-10,NB-1020,167.0,96.0,9,82.8
2025-11-17,NB-1020,75.0,0.0,9,82.8
2025-11-24,NB-1020,70.0,119.0,9,82.8
2025-12-01,NB-1020,0.0,0.0,9,82.8
2025-12-08,NB-1020,0.0,0.0,9,82.8
2025-12-15,NB-1020,42.0,0.0,9,82.8
2025-12-22,NB-1020,49.0,0.0,9,82.8
2025-12-29,NB-1020,0.0,0.0,9,82.8
2024-01-01,NB-1021,179.0,646.0,17,506.1
2024-01-08,NB-1021,799.0,0.0,17,506.1
2024-01-15,NB-1021,652.0,0.0,17,506.1
2024-01-22,NB-1021,511.0,0.0,17,506.1
2024-01-29,NB-1021,384.0,716.0,17,506.1
2024-02-05,NB-1021,215.0,619.0,17,506.1
2024-02-12,NB-1021,82.0,476.0,17,506.1
2024-02-19,NB-1021,0.0,0.0,17,506.1
2024-02-26,NB-1021,0.0,0.0,17,506.1
2024-03-04,NB-1021,0.0,0.0,17,506.1
2024-03-11,NB-1021,0.0,0.0,17,506.1
2024-03-18,NB-1021,0.0,0.0,17,506.1
2024-03-25,NB-1021,0.0,0.0,17,506.1
2024-04-01,NB-1021,634.0,0.0,17,506.1
2024-04-08,NB-1021,449.0,0.0,17,506.1
2024-04-15,NB-1021,253.0,0.0,17,506.1
2024-04-22,NB-1021,795.0,0.0,17,506.1
2024-04-29,NB-1021,591.0,0.0,17,506.1
2024-05-06,NB-1021,350.0,0.0,17,506.1
2024-05-13,NB-1021,783.0,0.0,17,506.1
2024-05-20,NB-1021,583.0,0.0,17,506.1
2024-05-27,NB-1021,426.0,0.0,17,506.1
2024-06-03,NB-1021,929.0,0.0,17,506.1
2024-06-10,NB-1021,769.0,0.0,17,506.1
2024-06-17,NB-1021,479.0,0.0,17,506.1
2024-06-24,NB-1021,945.0,0.0,17,506.1
2024-07-01,NB-1021,725.0,0.0,17,506.1
2024-07-08,NB-1021,491.0,0.0,17,506.1
2024-07-15,NB-1021,252.0,736.0,17,506.1
2024-07-22,NB-1021,694.0,0.0,17,506.1
2024-07-29,NB-1021,503.0,616.0,17,506.1
2024-08-05,NB-1021,269.0,0.0,17,506.1
2024-08-12,NB-1021,76.0,0.0,17,506.1
2024-08-19,NB-1021,0.0,752.0,17,506.1
2024-08-26,NB-1021,1127.0,724.0,17,506.1
2024-09-02,NB-1021,974.0,0.0,17,506.1
2024-09-09,NB-1021,791.0,0.0,17,506.1
2024-09-16,NB-1021,598.0,0.0,17,506.1
2024-09-23,NB-1021,411.0,0.0,17,506.1
2024-09-30,NB-1021,794.0,0.0,17,506.1
2024-10-07,NB-1021,625.0,0.0,17,506.1
2024-10-14,NB-1021,457.0,0.0,17,506.1
2024-10-21,NB-1021,830.0,0.0,17,506.1
2024-10-28,NB-1021,638.0,0.0,17,506.1
2024-11-04,NB-1021,391.0,0.0,17,506.1
2024-11-11,NB-1021,148.0,0.0,17,506.1
2024-11-18,NB-1021,0.0,0.0,17,506.1
2024-11-25,NB-1021,455.0,0.0,17,506.1
2024-12-02,NB-1021,262.0,594.0,17,506.1
2024-12-09,NB-1021,45.0,0.0,17,506.1
2024-12-16,NB-1021,540.0,0.0,17,506.1
2024-12-23,NB-1021,318.0,627.0,17,506.1
2024-12-30,NB-1021,109.0,0.0,17,506.1
2025-01-06,NB-1021,608.0,0.0,17,506.1
2025-01-13,NB-1021,958.0,0.0,17,506.1
2025-01-20,NB-1021,756.0,0.0,17,506.1
2025-01-27,NB-1021,478.0,0.0,17,506.1
2025-02-03,NB-1021,242.0,0.0,17,506.1
2025-02-10,NB-1021,798.0,0.0,17,506.1
2025-02-17,NB-1021,522.0,0.0,17,506.1
2025-02-24,NB-1021,202.0,657.0,17,506.1
2025-03-03,NB-1021,488.0,0.0,17,506.1
2025-03-10,NB-1021,254.0,0.0,17,506.1
2025-03-17,NB-1021,39.0,650.0,17,506.1
2025-03-24,NB-1021,422.0,0.0,17,506.1
2025-03-31,NB-1021,840.0,760.0,17,506.1
2025-04-07,NB-1021,476.0,0.0,17,506.1
2025-04-14,NB-1021,954.0,744.0,17,506.1
2025-04-21,NB-1021,610.0,0.0,17,506.1
2025-04-28,NB-1021,859.0,0.0,17,506.1
2025-05-05,NB-1021,576.0,0.0,17,506.1
2025-05-12,NB-1021,206.0,0.0,17,506.1
2025-05-19,NB-1021,0.0,0.0,17,506.1
2025-05-26,NB-1021,0.0,0.0,17,506.1
2025-06-02,NB-1021,0.0,0.0,17,506.1
2025-06-09,NB-1021,496.0,496.0,17,506.1
2025-06-16,NB-1021,139.0,0.0,17,506.1
2025-06-23,NB-1021,528.0,0.0,17,506.1
2025-06-30,NB-1021,293.0,641.0,17,506.1
2025-07-07,NB-1021,748.0,0.0,17,506.1
2025-07-14,NB-1021,453.0,0.0,17,506.1
2025-07-21,NB-1021,88.0,0.0,17,506.1
2025-07-28,NB-1021,374.0,540.0,17,506.1
2025-08-04,NB-1021,58.0,0.0,17,506.1
2025-08-11,NB-1021,0.0,0.0,17,506.1
2025-08-18,NB-1021,0.0,0.0,17,506.1
2025-08-25,NB-1021,560.0,0.0,17,506.1
2025-09-01,NB-1021,182.0,0.0,17,506.1
2025-09-08,NB-1021,562.0,562.0,17,506.1
2025-09-15,NB-1021,317.0,0.0,17,506.1
2025-09-22,NB-1021,43.0,0.0,17,506.1
2025-09-29,NB-1021,0.0,0.0,17,506.1
2025-10-06,NB-1021,1008.0,0.0,17,506.1
2025-10-13,NB-1021,690.0,0.0,17,506.1
2025-10-20,NB-1021,256.0,0.0,17,506.1
2025-10-27,NB-1021,0.0,0.0,17,506.1
2025-11-03,NB-1021,0.0,0.0,17,506.1
2025-11-10,NB-1021,0.0,606.0,17,506.1
2025-11-17,NB-1021,0.0,0.0,17,506.1
2025-11-24,NB-1021,518.0,0.0,17,506.1
2025-12-01,NB-1021,975.0,0.0,17,506.1
2025-12-08,NB-1021,750.0,0.0,17,506.1
2025-12-15,NB-1021,514.0,0.0,17,506.1
2025-12-22,NB-1021,232.0,0.0,17,506.1
2025-12-29,NB-1021,0.0,0.0,17,506.1
2024-01-01,NB-1022,74.0,0.0,12,138.1
2024-01-08,NB-1022,34.0,0.0,12,138.1
2024-01-15,NB-1022,0.0,0.0,12,138.1
2024-01-22,NB-1022,0.0,0.0,12,138.1
2024-01-29,NB-1022,166.0,0.0,12,138.1
2024-02-05,NB-1022,76.0,0.0,12,138.1
2024-02-12,NB-1022,138.0,0.0,12,138.1
2024-02-19,NB-1022,50.0,0.0,12,138.1
2024-02-26,NB-1022,284.0,0.0,12,138.1
2024-03-04,NB-1022,218.0,0.0,12,138.1
2024-03-11,NB-1022,118.0,0.0,12,138.1
2024-03-18,NB-1022,52.0,0.0,12,138.1
2024-03-25,NB-1022,0.0,149.0,12,138.1
2024-04-01,NB-1022,149.0,0.0,12,138.1
2024-04-08,NB-1022,74.0,0.0,12,138.1
2024-04-15,NB-1022,163.0,0.0,12,138.1
2024-04-22,NB-1022,196.0,128.0,12,138.1
2024-04-29,NB-1022,275.0,0.0,12,138.1
2024-05-06,NB-1022,169.0,0.0,12,138.1
2024-05-13,NB-1022,216.0,0.0,12,138.1
2024-05-20,NB-1022,139.0,0.0,12,138.1
2024-05-27,NB-1022,20.0,0.0,12,138.1
2024-06-03,NB-1022,0.0,0.0,12,138.1
2024-06-10,NB-1022,126.0,136.0,12,138.1
2024-06-17,NB-1022,192.0,192.0,12,138.1
2024-06-24,NB-1022,92.0,0.0,12,138.1
2024-07-01,NB-1022,251.0,0.0,12,138.1
2024-07-08,NB-1022,174.0,0.0,12,138.1
2024-07-15,NB-1022,107.0,0.0,12,138.1
2024-07-22,NB-1022,230.0,0.0,12,138.1
2024-07-29,NB-1022,174.0,0.0,12,138.1
2024-08-05,NB-1022,252.0,137.0,12,138.1
2024-08-12,NB-1022,205.0,0.0,12,138.1
2024-08-19,NB-1022,171.0,0.0,12,138.1
2024-08-26,NB-1022,128.0,0.0,12,138.1
2024-09-02,NB-1022,102.0,0.0,12,138.1
2024-09-09,NB-1022,58.0,0.0,12,138.1
2024-09-16,NB-1022,11.0,0.0,12,138.1
2024-09-23,NB-1022,0.0,157.0,12,138.1
2024-09-30,NB-1022,0.0,138.0,12,138.1
2024-10-07,NB-1022,119.0,0.0,12,138.1
2024-10-14,NB-1022,85.0,179.0,12,138.1
2024-10-21,NB-1022,37.0,0.0,12,138.1
2024-10-28,NB-1022,0.0,0.0,12,138.1
2024-11-04,NB-1022,0.0,175.0,12,138.1
2024-11-11,NB-1022,0.0,158.0,12,138.1
2024-11-18,NB-1022,0.0,172.0,12,138.1
2024-11-25,NB-1022,0.0,0.0,12,138.1
2024-12-02,NB-1022,133.0,207.0,12,138.1
2024-12-09,NB-1022,65.0,0.0,12,138.1
2024-12-16,NB-1022,0.0,195.0,12,138.1
2024-12-23,NB-1022,139.0,0.0,12,138.1
2024-12-30,NB-1022,77.0,0.0,12,138.1
2025-01-06,NB-1022,122.0,0.0,12,138.1
2025-01-13,NB-1022,4.0,0.0,12,138.1
2025-01-20,NB-1022,0.0,164.0,12,138.1
2025-01-27,NB-1022,0.0,166.0,12,138.1
2025-02-03,NB-1022,120.0,0.0,12,138.1
2025-02-10,NB-1022,23.0,0.0,12,138.1
2025-02-17,NB-1022,179.0,179.0,12,138.1
2025-02-24,NB-1022,73.0,192.0,12,138.1
2025-03-03,NB-1022,0.0,143.0,12,138.1
2025-03-10,NB-1022,0.0,0.0,12,138.1
2025-03-17,NB-1022,265.0,0.0,12,138.1
2025-03-24,NB-1022,102.0,0.0,12,138.1
2025-03-31,NB-1022,120.0,189.0,12,138.1
2025-04-07,NB-1022,0.0,0.0,12,138.1
2025-04-14,NB-1022,0.0,0.0,12,138.1
2025-04-21,NB-1022,0.0,0.0,12,138.1
2025-04-28,NB-1022,0.0,0.0,12,138.1
2025-05-05,NB-1022,0.0,0.0,12,138.1
2025-05-12,NB-1022,0.0,0.0,12,138.1
2025-05-19,NB-1022,129.0,192.0,12,138.1
2025-05-26,NB-1022,33.0,0.0,12,138.1
2025-06-02,NB-1022,63.0,0.0,12,138.1
2025-06-09,NB-1022,0.0,171.0,12,138.1
2025-06-16,NB-1022,0.0,0.0,12,138.1
2025-06-23,NB-1022,0.0,0.0,12,138.1
2025-06-30,NB-1022,72.0,194.0,12,138.1
2025-07-07,NB-1022,0.0,0.0,12,138.1
2025-07-14,NB-1022,134.0,0.0,12,138.1
2025-07-21,NB-1022,173.0,0.0,12,138.1
2025-07-28,NB-1022,304.0,0.0,12,138.1
2025-08-04,NB-1022,228.0,0.0,12,138.1
2025-08-11,NB-1022,169.0,0.0,12,138.1
2025-08-18,NB-1022,246.0,140.0,12,138.1
2025-08-25,NB-1022,193.0,0.0,12,138.1
2025-09-01,NB-1022,136.0,143.0,12,138.1
2025-09-08,NB-1022,54.0,0.0,12,138.1
2025-09-15,NB-1022,217.0,0.0,12,138.1
2025-09-22,NB-1022,169.0,0.0,12,138.1
2025-09-29,NB-1022,118.0,0.0,12,138.1
2025-10-06,NB-1022,61.0,0.0,12,138.1
2025-10-13,NB-1022,123.0,193.0,12,138.1
2025-10-20,NB-1022,37.0,0.0,12,138.1
2025-10-27,NB-1022,0.0,0.0,12,138.1
2025-11-03,NB-1022,143.0,143.0,12,138.1
2025-11-10,NB-1022,84.0,179.0,12,138.1
2025-11-17,NB-1022,0.0,0.0,12,138.1
2025-11-24,NB-1022,0.0,0.0,12,138.1
2025-12-01,NB-1022,0.0,0.0,12,138.1
2025-12-08,NB-1022,0.0,164.0,12,138.1
2025-12-15,NB-1022,125.0,0.0,12,138.1
2025-12-22,NB-1022,159.0,0.0,12,138.1
2025-12-29,NB-1022,43.0,0.0,12,138.1
2024-01-01,NB-1023,178.0,342.0,6,268.4
2024-01-08,NB-1023,0.0,0.0,6,268.4
2024-01-15,NB-1023,0.0,359.0,6,268.4
2024-01-22,NB-1023,0.0,0.0,6,268.4
2024-01-29,NB-1023,413.0,413.0,6,268.4
2024-02-05,NB-1023,88.0,344.0,6,268.4
2024-02-12,NB-1023,0.0,321.0,6,268.4
2024-02-19,NB-1023,0.0,0.0,6,268.4
2024-02-26,NB-1023,0.0,0.0,6,268.4
2024-03-04,NB-1023,340.0,340.0,6,268.4
2024-03-11,NB-1023,312.0,0.0,6,268.4
2024-03-18,NB-1023,70.0,0.0,6,268.4
2024-03-25,NB-1023,0.0,0.0,6,268.4
2024-04-01,NB-1023,0.0,364.0,6,268.4
2024-04-08,NB-1023,0.0,0.0,6,268.4
2024-04-15,NB-1023,298.0,0.0,6,268.4
2024-04-22,NB-1023,66.0,0.0,6,268.4
2024-04-29,NB-1023,0.0,340.0,6,268.4
2024-05-06,NB-1023,327.0,0.0,6,268.4
2024-05-13,NB-1023,107.0,0.0,6,268.4
2024-05-20,NB-1023,0.0,0.0,6,268.4
2024-05-27,NB-1023,0.0,346.0,6,268.4
2024-06-03,NB-1023,0.0,0.0,6,268.4
2024-06-10,NB-1023,269.0,0.0,6,268.4
2024-06-17,NB-1023,425.0,0.0,6,268.4
2024-06-24,NB-1023,520.0,296.0,6,268.4
2024-07-01,NB-1023,384.0,0.0,6,268.4
2024-07-08,NB-1023,245.0,0.0,6,268.4
2024-07-15,NB-1023,49.0,0.0,6,268.4
2024-07-22,NB-1023,0.0,282.0,6,268.4
2024-07-29,NB-1023,0.0,0.0,6,268.4
2024-08-05,NB-1023,0.0,0.0,6,268.4
2024-08-12,NB-1023,0.0,0.0,6,268.4
2024-08-19,NB-1023,0.0,0.0,6,268.4
2024-08-26,NB-1023,0.0,0.0,6,268.4
2024-09-02,NB-1023,536.0,0.0,6,268.4
2024-09-09,NB-1023,345.0,0.0,6,268.4
2024-09-16,NB-1023,504.0,0.0,6,268.4
2024-09-23,NB-1023,290.0,0.0,6,268.4
2024-09-30,NB-1023,87.0,0.0,6,268.4
2024-10-07,NB-1023,0.0,0.0,6,268.4
2024-10-14,NB-1023,374.0,374.0,6,268.4
2024-10-21,NB-1023,427.0,0.0,6,268.4
2024-10-28,NB-1023,217.0,248.0,6,268.4
2024-11-04,NB-1023,0.0,0.0,6,268.4
2024-11-11,NB-1023,0.0,394.0,6,268.4
2024-11-18,NB-1023,0.0,0.0,6,268.4
2024-11-25,NB-1023,0.0,0.0,6,268.4
2024-12-02,NB-1023,0.0,0.0,6,268.4
2024-12-09,NB-1023,0.0,0.0,6,268.4
2024-12-16,NB-1023,0.0,0.0,6,268.4
2024-12-23,NB-1023,150.0,0.0,6,268.4
2024-12-30,NB-1023,3.0,0.0,6,268.4
2025-01-06,NB-1023,0.0,0.0,6,268.4
2025-01-13,NB-1023,356.0,0.0,6,268.4
2025-01-20,NB-1023,358.0,0.0,6,268.4
2025-01-27,NB-1023,167.0,0.0,6,268.4
2025-02-03,NB-1023,485.0,0.0,6,268.4
2025-02-10,NB-1023,245.0,283.0,6,268.4
2025-02-17,NB-1023,0.0,0.0,6,268.4
2025-02-24,NB-1023,0.0,0.0,6,268.4
2025-03-03,NB-1023,0.0,0.0,6,268.4
2025-03-10,NB-1023,0.0,0.0,6,268.4
2025-03-17,NB-1023,0.0,0.0,6,268.4
2025-03-24,NB-1023,0.0,0.0,6,268.4
2025-03-31,NB-1023,0.0,0.0,6,268.4
2025-04-07,NB-1023,0.0,0.0,6,268.4
2025-04-14,NB-1023,0.0,363.0,6,268.4
2025-04-21,NB-1023,307.0,307.0,6,268.4
2025-04-28,NB-1023,510.0,0.0,6,268.4
2025-05-05,NB-1023,390.0,0.0,6,268.4
2025-05-12,NB-1023,205.0,0.0,6,268.4
2025-05-19,NB-1023,0.0,268.0,6,268.4
2025-05-26,NB-1023,0.0,0.0,6,268.4
2025-06-02,NB-1023,0.0,0.0,6,268.4
2025-06-09,NB-1023,0.0,409.0,6,268.4
2025-06-16,NB-1023,0.0,329.0,6,268.4
2025-06-23,NB-1023,254.0,0.0,6,268.4
2025-06-30,NB-1023,142.0,0.0,6,268.4
2025-07-07,NB-1023,272.0,0.0,6,268.4
2025-07-14,NB-1023,111.0,0.0,6,268.4
2025-07-21,NB-1023,0.0,0.0,6,268.4
2025-07-28,NB-1023,0.0,255.0,6,268.4
2025-08-04,NB-1023,0.0,0.0,6,268.4
2025-08-11,NB-1023,512.0,0.0,6,268.4
2025-08-18,NB-1023,364.0,0.0,6,268.4
2025-08-25,NB-1023,474.0,0.0,6,268.4
2025-09-01,NB-1023,271.0,0.0,6,268.4
2025-09-08,NB-1023,22.0,0.0,6,268.4
2025-09-15,NB-1023,305.0,0.0,6,268.4
2025-09-22,NB-1023,371.0,0.0,6,268.4
2025-09-29,NB-1023,571.0,0.0,6,268.4
2025-10-06,NB-1023,410.0,0.0,6,268.4
2025-10-13,NB-1023,249.0,397.0,6,268.4
2025-10-20,NB-1023,262.0,0.0,6,268.4
2025-10-27,NB-1023,124.0,0.0,6,268.4
2025-11-03,NB-1023,0.0,0.0,6,268.4
2025-11-10,NB-1023,0.0,0.0,6,268.4
2025-11-17,NB-1023,301.0,0.0,6,268.4
2025-11-24,NB-1023,52.0,0.0,6,268.4
2025-12-01,NB-1023,0.0,400.0,6,268.4
2025-12-08,NB-1023,0.0,253.0,6,268.4
2025-12-15,NB-1023,0.0,0.0,6,268.4
2025-12-22,NB-1023,0.0,0.0,6,268.4
2025-12-29,NB-1023,0.0,403.0,6,268.4
2024-01-01,NB-1024,88.0,211.0,10,201.5
2024-01-08,NB-1024,193.0,193.0,10,201.5
2024-01-15,NB-1024,88.0,0.0,10,201.5
2024-01-22,NB-1024,0.0,0.0,10,201.5
2024-01-29,NB-1024,0.0,0.0,10,201.5
2024-02-05,NB-1024,246.0,0.0,10,201.5
2024-02-12,NB-1024,158.0,0.0,10,201.5
2024-02-19,NB-1024,31.0,0.0,10,201.5
2024-02-26,NB-1024,209.0,0.0,10,201.5
2024-03-04,NB-1024,81.0,240.0,10,201.5
2024-03-11,NB-1024,0.0,0.0,10,201.5
2024-03-18,NB-1024,136.0,292.0,10,201.5
2024-03-25,NB-1024,229.0,0.0,10,201.5
2024-04-01,NB-1024,119.0,0.0,10,201.5
2024-04-08,NB-1024,205.0,0.0,10,201.5
2024-04-15,NB-1024,90.0,0.0,10,201.5
2024-04-22,NB-1024,222.0,0.0,10,201.5
2024-04-29,NB-1024,63.0,0.0,10,201.5
2024-05-06,NB-1024,0.0,0.0,10,201.5
2024-05-13,NB-1024,0.0,0.0,10,201.5
2024-05-20,NB-1024,0.0,0.0,10,201.5
2024-05-27,NB-1024,0.0,0.0,10,201.5
2024-06-03,NB-1024,0.0,246.0,10,201.5
2024-06-10,NB-1024,172.0,0.0,10,201.5
2024-06-17,NB-1024,264.0,0.0,10,201.5
2024-06-24,NB-1024,102.0,0.0,10,201.5
2024-07-01,NB-1024,0.0,0.0,10,201.5
2024-07-08,NB-1024,204.0,0.0,10,201.5
2024-07-15,NB-1024,72.0,0.0,10,201.5
2024-07-22,NB-1024,203.0,203.0,10,201.5
2024-07-29,NB-1024,74.0,244.0,10,201.5
2024-08-05,NB-1024,0.0,0.0,10,201.5
2024-08-12,NB-1024,0.0,249.0,10,201.5
2024-08-19,NB-1024,222.0,0.0,10,201.5
2024-08-26,NB-1024,93.0,226.0,10,201.5
2024-09-02,NB-1024,7.0,300.0,10,201.5
2024-09-09,NB-1024,0.0,272.0,10,201.5
2024-09-16,NB-1024,197.0,292.0,10,201.5
2024-09-23,NB-1024,392.0,0.0,10,201.5
2024-09-30,NB-1024,284.0,0.0,10,201.5
2024-10-07,NB-1024,182.0,0.0,10,201.5
2024-10-14,NB-1024,406.0,306.0,10,201.5
2024-10-21,NB-1024,330.0,0.0,10,201.5
2024-10-28,NB-1024,234.0,0.0,10,201.5
2024-11-04,NB-1024,446.0,0.0,10,201.5
2024-11-11,NB-1024,342.0,0.0,10,201.5
2024-11-18,NB-1024,229.0,0.0,10,201.5
2024-11-25,NB-1024,123.0,285.0,10,201.5
2024-12-02,NB-1024,328.0,300.0,10,201.5
2024-12-09,NB-1024,225.0,0.0,10,201.5
2024-12-16,NB-1024,106.0,0.0,10,201.5
2024-12-23,NB-1024,229.0,229.0,10,201.5
2024-12-30,NB-1024,98.0,0.0,10,201.5
2025-01-06,NB-1024,0.0,197.0,10,201.5
2025-01-13,NB-1024,0.0,0.0,10,201.5
2025-01-20,NB-1024,0.0,0.0,10,201.5
2025-01-27,NB-1024,0.0,0.0,10,201.5
2025-02-03,NB-1024,0.0,0.0,10,201.5
2025-02-10,NB-1024,0.0,0.0,10,201.5
2025-02-17,NB-1024,122.0,0.0,10,201.5
2025-02-24,NB-1024,0.0,0.0,10,201.5
2025-03-03,NB-1024,308.0,0.0,10,201.5
2025-03-10,NB-1024,172.0,299.0,10,201.5
2025-03-17,NB-1024,319.0,0.0,10,201.5
2025-03-24,NB-1024,181.0,0.0,10,201.5
2025-03-31,NB-1024,220.0,220.0,10,201.5
2025-04-07,NB-1024,10.0,0.0,10,201.5
2025-04-14,NB-1024,0.0,0.0,10,201.5
2025-04-21,NB-1024,211.0,211.0,10,201.5
2025-04-28,NB-1024,57.0,291.0,10,201.5
2025-05-05,NB-1024,227.0,0.0,10,201.5
2025-05-12,NB-1024,51.0,265.0,10,201.5
2025-05-19,NB-1024,0.0,253.0,10,201.5
2025-05-26,NB-1024,0.0,0.0,10,201.5
2025-06-02,NB-1024,270.0,270.0,10,201.5
2025-06-09,NB-1024,408.0,0.0,10,201.5
2025-06-16,NB-1024,289.0,0.0,10,201.5
2025-06-23,NB-1024,178.0,243.0,10,201.5
2025-06-30,NB-1024,247.0,0.0,10,201.5
2025-07-07,NB-1024,136.0,0.0,10,201.5
2025-07-14,NB-1024,5.0,0.0,10,201.5
2025-07-21,NB-1024,185.0,264.0,10,201.5
2025-07-28,NB-1024,21.0,0.0,10,201.5
2025-08-04,NB-1024,0.0,0.0,10,201.5
2025-08-11,NB-1024,0.0,0.0,10,201.5
2025-08-18,NB-1024,193.0,296.0,10,201.5
2025-08-25,NB-1024,63.0,0.0,10,201.5
2025-09-01,NB-1024,171.0,0.0,10,201.5
2025-09-08,NB-1024,0.0,0.0,10,201.5
2025-09-15,NB-1024,0.0,0.0,10,201.5
2025-09-22,NB-1024,170.0,0.0,10,201.5
2025-09-29,NB-1024,47.0,0.0,10,201.5
2025-10-06,NB-1024,0.0,0.0,10,201.5
2025-10-13,NB-1024,138.0,0.0,10,201.5
2025-10-20,NB-1024,109.0,232.0,10,201.5
2025-10-27,NB-1024,0.0,247.0,10,201.5
2025-11-03,NB-1024,0.0,0.0,10,201.5
2025-11-10,NB-1024,0.0,274.0,10,201.5
2025-11-17,NB-1024,233.0,0.0,10,201.5
2025-11-24,NB-1024,363.0,0.0,10,201.5
2025-12-01,NB-1024,255.0,0.0,10,201.5
2025-12-08,NB-1024,417.0,0.0,10,201.5
2025-12-15,NB-1024,271.0,0.0,10,201.5
2025-12-22,NB-1024,131.0,0.0,10,201.5
2025-12-29,NB-1024,226.0,0.0,10,201.5
2024-01-01,NB-1025,182.0,0.0,7,345.7
2024-01-08,NB-1025,0.0,0.0,7,345.7
2024-01-15,NB-1025,0.0,0.0,7,345.7
2024-01-22,NB-1025,0.0,0.0,7,345.7
2024-01-29,NB-1025,0.0,499.0,7,345.7
2024-02-05,NB-1025,0.0,452.0,7,345.7
2024-02-12,NB-1025,0.0,0.0,7,345.7
2024-02-19,NB-1025,0.0,0.0,7,345.7
2024-02-26,NB-1025,0.0,499.0,7,345.7
2024-03-04,NB-1025,0.0,0.0,7,345.7
2024-03-11,NB-1025,0.0,0.0,7,345.7
2024-03-18,NB-1025,0.0,0.0,7,345.7
2024-03-25,NB-1025,239.0,0.0,7,345.7
2024-04-01,NB-1025,0.0,0.0,7,345.7
2024-04-08,NB-1025,0.0,0.0,7,345.7
2024-04-15,NB-1025,0.0,440.0,7,345.7
2024-04-22,NB-1025,0.0,401.0,7,345.7
2024-04-29,NB-1025,0.0,0.0,7,345.7
2024-05-06,NB-1025,275.0,0.0,7,345.7
2024-05-13,NB-1025,463.0,0.0,7,345.7
2024-05-20,NB-1025,215.0,0.0,7,345.7
2024-05-27,NB-1025,0.0,0.0,7,345.7
2024-06-03,NB-1025,494.0,0.0,7,345.7
2024-06-10,NB-1025,252.0,0.0,7,345.7
2024-06-17,NB-1025,455.0,0.0,7,345.7
2024-06-24,NB-1025,166.0,402.0,7,345.7
2024-07-01,NB-1025,0.0,0.0,7,345.7
2024-07-08,NB-1025,0.0,0.0,7,345.7
2024-07-15,NB-1025,0.0,0.0,7,345.7
2024-07-22,NB-1025,407.0,0.0,7,345.7
2024-07-29,NB-1025,601.0,0.0,7,345.7
2024-08-05,NB-1025,444.0,0.0,7,345.7
2024-08-12,NB-1025,309.0,0.0,7,345.7
2024-08-19,NB-1025,145.0,0.0,7,345.7
2024-08-26,NB-1025,35.0,0.0,7,345.7
2024-09-02,NB-1025,0.0,0.0,7,345.7
2024-09-09,NB-1025,0.0,0.0,7,345.7
2024-09-16,NB-1025,0.0,0.0,7,345.7
2024-09-23,NB-1025,377.0,0.0,7,345.7
2024-09-30,NB-1025,252.0,0.0,7,345.7
2024-10-07,NB-1025,56.0,432.0,7,345.7
2024-10-14,NB-1025,0.0,0.0,7,345.7
2024-10-21,NB-1025,355.0,355.0,7,345.7
2024-10-28,NB-1025,119.0,406.0,7,345.7
2024-11-04,NB-1025,0.0,0.0,7,345.7
2024-11-11,NB-1025,0.0,0.0,7,345.7
2024-11-18,NB-1025,266.0,0.0,7,345.7
2024-11-25,NB-1025,17.0,337.0,7,345.7
2024-12-02,NB-1025,0.0,496.0,7,345.7
2024-12-09,NB-1025,0.0,468.0,7,345.7
2024-12-16,NB-1025,201.0,0.0,7,345.7
2024-12-23,NB-1025,0.0,0.0,7,345.7
2024-12-30,NB-1025,342.0,0.0,7,345.7
2025-01-06,NB-1025,412.0,0.0,7,345.7
2025-01-13,NB-1025,86.0,0.0,7,345.7
2025-01-20,NB-1025,0.0,0.0,7,345.7
2025-01-27,NB-1025,537.0,444.0,7,345.7
2025-02-03,NB-1025,255.0,0.0,7,345.7
2025-02-10,NB-1025,0.0,0.0,7,345.7
2025-02-17,NB-1025,0.0,0.0,7,345.7
2025-02-24,NB-1025,0.0,0.0,7,345.7
2025-03-03,NB-1025,222.0,0.0,7,345.7
2025-03-10,NB-1025,0.0,0.0,7,345.7
2025-03-17,NB-1025,0.0,0.0,7,345.7
2025-03-24,NB-1025,0.0,0.0,7,345.7
2025-03-31,NB-1025,0.0,0.0,7,345.7
2025-04-07,NB-1025,0.0,0.0,7,345.7
2025-04-14,NB-1025,0.0,0.0,7,345.7
2025-04-21,NB-1025,0.0,0.0,7,345.7
2025-04-28,NB-1025,0.0,0.0,7,345.7
2025-05-05,NB-1025,0.0,485.0,7,345.7
2025-05-12,NB-1025,0.0,522.0,7,345.7
2025-05-19,NB-1025,306.0,446.0,7,345.7
2025-05-26,NB-1025,448.0,0.0,7,345.7
2025-06-02,NB-1025,247.0,0.0,7,345.7
2025-06-09,NB-1025,50.0,0.0,7,345.7
2025-06-16,NB-1025,412.0,0.0,7,345.7
2025-06-23,NB-1025,560.0,0.0,7,345.7
2025-06-30,NB-1025,417.0,0.0,7,345.7
2025-07-07,NB-1025,282.0,0.0,7,345.7
2025-07-14,NB-1025,93.0,0.0,7,345.7
2025-07-21,NB-1025,320.0,0.0,7,345.7
2025-07-28,NB-1025,498.0,0.0,7,345.7
2025-08-04,NB-1025,361.0,0.0,7,345.7
2025-08-11,NB-1025,753.0,0.0,7,345.7
2025-08-18,NB-1025,601.0,0.0,7,345.7
2025-08-25,NB-1025,460.0,0.0,7,345.7
2025-09-01,NB-1025,315.0,0.0,7,345.7
2025-09-08,NB-1025,154.0,476.0,7,345.7
2025-09-15,NB-1025,527.0,0.0,7,345.7
2025-09-22,NB-1025,365.0,0.0,7,345.7
2025-09-29,NB-1025,551.0,334.0,7,345.7
2025-10-06,NB-1025,396.0,0.0,7,345.7
2025-10-13,NB-1025,250.0,0.0,7,345.7
2025-10-20,NB-1025,0.0,0.0,7,345.7
2025-10-27,NB-1025,0.0,0.0,7,345.7
2025-11-03,NB-1025,357.0,0.0,7,345.7
2025-11-10,NB-1025,161.0,460.0,7,345.7
2025-11-17,NB-1025,384.0,0.0,7,345.7
2025-11-24,NB-1025,49.0,0.0,7,345.7
2025-12-01,NB-1025,536.0,336.0,7,345.7
2025-12-08,NB-1025,325.0,0.0,7,345.7
2025-12-15,NB-1025,117.0,448.0,7,345.7
2025-12-22,NB-1025,0.0,0.0,7,345.7
2025-12-29,NB-1025,0.0,376.0,7,345.7
2024-01-01,NB-1026,244.0,0.0,9,114.0
2024-01-08,NB-1026,187.0,0.0,9,114.0
2024-01-15,NB-1026,114.0,0.0,9,114.0
2024-01-22,NB-1026,59.0,0.0,9,114.0
2024-01-29,NB-1026,11.0,0.0,9,114.0
2024-02-05,NB-1026,0.0,0.0,9,114.0
2024-02-12,NB-1026,95.0,0.0,9,114.0
2024-02-19,NB-1026,212.0,169.0,9,114.0
2024-02-26,NB-1026,174.0,0.0,9,114.0
2024-03-04,NB-1026,130.0,0.0,9,114.0
2024-03-11,NB-1026,79.0,143.0,9,114.0
2024-03-18,NB-1026,187.0,0.0,9,114.0
2024-03-25,NB-1026,138.0,0.0,9,114.0
2024-04-01,NB-1026,253.0,0.0,9,114.0
2024-04-08,NB-1026,200.0,0.0,9,114.0
2024-04-15,NB-1026,136.0,0.0,9,114.0
2024-04-22,NB-1026,70.0,0.0,9,114.0
2024-04-29,NB-1026,169.0,0.0,9,114.0
2024-05-06,NB-1026,118.0,0.0,9,114.0
2024-05-13,NB-1026,50.0,0.0,9,114.0
2024-05-20,NB-1026,0.0,149.0,9,114.0
2024-05-27,NB-1026,0.0,0.0,9,114.0
2024-06-03,NB-1026,0.0,0.0,9,114.0
2024-06-10,NB-1026,0.0,0.0,9,114.0
2024-06-17,NB-1026,0.0,0.0,9,114.0
2024-06-24,NB-1026,98.0,149.0,9,114.0
2024-07-01,NB-1026,0.0,0.0,9,114.0
2024-07-08,NB-1026,0.0,149.0,9,114.0
2024-07-15,NB-1026,0.0,0.0,9,114.0
2024-07-22,NB-1026,70.0,115.0,9,114.0
2024-07-29,NB-1026,0.0,114.0,9,114.0
2024-08-05,NB-1026,0.0,0.0,9,114.0
2024-08-12,NB-1026,0.0,130.0,9,114.0
2024-08-19,NB-1026,0.0,0.0,9,114.0
2024-08-26,NB-1026,134.0,0.0,9,114.0
2024-09-02,NB-1026,53.0,0.0,9,114.0
2024-09-09,NB-1026,0.0,0.0,9,114.0
2024-09-16,NB-1026,66.0,166.0,9,114.0
2024-09-23,NB-1026,118.0,0.0,9,114.0
2024-09-30,NB-1026,46.0,0.0,9,114.0
2024-10-07,NB-1026,0.0,0.0,9,114.0
2024-10-14,NB-1026,0.0,0.0,9,114.0
2024-10-21,NB-1026,0.0,0.0,9,114.0
2024-10-28,NB-1026,57.0,0.0,9,114.0
2024-11-04,NB-1026,0.0,113.0,9,114.0
2024-11-11,NB-1026,0.0,0.0,9,114.0
2024-11-18,NB-1026,0.0,171.0,9,114.0
2024-11-25,NB-1026,0.0,0.0,9,114.0
2024-12-02,NB-1026,123.0,0.0,9,114.0
2024-12-09,NB-1026,207.0,0.0,9,114.0
2024-12-16,NB-1026,133.0,0.0,9,114.0
2024-12-23,NB-1026,58.0,157.0,9,114.0
2024-12-30,NB-1026,92.0,158.0,9,114.0
2025-01-06,NB-1026,19.0,0.0,9,114.0
2025-01-13,NB-1026,0.0,0.0,9,114.0
2025-01-20,NB-1026,139.0,139.0,9,114.0
2025-01-27,NB-1026,70.0,169.0,9,114.0
2025-02-03,NB-1026,18.0,0.0,9,114.0
2025-02-10,NB-1026,167.0,0.0,9,114.0
2025-02-17,NB-1026,118.0,0.0,9,114.0
2025-02-24,NB-1026,58.0,128.0,9,114.0
2025-03-03,NB-1026,0.0,133.0,9,114.0
2025-03-10,NB-1026,0.0,157.0,9,114.0
2025-03-17,NB-1026,0.0,0.0,9,114.0
2025-03-24,NB-1026,0.0,0.0,9,114.0
2025-03-31,NB-1026,0.0,0.0,9,114.0
2025-04-07,NB-1026,0.0,0.0,9,114.0
2025-04-14,NB-1026,0.0,0.0,9,114.0
2025-04-21,NB-1026,0.0,0.0,9,114.0
2025-04-28,NB-1026,0.0,0.0,9,114.0
2025-05-05,NB-1026,0.0,0.0,9,114.0
2025-05-12,NB-1026,68.0,172.0,9,114.0
2025-05-19,NB-1026,101.0,0.0,9,114.0
2025-05-26,NB-1026,15.0,0.0,9,114.0
2025-06-02,NB-1026,98.0,0.0,9,114.0
2025-06-09,NB-1026,22.0,144.0,9,114.0
2025-06-16,NB-1026,0.0,119.0,9,114.0
2025-06-23,NB-1026,126.0,0.0,9,114.0
2025-06-30,NB-1026,161.0,0.0,9,114.0
2025-07-07,NB-1026,246.0,0.0,9,114.0
2025-07-14,NB-1026,161.0,0.0,9,114.0
2025-07-21,NB-1026,201.0,0.0,9,114.0
2025-07-28,NB-1026,252.0,171.0,9,114.0
2025-08-04,NB-1026,180.0,0.0,9,114.0
2025-08-11,NB-1026,124.0,0.0,9,114.0
2025-08-18,NB-1026,14.0,0.0,9,114.0
2025-08-25,NB-1026,0.0,0.0,9,114.0
2025-09-01,NB-1026,0.0,0.0,9,114.0
2025-09-08,NB-1026,0.0,133.0,9,114.0
2025-09-15,NB-1026,121.0,0.0,9,114.0
2025-09-22,NB-1026,207.0,0.0,9,114.0
2025-09-29,NB-1026,119.0,0.0,9,114.0
2025-10-06,NB-1026,1.0,168.0,9,114.0
2025-10-13,NB-1026,132.0,0.0,9,114.0
2025-10-20,NB-1026,1.0,0.0,9,114.0
2025-10-27,NB-1026,117.0,0.0,9,114.0
2025-11-03,NB-1026,22.0,0.0,9,114.0
2025-11-10,NB-1026,0.0,0.0,9,114.0
2025-11-17,NB-1026,68.0,0.0,9,114.0
2025-11-24,NB-1026,0.0,0.0,9,114.0
2025-12-01,NB-1026,0.0,0.0,9,114.0
2025-12-08,NB-1026,0.0,0.0,9,114.0
2025-12-15,NB-1026,118.0,0.0,9,114.0
2025-12-22,NB-1026,201.0,0.0,9,114.0
2025-12-29,NB-1026,127.0,0.0,9,114.0
2024-01-01,NB-1027,202.0,0.0,7,164.1
2024-01-08,NB-1027,219.0,0.0,7,164.1
2024-01-15,NB-1027,97.0,0.0,7,164.1
2024-01-22,NB-1027,0.0,157.0,7,164.1
2024-01-29,NB-1027,0.0,0.0,7,164.1
2024-02-05,NB-1027,0.0,0.0,7,164.1
2024-02-12,NB-1027,148.0,0.0,7,164.1
2024-02-19,NB-1027,41.0,0.0,7,164.1
2024-02-26,NB-1027,0.0,0.0,7,164.1
2024-03-04,NB-1027,0.0,0.0,7,164.1
2024-03-11,NB-1027,197.0,197.0,7,164.1
2024-03-18,NB-1027,85.0,0.0,7,164.1
2024-03-25,NB-1027,9.0,0.0,7,164.1
2024-04-01,NB-1027,0.0,0.0,7,164.1
2024-04-08,NB-1027,0.0,0.0,7,164.1
2024-04-15,NB-1027,192.0,0.0,7,164.1
2024-04-22,NB-1027,101.0,0.0,7,164.1
2024-04-29,NB-1027,184.0,0.0,7,164.1
2024-05-06,NB-1027,102.0,0.0,7,164.1
2024-05-13,NB-1027,172.0,0.0,7,164.1
2024-05-20,NB-1027,84.0,0.0,7,164.1
2024-05-27,NB-1027,188.0,0.0,7,164.1
2024-06-03,NB-1027,104.0,192.0,7,164.1
2024-06-10,NB-1027,34.0,153.0,7,164.1
2024-06-17,NB-1027,0.0,243.0,7,164.1
2024-06-24,NB-1027,0.0,251.0,7,164.1
2024-07-01,NB-1027,0.0,0.0,7,164.1
2024-07-08,NB-1027,0.0,160.0,7,164.1
2024-07-15,NB-1027,0.0,0.0,7,164.1
2024-07-22,NB-1027,0.0,159.0,7,164.1
2024-07-29,NB-1027,0.0,0.0,7,164.1
2024-08-05,NB-1027,160.0,0.0,7,164.1
2024-08-12,NB-1027,274.0,244.0,7,164.1
2024-08-19,NB-1027,180.0,0.0,7,164.1
2024-08-26,NB-1027,268.0,0.0,7,164.1
2024-09-02,NB-1027,140.0,0.0,7,164.1
2024-09-09,NB-1027,286.0,0.0,7,164.1
2024-09-16,NB-1027,158.0,0.0,7,164.1
2024-09-23,NB-1027,26.0,0.0,7,164.1
2024-09-30,NB-1027,0.0,0.0,7,164.1
2024-10-07,NB-1027,101.0,244.0,7,164.1
2024-10-14,NB-1027,0.0,0.0,7,164.1
2024-10-21,NB-1027,0.0,0.0,7,164.1
2024-10-28,NB-1027,0.0,0.0,7,164.1
2024-11-04,NB-1027,0.0,0.0,7,164.1
2024-11-11,NB-1027,94.0,0.0,7,164.1
2024-11-18,NB-1027,0.0,0.0,7,164.1
2024-11-25,NB-1027,0.0,221.0,7,164.1
2024-12-02,NB-1027,0.0,0.0,7,164.1
2024-12-09,NB-1027,0.0,206.0,7,164.1
2024-12-16,NB-1027,0.0,187.0,7,164.1
2024-12-23,NB-1027,0.0,0.0,7,164.1
2024-12-30,NB-1027,0.0,0.0,7,164.1
2025-01-06,NB-1027,56.0,0.0,7,164.1
2025-01-13,NB-1027,0.0,0.0,7,164.1
2025-01-20,NB-1027,0.0,0.0,7,164.1
2025-01-27,NB-1027,0.0,0.0,7,164.1
2025-02-03,NB-1027,239.0,239.0,7,164.1
2025-02-10,NB-1027,100.0,0.0,7,164.1
2025-02-17,NB-1027,172.0,172.0,7,164.1
2025-02-24,NB-1027,28.0,0.0,7,164.1
2025-03-03,NB-1027,0.0,0.0,7,164.1
2025-03-10,NB-1027,0.0,0.0,7,164.1
2025-03-17,NB-1027,0.0,0.0,7,164.1
2025-03-24,NB-1027,0.0,218.0,7,164.1
2025-03-31,NB-1027,54.0,0.0,7,164.1
2025-04-07,NB-1027,0.0,0.0,7,164.1
2025-04-14,NB-1027,0.0,0.0,7,164.1
2025-04-21,NB-1027,0.0,0.0,7,164.1
2025-04-28,NB-1027,0.0,0.0,7,164.1
2025-05-05,NB-1027,133.0,0.0,7,164.1
2025-05-12,NB-1027,22.0,0.0,7,164.1
2025-05-19,NB-1027,0.0,0.0,7,164.1
2025-05-26,NB-1027,127.0,0.0,7,164.1
2025-06-02,NB-1027,67.0,0.0,7,164.1
2025-06-09,NB-1027,0.0,207.0,7,164.1
2025-06-16,NB-1027,0.0,0.0,7,164.1
2025-06-23,NB-1027,0.0,0.0,7,164.1
2025-06-30,NB-1027,0.0,0.0,7,164.1
2025-07-07,NB-1027,200.0,0.0,7,164.1
2025-07-14,NB-1027,127.0,0.0,7,164.1
2025-07-21,NB-1027,222.0,0.0,7,164.1
2025-07-28,NB-1027,266.0,0.0,7,164.1
2025-08-04,NB-1027,180.0,0.0,7,164.1
2025-08-11,NB-1027,283.0,0.0,7,164.1
2025-08-18,NB-1027,202.0,0.0,7,164.1
2025-08-25,NB-1027,121.0,0.0,7,164.1
2025-09-01,NB-1027,181.0,0.0,7,164.1
2025-09-08,NB-1027,73.0,0.0,7,164.1
2025-09-15,NB-1027,0.0,0.0,7,164.1
2025-09-22,NB-1027,0.0,225.0,7,164.1
2025-09-29,NB-1027,0.0,0.0,7,164.1
2025-10-06,NB-1027,167.0,167.0,7,164.1
2025-10-13,NB-1027,44.0,0.0,7,164.1
2025-10-20,NB-1027,0.0,0.0,7,164.1
2025-10-27,NB-1027,0.0,0.0,7,164.1
2025-11-03,NB-1027,0.0,0.0,7,164.1
2025-11-10,NB-1027,0.0,188.0,7,164.1
2025-11-17,NB-1027,85.0,0.0,7,164.1
2025-11-24,NB-1027,0.0,252.0,7,164.1
2025-12-01,NB-1027,158.0,0.0,7,164.1
2025-12-08,NB-1027,50.0,154.0,7,164.1
2025-12-15,NB-1027,88.0,0.0,7,164.1
2025-12-22,NB-1027,0.0,194.0,7,164.1
2025-12-29,NB-1027,0.0,0.0,7,164.1
2024-01-01,NB-1028,237.0,0.0,18,379.2
2024-01-08,NB-1028,131.0,0.0,18,379.2
2024-01-15,NB-1028,412.0,0.0,18,379.2
2024-01-22,NB-1028,805.0,0.0,18,379.2
2024-01-29,NB-1028,672.0,0.0,18,379.2
2024-02-05,NB-1028,550.0,0.0,18,379.2
2024-02-12,NB-1028,425.0,0.0,18,379.2
2024-02-19,NB-1028,783.0,0.0,18,379.2
2024-02-26,NB-1028,646.0,0.0,18,379.2
2024-03-04,NB-1028,535.0,0.0,18,379.2
2024-03-11,NB-1028,416.0,0.0,18,379.2
2024-03-18,NB-1028,265.0,0.0,18,379.2
2024-03-25,NB-1028,715.0,0.0,18,379.2
2024-04-01,NB-1028,586.0,0.0,18,379.2
2024-04-08,NB-1028,456.0,0.0,18,379.2
2024-04-15,NB-1028,333.0,0.0,18,379.2
2024-04-22,NB-1028,586.0,0.0,18,379.2
2024-04-29,NB-1028,462.0,0.0,18,379.2
2024-05-06,NB-1028,314.0,385.0,18,379.2
2024-05-13,NB-1028,180.0,0.0,18,379.2
2024-05-20,NB-1028,77.0,0.0,18,379.2
2024-05-27,NB-1028,0.0,510.0,18,379.2
2024-06-03,NB-1028,0.0,566.0,18,379.2
2024-06-10,NB-1028,467.0,0.0,18,379.2
2024-06-17,NB-1028,287.0,0.0,18,379.2
2024-06-24,NB-1028,149.0,0.0,18,379.2
2024-07-01,NB-1028,43.0,402.0,18,379.2
2024-07-08,NB-1028,305.0,0.0,18,379.2
2024-07-15,NB-1028,192.0,0.0,18,379.2
2024-07-22,NB-1028,434.0,0.0,18,379.2
2024-07-29,NB-1028,717.0,0.0,18,379.2
2024-08-05,NB-1028,603.0,0.0,18,379.2
2024-08-12,NB-1028,496.0,0.0,18,379.2
2024-08-19,NB-1028,371.0,0.0,18,379.2
2024-08-26,NB-1028,807.0,0.0,18,379.2
2024-09-02,NB-1028,680.0,0.0,18,379.2
2024-09-09,NB-1028,585.0,0.0,18,379.2
2024-09-16,NB-1028,449.0,0.0,18,379.2
2024-09-23,NB-1028,327.0,0.0,18,379.2
2024-09-30,NB-1028,195.0,496.0,18,379.2
2024-10-07,NB-1028,573.0,0.0,18,379.2
2024-10-14,NB-1028,456.0,0.0,18,379.2
2024-10-21,NB-1028,332.0,0.0,18,379.2
2024-10-28,NB-1028,206.0,0.0,18,379.2
2024-11-04,NB-1028,78.0,0.0,18,379.2
2024-11-11,NB-1028,0.0,0.0,18,379.2
2024-11-18,NB-1028,0.0,0.0,18,379.2
2024-11-25,NB-1028,0.0,391.0,18,379.2
2024-12-02,NB-1028,0.0,0.0,18,379.2
2024-12-09,NB-1028,0.0,0.0,18,379.2
2024-12-16,NB-1028,0.0,0.0,18,379.2
2024-12-23,NB-1028,284.0,0.0,18,379.2
2024-12-30,NB-1028,137.0,0.0,18,379.2
2025-01-06,NB-1028,362.0,398.0,18,379.2
2025-01-13,NB-1028,597.0,386.0,18,379.2
2025-01-20,NB-1028,444.0,0.0,18,379.2
2025-01-27,NB-1028,285.0,0.0,18,379.2
2025-02-03,NB-1028,95.0,0.0,18,379.2
2025-02-10,NB-1028,0.0,0.0,18,379.2
2025-02-17,NB-1028,432.0,0.0,18,379.2
2025-02-24,NB-1028,241.0,0.0,18,379.2
2025-03-03,NB-1028,0.0,497.0,18,379.2
2025-03-10,NB-1028,421.0,0.0,18,379.2
2025-03-17,NB-1028,790.0,0.0,18,379.2
2025-03-24,NB-1028,623.0,0.0,18,379.2
2025-03-31,NB-1028,398.0,0.0,18,379.2
2025-04-07,NB-1028,166.0,0.0,18,379.2
2025-04-14,NB-1028,427.0,0.0,18,379.2
2025-04-21,NB-1028,247.0,0.0,18,379.2
2025-04-28,NB-1028,540.0,0.0,18,379.2
2025-05-05,NB-1028,362.0,0.0,18,379.2
2025-05-12,NB-1028,663.0,473.0,18,379.2
2025-05-19,NB-1028,411.0,0.0,18,379.2
2025-05-26,NB-1028,759.0,0.0,18,379.2
2025-06-02,NB-1028,576.0,0.0,18,379.2
2025-06-09,NB-1028,359.0,0.0,18,379.2
2025-06-16,NB-1028,231.0,0.0,18,379.2
2025-06-23,NB-1028,388.0,0.0,18,379.2
2025-06-30,NB-1028,696.0,0.0,18,379.2
2025-07-07,NB-1028,523.0,0.0,18,379.2
2025-07-14,NB-1028,748.0,404.0,18,379.2
2025-07-21,NB-1028,519.0,0.0,18,379.2
2025-07-28,NB-1028,773.0,0.0,18,379.2
2025-08-04,NB-1028,595.0,0.0,18,379.2
2025-08-11,NB-1028,422.0,0.0,18,379.2
2025-08-18,NB-1028,265.0,0.0,18,379.2
2025-08-25,NB-1028,116.0,0.0,18,379.2
2025-09-01,NB-1028,461.0,0.0,18,379.2
2025-09-08,NB-1028,211.0,430.0,18,379.2
2025-09-15,NB-1028,29.0,455.0,18,379.2
2025-09-22,NB-1028,826.0,0.0,18,379.2
2025-09-29,NB-1028,658.0,0.0,18,379.2
2025-10-06,NB-1028,468.0,0.0,18,379.2
2025-10-13,NB-1028,285.0,517.0,18,379.2
2025-10-20,NB-1028,427.0,372.0,18,379.2
2025-10-27,NB-1028,264.0,0.0,18,379.2
2025-11-03,NB-1028,99.0,0.0,18,379.2
2025-11-10,NB-1028,447.0,0.0,18,379.2
2025-11-17,NB-1028,222.0,562.0,18,379.2
2025-11-24,NB-1028,0.0,0.0,18,379.2
2025-12-01,NB-1028,0.0,0.0,18,379.2
2025-12-08,NB-1028,0.0,0.0,18,379.2
2025-12-15,NB-1028,364.0,526.0,18,379.2
2025-12-22,NB-1028,133.0,0.0,18,379.2
2025-12-29,NB-1028,381.0,0.0,18,379.2
2024-01-01,NB-1029,52.0,0.0,20,921.6
2024-01-08,NB-1029,1159.0,0.0,20,921.6
2024-01-15,NB-1029,886.0,0.0,20,921.6
2024-01-22,NB-1029,583.0,1316.0,20,921.6
2024-01-29,NB-1029,1583.0,0.0,20,921.6
2024-02-05,NB-1029,1289.0,0.0,20,921.6
2024-02-12,NB-1029,1082.0,0.0,20,921.6
2024-02-19,NB-1029,830.0,965.0,20,921.6
2024-02-26,NB-1029,543.0,0.0,20,921.6
2024-03-04,NB-1029,1318.0,0.0,20,921.6
2024-03-11,NB-1029,1106.0,0.0,20,921.6
2024-03-18,NB-1029,919.0,0.0,20,921.6
2024-03-25,NB-1029,778.0,1310.0,20,921.6
2024-04-01,NB-1029,585.0,0.0,20,921.6
2024-04-08,NB-1029,1445.0,0.0,20,921.6
2024-04-15,NB-1029,1244.0,0.0,20,921.6
2024-04-22,NB-1029,1118.0,0.0,20,921.6
2024-04-29,NB-1029,977.0,0.0,20,921.6
2024-05-06,NB-1029,807.0,0.0,20,921.6
2024-05-13,NB-1029,1700.0,0.0,20,921.6
2024-05-20,NB-1029,1520.0,0.0,20,921.6
2024-05-27,NB-1029,1363.0,0.0,20,921.6
2024-06-03,NB-1029,1216.0,0.0,20,921.6
2024-06-10,NB-1029,1065.0,0.0,20,921.6
2024-06-17,NB-1029,2195.0,1366.0,20,921.6
2024-06-24,NB-1029,2041.0,0.0,20,921.6
2024-07-01,NB-1029,1824.0,0.0,20,921.6
2024-07-08,NB-1029,1623.0,0.0,20,921.6
2024-07-15,NB-1029,1402.0,0.0,20,921.6
2024-07-22,NB-1029,1166.0,0.0,20,921.6
2024-07-29,NB-1029,948.0,0.0,20,921.6
2024-08-05,NB-1029,1927.0,0.0,20,921.6
2024-08-12,NB-1029,1710.0,0.0,20,921.6
2024-08-19,NB-1029,1391.0,0.0,20,921.6
2024-08-26,NB-1029,1069.0,0.0,20,921.6
2024-09-02,NB-1029,2178.0,1370.0,20,921.6
2024-09-09,NB-1029,1766.0,0.0,20,921.6
2024-09-16,NB-1029,1459.0,0.0,20,921.6
2024-09-23,NB-1029,1063.0,0.0,20,921.6
2024-09-30,NB-1029,648.0,1130.0,20,921.6
2024-10-07,NB-1029,270.0,0.0,20,921.6
2024-10-14,NB-1029,0.0,0.0,20,921.6
2024-10-21,NB-1029,0.0,0.0,20,921.6
2024-10-28,NB-1029,0.0,0.0,20,921.6
2024-11-04,NB-1029,0.0,0.0,20,921.6
2024-11-11,NB-1029,0.0,892.0,20,921.6
2024-11-18,NB-1029,799.0,1069.0,20,921.6
2024-11-25,NB-1029,1459.0,0.0,20,921.6
2024-12-02,NB-1029,1018.0,0.0,20,921.6
2024-12-09,NB-1029,596.0,0.0,20,921.6
2024-12-16,NB-1029,1111.0,0.0,20,921.6
2024-12-23,NB-1029,804.0,0.0,20,921.6
2024-12-30,NB-1029,1468.0,0.0,20,921.6
2025-01-06,NB-1029,1070.0,0.0,20,921.6
2025-01-13,NB-1029,660.0,0.0,20,921.6
2025-01-20,NB-1029,1725.0,0.0,20,921.6
2025-01-27,NB-1029,1398.0,0.0,20,921.6
2025-02-03,NB-1029,997.0,0.0,20,921.6
2025-02-10,NB-1029,1644.0,957.0,20,921.6
2025-02-17,NB-1029,1343.0,0.0,20,921.6
2025-02-24,NB-1029,1017.0,0.0,20,921.6
2025-03-03,NB-1029,637.0,0.0,20,921.6
2025-03-10,NB-1029,463.0,0.0,20,921.6
2025-03-17,NB-1029,143.0,0.0,20,921.6
2025-03-24,NB-1029,1274.0,0.0,20,921.6
2025-03-31,NB-1029,964.0,0.0,20,921.6
2025-04-07,NB-1029,718.0,1063.0,20,921.6
2025-04-14,NB-1029,1673.0,0.0,20,921.6
2025-04-21,NB-1029,1463.0,0.0,20,921.6
2025-04-28,NB-1029,1276.0,0.0,20,921.6
2025-05-05,NB-1029,1136.0,0.0,20,921.6
2025-05-12,NB-1029,1019.0,0.0,20,921.6
2025-05-19,NB-1029,1974.0,1151.0,20,921.6
2025-05-26,NB-1029,1802.0,0.0,20,921.6
2025-06-02,NB-1029,1598.0,0.0,20,921.6
2025-06-09,NB-1029,1347.0,0.0,20,921.6
2025-06-16,NB-1029,1174.0,0.0,20,921.6
2025-06-23,NB-1029,1013.0,0.0,20,921.6
2025-06-30,NB-1029,819.0,1361.0,20,921.6
2025-07-07,NB-1029,589.0,0.0,20,921.6
2025-07-14,NB-1029,1224.0,0.0,20,921.6
2025-07-21,NB-1029,812.0,1027.0,20,921.6
2025-07-28,NB-1029,1343.0,916.0,20,921.6
2025-08-04,NB-1029,1037.0,0.0,20,921.6
2025-08-11,NB-1029,720.0,0.0,20,921.6
2025-08-18,NB-1029,324.0,0.0,20,921.6
2025-08-25,NB-1029,4.0,0.0,20,921.6
2025-09-01,NB-1029,0.0,0.0,20,921.6
2025-09-08,NB-1029,0.0,0.0,20,921.6
2025-09-15,NB-1029,0.0,0.0,20,921.6
2025-09-22,NB-1029,1021.0,0.0,20,921.6
2025-09-29,NB-1029,689.0,0.0,20,921.6
2025-10-06,NB-1029,270.0,0.0,20,921.6
2025-10-13,NB-1029,0.0,0.0,20,921.6
2025-10-20,NB-1029,849.0,0.0,20,921.6
2025-10-27,NB-1029,397.0,977.0,20,921.6
2025-11-03,NB-1029,0.0,975.0,20,921.6
2025-11-10,NB-1029,778.0,0.0,20,921.6
2025-11-17,NB-1029,200.0,0.0,20,921.6
2025-11-24,NB-1029,0.0,0.0,20,921.6
2025-12-01,NB-1029,0.0,0.0,20,921.6
2025-12-08,NB-1029,0.0,978.0,20,921.6
2025-12-15,NB-1029,1118.0,0.0,20,921.6
2025-12-22,NB-1029,1591.0,0.0,20,921.6
2025-12-29,NB-1029,1136.0,0.0,20,921.6
2024-01-01,NB-1030,72.0,0.0,11,306.5
2024-01-08,NB-1030,388.0,0.0,11,306.5
2024-01-15,NB-1030,277.0,0.0,11,306.5
2024-01-22,NB-1030,164.0,0.0,11,306.5
2024-01-29,NB-1030,388.0,0.0,11,306.5
2024-02-05,NB-1030,268.0,0.0,11,306.5
2024-02-12,NB-1030,151.0,0.0,11,306.5
2024-02-19,NB-1030,18.0,446.0,11,306.5
2024-02-26,NB-1030,372.0,0.0,11,306.5
2024-03-04,NB-1030,247.0,0.0,11,306.5
2024-03-11,NB-1030,532.0,0.0,11,306.5
2024-03-18,NB-1030,398.0,0.0,11,306.5
2024-03-25,NB-1030,240.0,0.0,11,306.5
2024-04-01,NB-1030,110.0,0.0,11,306.5
2024-04-08,NB-1030,323.0,0.0,11,306.5
2024-04-15,NB-1030,136.0,0.0,11,306.5
2024-04-22,NB-1030,384.0,0.0,11,306.5
2024-04-29,NB-1030,181.0,0.0,11,306.5
2024-05-06,NB-1030,476.0,0.0,11,306.5
2024-05-13,NB-1030,326.0,0.0,11,306.5
2024-05-20,NB-1030,155.0,0.0,11,306.5
2024-05-27,NB-1030,0.0,0.0,11,306.5
2024-06-03,NB-1030,0.0,0.0,11,306.5
2024-06-10,NB-1030,265.0,0.0,11,306.5
2024-06-17,NB-1030,3.0,0.0,11,306.5
2024-06-24,NB-1030,0.0,0.0,11,306.5
2024-07-01,NB-1030,225.0,0.0,11,306.5
2024-07-08,NB-1030,53.0,0.0,11,306.5
2024-07-15,NB-1030,0.0,290.0,11,306.5
2024-07-22,NB-1030,0.0,0.0,11,306.5
2024-07-29,NB-1030,395.0,395.0,11,306.5
2024-08-05,NB-1030,198.0,0.0,11,306.5
2024-08-12,NB-1030,290.0,334.0,11,306.5
2024-08-19,NB-1030,482.0,0.0,11,306.5
2024-08-26,NB-1030,285.0,0.0,11,306.5
2024-09-02,NB-1030,89.0,0.0,11,306.5
2024-09-09,NB-1030,340.0,340.0,11,306.5
2024-09-16,NB-1030,141.0,0.0,11,306.5
2024-09-23,NB-1030,0.0,0.0,11,306.5
2024-09-30,NB-1030,373.0,0.0,11,306.5
2024-10-07,NB-1030,223.0,0.0,11,306.5
2024-10-14,NB-1030,556.0,0.0,11,306.5
2024-10-21,NB-1030,430.0,0.0,11,306.5
2024-10-28,NB-1030,281.0,0.0,11,306.5
2024-11-04,NB-1030,180.0,0.0,11,306.5
2024-11-11,NB-1030,401.0,0.0,11,306.5
2024-11-18,NB-1030,278.0,0.0,11,306.5
2024-11-25,NB-1030,172.0,0.0,11,306.5
2024-12-02,NB-1030,39.0,0.0,11,306.5
2024-12-09,NB-1030,0.0,0.0,11,306.5
2024-12-16,NB-1030,0.0,0.0,11,306.5
2024-12-23,NB-1030,0.0,0.0,11,306.5
2024-12-30,NB-1030,0.0,0.0,11,306.5
2025-01-06,NB-1030,352.0,0.0,11,306.5
2025-01-13,NB-1030,252.0,0.0,11,306.5
2025-01-20,NB-1030,588.0,0.0,11,306.5
2025-01-27,NB-1030,472.0,0.0,11,306.5
2025-02-03,NB-1030,347.0,0.0,11,306.5
2025-02-10,NB-1030,255.0,0.0,11,306.5
2025-02-17,NB-1030,166.0,0.0,11,306.5
2025-02-24,NB-1030,436.0,385.0,11,306.5
2025-03-03,NB-1030,273.0,325.0,11,306.5
2025-03-10,NB-1030,628.0,0.0,11,306.5
2025-03-17,NB-1030,498.0,0.0,11,306.5
2025-03-24,NB-1030,341.0,0.0,11,306.5
2025-03-31,NB-1030,610.0,0.0,11,306.5
2025-04-07,NB-1030,404.0,0.0,11,306.5
2025-04-14,NB-1030,708.0,0.0,11,306.5
2025-04-21,NB-1030,513.0,0.0,11,306.5
2025-04-28,NB-1030,386.0,0.0,11,306.5
2025-05-05,NB-1030,249.0,0.0,11,306.5
2025-05-12,NB-1030,478.0,0.0,11,306.5
2025-05-19,NB-1030,210.0,366.0,11,306.5
2025-05-26,NB-1030,20.0,0.0,11,306.5
2025-06-02,NB-1030,0.0,0.0,11,306.5
2025-06-09,NB-1030,0.0,0.0,11,306.5
2025-06-16,NB-1030,0.0,0.0,11,306.5
2025-06-23,NB-1030,445.0,445.0,11,306.5
2025-06-30,NB-1030,580.0,0.0,11,306.5
2025-07-07,NB-1030,355.0,0.0,11,306.5
2025-07-14,NB-1030,172.0,0.0,11,306.5
2025-07-21,NB-1030,0.0,334.0,11,306.5
2025-07-28,NB-1030,373.0,0.0,11,306.5
2025-08-04,NB-1030,196.0,0.0,11,306.5
2025-08-11,NB-1030,41.0,0.0,11,306.5
2025-08-18,NB-1030,0.0,0.0,11,306.5
2025-08-25,NB-1030,634.0,421.0,11,306.5
2025-09-01,NB-1030,401.0,0.0,11,306.5
2025-09-08,NB-1030,181.0,0.0,11,306.5
2025-09-15,NB-1030,383.0,0.0,11,306.5
2025-09-22,NB-1030,645.0,0.0,11,306.5
2025-09-29,NB-1030,501.0,0.0,11,306.5
2025-10-06,NB-1030,345.0,0.0,11,306.5
2025-10-13,NB-1030,170.0,0.0,11,306.5
2025-10-20,NB-1030,0.0,377.0,11,306.5
2025-10-27,NB-1030,0.0,0.0,11,306.5
2025-11-03,NB-1030,348.0,0.0,11,306.5
2025-11-10,NB-1030,225.0,408.0,11,306.5
2025-11-17,NB-1030,90.0,0.0,11,306.5
2025-11-24,NB-1030,0.0,363.0,11,306.5
2025-12-01,NB-1030,0.0,0.0,11,306.5
2025-12-08,NB-1030,387.0,0.0,11,306.5
2025-12-15,NB-1030,290.0,0.0,11,306.5
2025-12-22,NB-1030,199.0,0.0,11,306.5
2025-12-29,NB-1030,106.0,344.0,11,306.5
2024-01-01,NB-1031,182.0,468.0,9,449.1
2024-01-08,NB-1031,0.0,0.0,9,449.1
2024-01-15,NB-1031,181.0,0.0,9,449.1
2024-01-22,NB-1031,0.0,0.0,9,449.1
2024-01-29,NB-1031,513.0,0.0,9,449.1
2024-02-05,NB-1031,236.0,0.0,9,449.1
2024-02-12,NB-1031,411.0,534.0,9,449.1
2024-02-19,NB-1031,128.0,0.0,9,449.1
2024-02-26,NB-1031,0.0,0.0,9,449.1
2024-03-04,NB-1031,465.0,0.0,9,449.1
2024-03-11,NB-1031,221.0,0.0,9,449.1
2024-03-18,NB-1031,454.0,0.0,9,449.1
2024-03-25,NB-1031,150.0,691.0,9,449.1
2024-04-01,NB-1031,0.0,0.0,9,449.1
2024-04-08,NB-1031,0.0,0.0,9,449.1
2024-04-15,NB-1031,464.0,0.0,9,449.1
2024-04-22,NB-1031,883.0,0.0,9,449.1
2024-04-29,NB-1031,623.0,0.0,9,449.1
2024-05-06,NB-1031,961.0,617.0,9,449.1
2024-05-13,NB-1031,711.0,0.0,9,449.1
2024-05-20,NB-1031,391.0,0.0,9,449.1
2024-05-27,NB-1031,232.0,0.0,9,449.1
2024-06-03,NB-1031,0.0,614.0,9,449.1
2024-06-10,NB-1031,0.0,0.0,9,449.1
2024-06-17,NB-1031,401.0,0.0,9,449.1
2024-06-24,NB-1031,149.0,0.0,9,449.1
2024-07-01,NB-1031,0.0,0.0,9,449.1
2024-07-08,NB-1031,439.0,0.0,9,449.1
2024-07-15,NB-1031,219.0,0.0,9,449.1
2024-07-22,NB-1031,578.0,578.0,9,449.1
2024-07-29,NB-1031,313.0,690.0,9,449.1
2024-08-05,NB-1031,18.0,506.0,9,449.1
2024-08-12,NB-1031,609.0,0.0,9,449.1
2024-08-19,NB-1031,895.0,0.0,9,449.1
2024-08-26,NB-1031,669.0,0.0,9,449.1
2024-09-02,NB-1031,437.0,542.0,9,449.1
2024-09-09,NB-1031,714.0,0.0,9,449.1
2024-09-16,NB-1031,397.0,0.0,9,449.1
2024-09-23,NB-1031,200.0,0.0,9,449.1
2024-09-30,NB-1031,0.0,0.0,9,449.1
2024-10-07,NB-1031,0.0,528.0,9,449.1
2024-10-14,NB-1031,490.0,0.0,9,449.1
2024-10-21,NB-1031,639.0,0.0,9,449.1
2024-10-28,NB-1031,881.0,0.0,9,449.1
2024-11-04,NB-1031,604.0,0.0,9,449.1
2024-11-11,NB-1031,297.0,0.0,9,449.1
2024-11-18,NB-1031,0.0,0.0,9,449.1
2024-11-25,NB-1031,576.0,0.0,9,449.1
2024-12-02,NB-1031,789.0,0.0,9,449.1
2024-12-09,NB-1031,454.0,0.0,9,449.1
2024-12-16,NB-1031,821.0,0.0,9,449.1
2024-12-23,NB-1031,578.0,0.0,9,449.1
2024-12-30,NB-1031,307.0,558.0,9,449.1
2025-01-06,NB-1031,0.0,0.0,9,449.1
2025-01-13,NB-1031,466.0,0.0,9,449.1
2025-01-20,NB-1031,191.0,0.0,9,449.1
2025-01-27,NB-1031,0.0,0.0,9,449.1
2025-02-03,NB-1031,296.0,0.0,9,449.1
2025-02-10,NB-1031,451.0,0.0,9,449.1
2025-02-17,NB-1031,820.0,0.0,9,449.1
2025-02-24,NB-1031,506.0,0.0,9,449.1
2025-03-03,NB-1031,598.0,0.0,9,449.1
2025-03-10,NB-1031,350.0,0.0,9,449.1
2025-03-17,NB-1031,97.0,668.0,9,449.1
2025-03-24,NB-1031,0.0,469.0,9,449.1
2025-03-31,NB-1031,0.0,0.0,9,449.1
2025-04-07,NB-1031,271.0,0.0,9,449.1
2025-04-14,NB-1031,546.0,0.0,9,449.1
2025-04-21,NB-1031,677.0,0.0,9,449.1
2025-04-28,NB-1031,410.0,635.0,9,449.1
2025-05-05,NB-1031,123.0,0.0,9,449.1
2025-05-12,NB-1031,0.0,0.0,9,449.1
2025-05-19,NB-1031,417.0,506.0,9,449.1
2025-05-26,NB-1031,137.0,0.0,9,449.1
2025-06-02,NB-1031,0.0,524.0,9,449.1
2025-06-09,NB-1031,0.0,0.0,9,449.1
2025-06-16,NB-1031,0.0,0.0,9,449.1
2025-06-23,NB-1031,0.0,0.0,9,449.1
2025-06-30,NB-1031,402.0,0.0,9,449.1
2025-07-07,NB-1031,734.0,0.0,9,449.1
2025-07-14,NB-1031,506.0,0.0,9,449.1
2025-07-21,NB-1031,119.0,0.0,9,449.1
2025-07-28,NB-1031,0.0,603.0,9,449.1
2025-08-04,NB-1031,0.0,0.0,9,449.1
2025-08-11,NB-1031,555.0,555.0,9,449.1
2025-08-18,NB-1031,348.0,0.0,9,449.1
2025-08-25,NB-1031,51.0,0.0,9,449.1
2025-09-01,NB-1031,0.0,0.0,9,449.1
2025-09-08,NB-1031,342.0,0.0,9,449.1
2025-09-15,NB-1031,43.0,0.0,9,449.1
2025-09-22,NB-1031,0.0,0.0,9,449.1
2025-09-29,NB-1031,0.0,0.0,9,449.1
2025-10-06,NB-1031,0.0,0.0,9,449.1
2025-10-13,NB-1031,0.0,0.0,9,449.1
2025-10-20,NB-1031,593.0,0.0,9,449.1
2025-10-27,NB-1031,260.0,0.0,9,449.1
2025-11-03,NB-1031,18.0,0.0,9,449.1
2025-11-10,NB-1031,0.0,435.0,9,449.1
2025-11-17,NB-1031,283.0,444.0,9,449.1
2025-11-24,NB-1031,0.0,586.0,9,449.1
2025-12-01,NB-1031,0.0,426.0,9,449.1
2025-12-08,NB-1031,0.0,0.0,9,449.1
2025-12-15,NB-1031,887.0,571.0,9,449.1
2025-12-22,NB-1031,636.0,0.0,9,449.1
2025-12-29,NB-1031,376.0,472.0,9,449.1
2024-01-01,NB-1032,123.0,278.0,8,258.6
2024-01-08,NB-1032,0.0,0.0,8,258.6
2024-01-15,NB-1032,0.0,0.0,8,258.6
2024-01-22,NB-1032,0.0,382.0,8,258.6
2024-01-29,NB-1032,0.0,0.0,8,258.6
2024-02-05,NB-1032,316.0,0.0,8,258.6
2024-02-12,NB-1032,382.0,0.0,8,258.6
2024-02-19,NB-1032,197.0,0.0,8,258.6
2024-02-26,NB-1032,0.0,0.0,8,258.6
2024-03-04,NB-1032,0.0,0.0,8,258.6
2024-03-11,NB-1032,51.0,0.0,8,258.6
2024-03-18,NB-1032,0.0,0.0,8,258.6
2024-03-25,NB-1032,288.0,0.0,8,258.6
2024-04-01,NB-1032,6.0,0.0,8,258.6
2024-04-08,NB-1032,0.0,0.0,8,258.6
2024-04-15,NB-1032,52.0,0.0,8,258.6
2024-04-22,NB-1032,0.0,392.0,8,258.6
2024-04-29,NB-1032,0.0,0.0,8,258.6
2024-05-06,NB-1032,0.0,296.0,8,258.6
2024-05-13,NB-1032,0.0,0.0,8,258.6
2024-05-20,NB-1032,141.0,0.0,8,258.6
2024-05-27,NB-1032,0.0,0.0,8,258.6
2024-06-03,NB-1032,146.0,0.0,8,258.6
2024-06-10,NB-1032,366.0,0.0,8,258.6
2024-06-17,NB-1032,41.0,0.0,8,258.6
2024-06-24,NB-1032,0.0,0.0,8,258.6
2024-07-01,NB-1032,0.0,0.0,8,258.6
2024-07-08,NB-1032,319.0,0.0,8,258.6
2024-07-15,NB-1032,120.0,0.0,8,258.6
2024-07-22,NB-1032,276.0,0.0,8,258.6
2024-07-29,NB-1032,343.0,0.0,8,258.6
2024-08-05,NB-1032,174.0,276.0,8,258.6
2024-08-12,NB-1032,0.0,0.0,8,258.6
2024-08-19,NB-1032,266.0,0.0,8,258.6
2024-08-26,NB-1032,134.0,396.0,8,258.6
2024-09-02,NB-1032,315.0,0.0,8,258.6
2024-09-09,NB-1032,154.0,0.0,8,258.6
2024-09-16,NB-1032,32.0,389.0,8,258.6
2024-09-23,NB-1032,0.0,0.0,8,258.6
2024-09-30,NB-1032,0.0,312.0,8,258.6
2024-10-07,NB-1032,318.0,0.0,8,258.6
2024-10-14,NB-1032,206.0,0.0,8,258.6
2024-10-21,NB-1032,68.0,0.0,8,258.6
2024-10-28,NB-1032,0.0,0.0,8,258.6
2024-11-04,NB-1032,0.0,0.0,8,258.6
2024-11-11,NB-1032,0.0,0.0,8,258.6
2024-11-18,NB-1032,0.0,369.0,8,258.6
2024-11-25,NB-1032,0.0,0.0,8,258.6
2024-12-02,NB-1032,263.0,0.0,8,258.6
2024-12-09,NB-1032,50.0,0.0,8,258.6
2024-12-16,NB-1032,0.0,0.0,8,258.6
2024-12-23,NB-1032,0.0,0.0,8,258.6
2024-12-30,NB-1032,384.0,384.0,8,258.6
2025-01-06,NB-1032,139.0,361.0,8,258.6
2025-01-13,NB-1032,0.0,0.0,8,258.6
2025-01-20,NB-1032,0.0,0.0,8,258.6
2025-01-27,NB-1032,177.0,0.0,8,258.6
2025-02-03,NB-1032,0.0,0.0,8,258.6
2025-02-10,NB-1032,0.0,0.0,8,258.6
2025-02-17,NB-1032,339.0,339.0,8,258.6
2025-02-24,NB-1032,373.0,0.0,8,258.6
2025-03-03,NB-1032,0.0,386.0,8,258.6
2025-03-10,NB-1032,71.0,0.0,8,258.6
2025-03-17,NB-1032,0.0,290.0,8,258.6
2025-03-24,NB-1032,369.0,0.0,8,258.6
2025-03-31,NB-1032,0.0,0.0,8,258.6
2025-04-07,NB-1032,0.0,0.0,8,258.6
2025-04-14,NB-1032,194.0,0.0,8,258.6
2025-04-21,NB-1032,0.0,334.0,8,258.6
2025-04-28,NB-1032,0.0,0.0,8,258.6
2025-05-05,NB-1032,0.0,0.0,8,258.6
2025-05-12,NB-1032,0.0,0.0,8,258.6
2025-05-19,NB-1032,62.0,270.0,8,258.6
2025-05-26,NB-1032,0.0,0.0,8,258.6
2025-06-02,NB-1032,0.0,0.0,8,258.6
2025-06-09,NB-1032,0.0,304.0,8,258.6
2025-06-16,NB-1032,0.0,0.0,8,258.6
2025-06-23,NB-1032,0.0,0.0,8,258.6
2025-06-30,NB-1032,316.0,0.0,8,258.6
2025-07-07,NB-1032,0.0,0.0,8,258.6
2025-07-14,NB-1032,0.0,0.0,8,258.6
2025-07-21,NB-1032,445.0,0.0,8,258.6
2025-07-28,NB-1032,509.0,362.0,8,258.6
2025-08-04,NB-1032,277.0,0.0,8,258.6
2025-08-11,NB-1032,86.0,0.0,8,258.6
2025-08-18,NB-1032,0.0,0.0,8,258.6
2025-08-25,NB-1032,290.0,0.0,8,258.6
2025-09-01,NB-1032,445.0,0.0,8,258.6
2025-09-08,NB-1032,213.0,0.0,8,258.6
2025-09-15,NB-1032,333.0,0.0,8,258.6
2025-09-22,NB-1032,182.0,373.0,8,258.6
2025-09-29,NB-1032,393.0,0.0,8,258.6
2025-10-06,NB-1032,242.0,0.0,8,258.6
2025-10-13,NB-1032,326.0,0.0,8,258.6
2025-10-20,NB-1032,109.0,0.0,8,258.6
2025-10-27,NB-1032,0.0,0.0,8,258.6
2025-11-03,NB-1032,0.0,0.0,8,258.6
2025-11-10,NB-1032,0.0,376.0,8,258.6
2025-11-17,NB-1032,0.0,0.0,8,258.6
2025-11-24,NB-1032,0.0,0.0,8,258.6
2025-12-01,NB-1032,0.0,373.0,8,258.6
2025-12-08,NB-1032,566.0,357.0,8,258.6
2025-12-15,NB-1032,340.0,0.0,8,258.6
2025-12-22,NB-1032,413.0,0.0,8,258.6
2025-12-29,NB-1032,165.0,347.0,8,258.6
2024-01-01,NB-1033,183.0,0.0,17,142.6
2024-01-08,NB-1033,110.0,0.0,17,142.6
2024-01-15,NB-1033,193.0,0.0,17,142.6
2024-01-22,NB-1033,148.0,0.0,17,142.6
2024-01-29,NB-1033,288.0,0.0,17,142.6
2024-02-05,NB-1033,227.0,0.0,17,142.6
2024-02-12,NB-1033,189.0,0.0,17,142.6
2024-02-19,NB-1033,135.0,0.0,17,142.6
2024-02-26,NB-1033,96.0,0.0,17,142.6
2024-03-04,NB-1033,234.0,0.0,17,142.6
2024-03-11,NB-1033,191.0,0.0,17,142.6
2024-03-18,NB-1033,161.0,0.0,17,142.6
2024-03-25,NB-1033,340.0,0.0,17,142.6
2024-04-01,NB-1033,304.0,0.0,17,142.6
2024-04-08,NB-1033,258.0,0.0,17,142.6
2024-04-15,NB-1033,231.0,0.0,17,142.6
2024-04-22,NB-1033,197.0,0.0,17,142.6
2024-04-29,NB-1033,169.0,0.0,17,142.6
2024-05-06,NB-1033,154.0,0.0,17,142.6
2024-05-13,NB-1033,141.0,0.0,17,142.6
2024-05-20,NB-1033,124.0,178.0,17,142.6
2024-05-27,NB-1033,239.0,137.0,17,142.6
2024-06-03,NB-1033,215.0,0.0,17,142.6
2024-06-10,NB-1033,190.0,0.0,17,142.6
2024-06-17,NB-1033,156.0,0.0,17,142.6
2024-06-24,NB-1033,311.0,0.0,17,142.6
2024-07-01,NB-1033,294.0,0.0,17,142.6
2024-07-08,NB-1033,259.0,0.0,17,142.6
2024-07-15,NB-1033,235.0,0.0,17,142.6
2024-07-22,NB-1033,203.0,0.0,17,142.6
2024-07-29,NB-1033,170.0,0.0,17,142.6
2024-08-05,NB-1033,136.0,0.0,17,142.6
2024-08-12,NB-1033,85.0,0.0,17,142.6
2024-08-19,NB-1033,39.0,0.0,17,142.6
2024-08-26,NB-1033,6.0,200.0,17,142.6
2024-09-02,NB-1033,148.0,0.0,17,142.6
2024-09-09,NB-1033,96.0,0.0,17,142.6
2024-09-16,NB-1033,55.0,0.0,17,142.6
2024-09-23,NB-1033,2.0,0.0,17,142.6
2024-09-30,NB-1033,267.0,0.0,17,142.6
2024-10-07,NB-1033,194.0,0.0,17,142.6
2024-10-14,NB-1033,122.0,0.0,17,142.6
2024-10-21,NB-1033,63.0,0.0,17,142.6
2024-10-28,NB-1033,157.0,0.0,17,142.6
2024-11-04,NB-1033,235.0,0.0,17,142.6
2024-11-11,NB-1033,159.0,0.0,17,142.6
2024-11-18,NB-1033,93.0,0.0,17,142.6
2024-11-25,NB-1033,34.0,161.0,17,142.6
2024-12-02,NB-1033,0.0,0.0,17,142.6
2024-12-09,NB-1033,191.0,0.0,17,142.6
2024-12-16,NB-1033,141.0,0.0,17,142.6
2024-12-23,NB-1033,74.0,175.0,17,142.6
2024-12-30,NB-1033,0.0,167.0,17,142.6
2025-01-06,NB-1033,0.0,144.0,17,142.6
2025-01-13,NB-1033,200.0,0.0,17,142.6
2025-01-20,NB-1033,147.0,0.0,17,142.6
2025-01-27,NB-1033,96.0,0.0,17,142.6
2025-02-03,NB-1033,36.0,0.0,17,142.6
2025-02-10,NB-1033,147.0,147.0,17,142.6
2025-02-17,NB-1033,271.0,0.0,17,142.6
2025-02-24,NB-1033,233.0,0.0,17,142.6
2025-03-03,NB-1033,157.0,0.0,17,142.6
2025-03-10,NB-1033,331.0,0.0,17,142.6
2025-03-17,NB-1033,299.0,0.0,17,142.6
2025-03-24,NB-1033,263.0,0.0,17,142.6
2025-03-31,NB-1033,207.0,0.0,17,142.6
2025-04-07,NB-1033,153.0,0.0,17,142.6
2025-04-14,NB-1033,126.0,0.0,17,142.6
2025-04-21,NB-1033,100.0,0.0,17,142.6
2025-04-28,NB-1033,80.0,0.0,17,142.6
2025-05-05,NB-1033,46.0,0.0,17,142.6
2025-05-12,NB-1033,10.0,0.0,17,142.6
2025-05-19,NB-1033,0.0,215.0,17,142.6
2025-05-26,NB-1033,201.0,0.0,17,142.6
2025-06-02,NB-1033,181.0,0.0,17,142.6
2025-06-09,NB-1033,151.0,0.0,17,142.6
2025-06-16,NB-1033,136.0,0.0,17,142.6
2025-06-23,NB-1033,110.0,205.0,17,142.6
2025-06-30,NB-1033,75.0,0.0,17,142.6
2025-07-07,NB-1033,244.0,0.0,17,142.6
2025-07-14,NB-1033,206.0,0.0,17,142.6
2025-07-21,NB-1033,162.0,0.0,17,142.6
2025-07-28,NB-1033,111.0,0.0,17,142.6
2025-08-04,NB-1033,70.0,0.0,17,142.6
2025-08-11,NB-1033,22.0,0.0,17,142.6
2025-08-18,NB-1033,128.0,0.0,17,142.6
2025-08-25,NB-1033,89.0,0.0,17,142.6
2025-09-01,NB-1033,20.0,0.0,17,142.6
2025-09-08,NB-1033,0.0,0.0,17,142.6
2025-09-15,NB-1033,0.0,0.0,17,142.6
2025-09-22,NB-1033,0.0,0.0,17,142.6
2025-09-29,NB-1033,172.0,0.0,17,142.6
2025-10-06,NB-1033,107.0,0.0,17,142.6
2025-10-13,NB-1033,27.0,0.0,17,142.6
2025-10-20,NB-1033,0.0,0.0,17,142.6
2025-10-27,NB-1033,128.0,0.0,17,142.6
2025-11-03,NB-1033,44.0,0.0,17,142.6
2025-11-10,NB-1033,0.0,0.0,17,142.6
2025-11-17,NB-1033,0.0,0.0,17,142.6
2025-11-24,NB-1033,0.0,0.0,17,142.6
2025-12-01,NB-1033,115.0,186.0,17,142.6
2025-12-08,NB-1033,51.0,0.0,17,142.6
2025-12-15,NB-1033,0.0,0.0,17,142.6
2025-12-22,NB-1033,0.0,0.0,17,142.6
2025-12-29,NB-1033,0.0,0.0,17,142.6
2024-01-01,NB-1034,380.0,442.0,19,389.7
2024-01-08,NB-1034,314.0,0.0,19,389.7
2024-01-15,NB-1034,223.0,545.0,19,389.7
2024-01-22,NB-1034,701.0,0.0,19,389.7
2024-01-29,NB-1034,570.0,0.0,19,389.7
2024-02-05,NB-1034,491.0,0.0,19,389.7
2024-02-12,NB-1034,404.0,0.0,19,389.7
2024-02-19,NB-1034,307.0,0.0,19,389.7
2024-02-26,NB-1034,205.0,0.0,19,389.7
2024-03-04,NB-1034,90.0,0.0,19,389.7
2024-03-11,NB-1034,0.0,483.0,19,389.7
2024-03-18,NB-1034,0.0,0.0,19,389.7
2024-03-25,NB-1034,0.0,0.0,19,389.7
2024-04-01,NB-1034,0.0,0.0,19,389.7
2024-04-08,NB-1034,0.0,559.0,19,389.7
2024-04-15,NB-1034,0.0,0.0,19,389.7
2024-04-22,NB-1034,373.0,0.0,19,389.7
2024-04-29,NB-1034,262.0,0.0,19,389.7
2024-05-06,NB-1034,141.0,366.0,19,389.7
2024-05-13,NB-1034,9.0,515.0,19,389.7
2024-05-20,NB-1034,0.0,460.0,19,389.7
2024-05-27,NB-1034,0.0,0.0,19,389.7
2024-06-03,NB-1034,544.0,0.0,19,389.7
2024-06-10,NB-1034,386.0,482.0,19,389.7
2024-06-17,NB-1034,193.0,0.0,19,389.7
2024-06-24,NB-1034,442.0,0.0,19,389.7
2024-07-01,NB-1034,859.0,0.0,19,389.7
2024-07-08,NB-1034,712.0,0.0,19,389.7
2024-07-15,NB-1034,593.0,0.0,19,389.7
2024-07-22,NB-1034,482.0,0.0,19,389.7
2024-07-29,NB-1034,351.0,454.0,19,389.7
2024-08-05,NB-1034,776.0,545.0,19,389.7
2024-08-12,NB-1034,659.0,0.0,19,389.7
2024-08-19,NB-1034,510.0,0.0,19,389.7
2024-08-26,NB-1034,418.0,0.0,19,389.7
2024-09-02,NB-1034,751.0,441.0,19,389.7
2024-09-09,NB-1034,653.0,0.0,19,389.7
2024-09-16,NB-1034,555.0,0.0,19,389.7
2024-09-23,NB-1034,474.0,0.0,19,389.7
2024-09-30,NB-1034,378.0,408.0,19,389.7
2024-10-07,NB-1034,263.0,0.0,19,389.7
2024-10-14,NB-1034,632.0,0.0,19,389.7
2024-10-21,NB-1034,549.0,0.0,19,389.7
2024-10-28,NB-1034,461.0,0.0,19,389.7
2024-11-04,NB-1034,373.0,0.0,19,389.7
2024-11-11,NB-1034,283.0,0.0,19,389.7
2024-11-18,NB-1034,211.0,403.0,19,389.7
2024-11-25,NB-1034,551.0,0.0,19,389.7
2024-12-02,NB-1034,479.0,0.0,19,389.7
2024-12-09,NB-1034,387.0,0.0,19,389.7
2024-12-16,NB-1034,746.0,0.0,19,389.7
2024-12-23,NB-1034,644.0,0.0,19,389.7
2024-12-30,NB-1034,580.0,0.0,19,389.7
2025-01-06,NB-1034,498.0,0.0,19,389.7
2025-01-13,NB-1034,412.0,0.0,19,389.7
2025-01-20,NB-1034,325.0,588.0,19,389.7
2025-01-27,NB-1034,230.0,0.0,19,389.7
2025-02-03,NB-1034,153.0,0.0,19,389.7
2025-02-10,NB-1034,54.0,0.0,19,389.7
2025-02-17,NB-1034,0.0,407.0,19,389.7
2025-02-24,NB-1034,0.0,0.0,19,389.7
2025-03-03,NB-1034,433.0,0.0,19,389.7
2025-03-10,NB-1034,364.0,0.0,19,389.7
2025-03-17,NB-1034,234.0,593.0,19,389.7
2025-03-24,NB-1034,638.0,0.0,19,389.7
2025-03-31,NB-1034,469.0,0.0,19,389.7
2025-04-07,NB-1034,346.0,0.0,19,389.7
2025-04-14,NB-1034,738.0,0.0,19,389.7
2025-04-21,NB-1034,624.0,0.0,19,389.7
2025-04-28,NB-1034,445.0,0.0,19,389.7
2025-05-05,NB-1034,308.0,0.0,19,389.7
2025-05-12,NB-1034,630.0,0.0,19,389.7
2025-05-19,NB-1034,463.0,0.0,19,389.7
2025-05-26,NB-1034,320.0,0.0,19,389.7
2025-06-02,NB-1034,202.0,0.0,19,389.7
2025-06-09,NB-1034,69.0,481.0,19,389.7
2025-06-16,NB-1034,0.0,566.0,19,389.7
2025-06-23,NB-1034,0.0,597.0,19,389.7
2025-06-30,NB-1034,471.0,0.0,19,389.7
2025-07-07,NB-1034,355.0,0.0,19,389.7
2025-07-14,NB-1034,695.0,0.0,19,389.7
2025-07-21,NB-1034,499.0,0.0,19,389.7
2025-07-28,NB-1034,738.0,0.0,19,389.7
2025-08-04,NB-1034,615.0,0.0,19,389.7
2025-08-11,NB-1034,489.0,0.0,19,389.7
2025-08-18,NB-1034,371.0,0.0,19,389.7
2025-08-25,NB-1034,271.0,0.0,19,389.7
2025-09-01,NB-1034,644.0,514.0,19,389.7
2025-09-08,NB-1034,491.0,0.0,19,389.7
2025-09-15,NB-1034,383.0,0.0,19,389.7
2025-09-22,NB-1034,877.0,581.0,19,389.7
2025-09-29,NB-1034,788.0,0.0,19,389.7
2025-10-06,NB-1034,688.0,0.0,19,389.7
2025-10-13,NB-1034,583.0,0.0,19,389.7
2025-10-20,NB-1034,435.0,0.0,19,389.7
2025-10-27,NB-1034,339.0,0.0,19,389.7
2025-11-03,NB-1034,250.0,383.0,19,389.7
2025-11-10,NB-1034,158.0,446.0,19,389.7
2025-11-17,NB-1034,25.0,0.0,19,389.7
2025-11-24,NB-1034,550.0,550.0,19,389.7
2025-12-01,NB-1034,469.0,0.0,19,389.7
2025-12-08,NB-1034,948.0,565.0,19,389.7
2025-12-15,NB-1034,874.0,0.0,19,389.7
2025-12-22,NB-1034,805.0,0.0,19,389.7
2025-12-29,NB-1034,726.0,0.0,19,389.7
2024-01-01,NB-1035,320.0,0.0,17,343.9
2024-01-08,NB-1035,235.0,442.0,17,343.9
2024-01-15,NB-1035,142.0,484.0,17,343.9
2024-01-22,NB-1035,35.0,0.0,17,343.9
2024-01-29,NB-1035,0.0,0.0,17,343.9
2024-02-05,NB-1035,311.0,520.0,17,343.9
2024-02-12,NB-1035,222.0,0.0,17,343.9
2024-02-19,NB-1035,121.0,0.0,17,343.9
2024-02-26,NB-1035,22.0,0.0,17,343.9
2024-03-04,NB-1035,0.0,0.0,17,343.9
2024-03-11,NB-1035,0.0,0.0,17,343.9
2024-03-18,NB-1035,448.0,448.0,17,343.9
2024-03-25,NB-1035,361.0,0.0,17,343.9
2024-04-01,NB-1035,269.0,361.0,17,343.9
2024-04-08,NB-1035,172.0,451.0,17,343.9
2024-04-15,NB-1035,69.0,0.0,17,343.9
2024-04-22,NB-1035,0.0,0.0,17,343.9
2024-04-29,NB-1035,0.0,0.0,17,343.9
2024-05-06,NB-1035,0.0,0.0,17,343.9
2024-05-13,NB-1035,480.0,0.0,17,343.9
2024-05-20,NB-1035,367.0,0.0,17,343.9
2024-05-27,NB-1035,259.0,0.0,17,343.9
2024-06-03,NB-1035,152.0,0.0,17,343.9
2024-06-10,NB-1035,32.0,403.0,17,343.9
2024-06-17,NB-1035,457.0,0.0,17,343.9
2024-06-24,NB-1035,332.0,0.0,17,343.9
2024-07-01,NB-1035,214.0,0.0,17,343.9
2024-07-08,NB-1035,92.0,330.0,17,343.9
2024-07-15,NB-1035,318.0,318.0,17,343.9
2024-07-22,NB-1035,193.0,0.0,17,343.9
2024-07-29,NB-1035,60.0,479.0,17,343.9
2024-08-05,NB-1035,435.0,0.0,17,343.9
2024-08-12,NB-1035,319.0,326.0,17,343.9
2024-08-19,NB-1035,202.0,0.0,17,343.9
2024-08-26,NB-1035,109.0,0.0,17,343.9
2024-09-02,NB-1035,0.0,0.0,17,343.9
2024-09-09,NB-1035,0.0,436.0,17,343.9
2024-09-16,NB-1035,0.0,0.0,17,343.9
2024-09-23,NB-1035,497.0,497.0,17,343.9
2024-09-30,NB-1035,383.0,0.0,17,343.9
2024-10-07,NB-1035,286.0,0.0,17,343.9
2024-10-14,NB-1035,193.0,0.0,17,343.9
2024-10-21,NB-1035,96.0,371.0,17,343.9
2024-10-28,NB-1035,11.0,0.0,17,343.9
2024-11-04,NB-1035,345.0,0.0,17,343.9
2024-11-11,NB-1035,243.0,0.0,17,343.9
2024-11-18,NB-1035,534.0,0.0,17,343.9
2024-11-25,NB-1035,446.0,0.0,17,343.9
2024-12-02,NB-1035,359.0,0.0,17,343.9
2024-12-09,NB-1035,663.0,0.0,17,343.9
2024-12-16,NB-1035,578.0,0.0,17,343.9
2024-12-23,NB-1035,490.0,0.0,17,343.9
2024-12-30,NB-1035,410.0,0.0,17,343.9
2025-01-06,NB-1035,333.0,0.0,17,343.9
2025-01-13,NB-1035,263.0,0.0,17,343.9
2025-01-20,NB-1035,165.0,0.0,17,343.9
2025-01-27,NB-1035,72.0,345.0,17,343.9
2025-02-03,NB-1035,0.0,453.0,17,343.9
2025-02-10,NB-1035,0.0,444.0,17,343.9
2025-02-17,NB-1035,436.0,0.0,17,343.9
2025-02-24,NB-1035,353.0,0.0,17,343.9
2025-03-03,NB-1035,229.0,0.0,17,343.9
2025-03-10,NB-1035,157.0,0.0,17,343.9
2025-03-17,NB-1035,599.0,0.0,17,343.9
2025-03-24,NB-1035,515.0,0.0,17,343.9
2025-03-31,NB-1035,425.0,0.0,17,343.9
2025-04-07,NB-1035,310.0,0.0,17,343.9
2025-04-14,NB-1035,220.0,462.0,17,343.9
2025-04-21,NB-1035,589.0,0.0,17,343.9
2025-04-28,NB-1035,498.0,0.0,17,343.9
2025-05-05,NB-1035,401.0,0.0,17,343.9
2025-05-12,NB-1035,711.0,0.0,17,343.9
2025-05-19,NB-1035,577.0,0.0,17,343.9
2025-05-26,NB-1035,492.0,0.0,17,343.9
2025-06-02,NB-1035,404.0,0.0,17,343.9
2025-06-09,NB-1035,319.0,0.0,17,343.9
2025-06-16,NB-1035,236.0,0.0,17,343.9
2025-06-23,NB-1035,601.0,0.0,17,343.9
2025-06-30,NB-1035,507.0,0.0,17,343.9
2025-07-07,NB-1035,388.0,0.0,17,343.9
2025-07-14,NB-1035,300.0,467.0,17,343.9
2025-07-21,NB-1035,162.0,0.0,17,343.9
2025-07-28,NB-1035,356.0,0.0,17,343.9
2025-08-04,NB-1035,282.0,0.0,17,343.9
2025-08-11,NB-1035,551.0,0.0,17,343.9
2025-08-18,NB-1035,451.0,0.0,17,343.9
2025-08-25,NB-1035,357.0,0.0,17,343.9
2025-09-01,NB-1035,562.0,0.0,17,343.9
2025-09-08,NB-1035,422.0,0.0,17,343.9
2025-09-15,NB-1035,329.0,0.0,17,343.9
2025-09-22,NB-1035,263.0,0.0,17,343.9
2025-09-29,NB-1035,188.0,437.0,17,343.9
2025-10-06,NB-1035,79.0,0.0,17,343.9
2025-10-13,NB-1035,0.0,0.0,17,343.9
2025-10-20,NB-1035,0.0,0.0,17,343.9
2025-10-27,NB-1035,0.0,0.0,17,343.9
2025-11-03,NB-1035,392.0,392.0,17,343.9
2025-11-10,NB-1035,648.0,343.0,17,343.9
2025-11-17,NB-1035,538.0,0.0,17,343.9
2025-11-24,NB-1035,429.0,0.0,17,343.9
2025-12-01,NB-1035,352.0,0.0,17,343.9
2025-12-08,NB-1035,796.0,0.0,17,343.9
2025-12-15,NB-1035,717.0,0.0,17,343.9
2025-12-22,NB-1035,637.0,0.0,17,343.9
2025-12-29,NB-1035,552.0,0.0,17,343.9
2024-01-01,NB-1036,220.0,0.0,5,111.6
2024-01-08,NB-1036,95.0,0.0,5,111.6
2024-01-15,NB-1036,0.0,162.0,5,111.6
2024-01-22,NB-1036,121.0,0.0,5,111.6
2024-01-29,NB-1036,168.0,0.0,5,111.6
2024-02-05,NB-1036,45.0,0.0,5,111.6
2024-02-12,NB-1036,117.0,0.0,5,111.6
2024-02-19,NB-1036,71.0,0.0,5,111.6
2024-02-26,NB-1036,0.0,0.0,5,111.6
2024-03-04,NB-1036,0.0,0.0,5,111.6
2024-03-11,NB-1036,119.0,0.0,5,111.6
2024-03-18,NB-1036,99.0,165.0,5,111.6
2024-03-25,NB-1036,0.0,0.0,5,111.6
2024-04-01,NB-1036,79.0,0.0,5,111.6
2024-04-08,NB-1036,0.0,0.0,5,111.6
2024-04-15,NB-1036,0.0,158.0,5,111.6
2024-04-22,NB-1036,0.0,130.0,5,111.6
2024-04-29,NB-1036,0.0,142.0,5,111.6
2024-05-06,NB-1036,0.0,133.0,5,111.6
2024-05-13,NB-1036,131.0,0.0,5,111.6
2024-05-20,NB-1036,71.0,0.0,5,111.6
2024-05-27,NB-1036,0.0,140.0,5,111.6
2024-06-03,NB-1036,0.0,0.0,5,111.6
2024-06-10,NB-1036,0.0,119.0,5,111.6
2024-06-17,NB-1036,0.0,144.0,5,111.6
2024-06-24,NB-1036,83.0,0.0,5,111.6
2024-07-01,NB-1036,0.0,0.0,5,111.6
2024-07-08,NB-1036,0.0,0.0,5,111.6
2024-07-15,NB-1036,0.0,0.0,5,111.6
2024-07-22,NB-1036,91.0,0.0,5,111.6
2024-07-29,NB-1036,30.0,0.0,5,111.6
2024-08-05,NB-1036,0.0,0.0,5,111.6
2024-08-12,NB-1036,0.0,0.0,5,111.6
2024-08-19,NB-1036,125.0,0.0,5,111.6
2024-08-26,NB-1036,65.0,148.0,5,111.6
2024-09-02,NB-1036,125.0,0.0,5,111.6
2024-09-09,NB-1036,68.0,0.0,5,111.6
2024-09-16,NB-1036,110.0,0.0,5,111.6
2024-09-23,NB-1036,34.0,0.0,5,111.6
2024-09-30,NB-1036,0.0,0.0,5,111.6
2024-10-07,NB-1036,0.0,0.0,5,111.6
2024-10-14,NB-1036,0.0,0.0,5,111.6
2024-10-21,NB-1036,0.0,0.0,5,111.6
2024-10-28,NB-1036,0.0,167.0,5,111.6
2024-11-04,NB-1036,118.0,0.0,5,111.6
2024-11-11,NB-1036,196.0,164.0,5,111.6
2024-11-18,NB-1036,131.0,0.0,5,111.6
2024-11-25,NB-1036,71.0,0.0,5,111.6
2024-12-02,NB-1036,161.0,0.0,5,111.6
2024-12-09,NB-1036,83.0,0.0,5,111.6
2024-12-16,NB-1036,135.0,0.0,5,111.6
2024-12-23,NB-1036,197.0,0.0,5,111.6
2024-12-30,NB-1036,84.0,0.0,5,111.6
2025-01-06,NB-1036,0.0,150.0,5,111.6
2025-01-13,NB-1036,0.0,0.0,5,111.6
2025-01-20,NB-1036,0.0,0.0,5,111.6
2025-01-27,NB-1036,96.0,0.0,5,111.6
2025-02-03,NB-1036,0.0,135.0,5,111.6
2025-02-10,NB-1036,0.0,0.0,5,111.6
2025-02-17,NB-1036,0.0,116.0,5,111.6
2025-02-24,NB-1036,0.0,0.0,5,111.6
2025-03-03,NB-1036,2.0,115.0,5,111.6
2025-03-10,NB-1036,0.0,0.0,5,111.6
2025-03-17,NB-1036,159.0,159.0,5,111.6
2025-03-24,NB-1036,169.0,0.0,5,111.6
2025-03-31,NB-1036,0.0,0.0,5,111.6
2025-04-07,NB-1036,0.0,143.0,5,111.6
2025-04-14,NB-1036,20.0,0.0,5,111.6
2025-04-21,NB-1036,0.0,0.0,5,111.6
2025-04-28,NB-1036,0.0,0.0,5,111.6
2025-05-05,NB-1036,0.0,0.0,5,111.6
2025-05-12,NB-1036,0.0,146.0,5,111.6
2025-05-19,NB-1036,0.0,0.0,5,111.6
2025-05-26,NB-1036,105.0,0.0,5,111.6
2025-06-02,NB-1036,145.0,0.0,5,111.6
2025-06-09,NB-1036,42.0,0.0,5,111.6
2025-06-16,NB-1036,0.0,0.0,5,111.6
2025-06-23,NB-1036,115.0,0.0,5,111.6
2025-06-30,NB-1036,163.0,0.0,5,111.6
2025-07-07,NB-1036,189.0,0.0,5,111.6
2025-07-14,NB-1036,120.0,0.0,5,111.6
2025-07-21,NB-1036,23.0,0.0,5,111.6
2025-07-28,NB-1036,102.0,136.0,5,111.6
2025-08-04,NB-1036,29.0,0.0,5,111.6
2025-08-11,NB-1036,248.0,170.0,5,111.6
2025-08-18,NB-1036,196.0,0.0,5,111.6
2025-08-25,NB-1036,113.0,0.0,5,111.6
2025-09-01,NB-1036,58.0,0.0,5,111.6
2025-09-08,NB-1036,4.0,0.0,5,111.6
2025-09-15,NB-1036,82.0,0.0,5,111.6
2025-09-22,NB-1036,155.0,0.0,5,111.6
2025-09-29,NB-1036,103.0,0.0,5,111.6
2025-10-06,NB-1036,72.0,0.0,5,111.6
2025-10-13,NB-1036,12.0,0.0,5,111.6
2025-10-20,NB-1036,0.0,0.0,5,111.6
2025-10-27,NB-1036,0.0,129.0,5,111.6
2025-11-03,NB-1036,0.0,0.0,5,111.6
2025-11-10,NB-1036,106.0,0.0,5,111.6
2025-11-17,NB-1036,11.0,0.0,5,111.6
2025-11-24,NB-1036,0.0,0.0,5,111.6
2025-12-01,NB-1036,0.0,109.0,5,111.6
2025-12-08,NB-1036,113.0,0.0,5,111.6
2025-12-15,NB-1036,176.0,0.0,5,111.6
2025-12-22,NB-1036,98.0,0.0,5,111.6
2025-12-29,NB-1036,10.0,0.0,5,111.6
2024-01-01,NB-1037,247.0,0.0,5,194.6
2024-01-08,NB-1037,0.0,0.0,5,194.6
2024-01-15,NB-1037,232.0,0.0,5,194.6
2024-01-22,NB-1037,0.0,0.0,5,194.6
2024-01-29,NB-1037,0.0,0.0,5,194.6
2024-02-05,NB-1037,131.0,0.0,5,194.6
2024-02-12,NB-1037,0.0,262.0,5,194.6
2024-02-19,NB-1037,0.0,0.0,5,194.6
2024-02-26,NB-1037,0.0,0.0,5,194.6
2024-03-04,NB-1037,117.0,0.0,5,194.6
2024-03-11,NB-1037,0.0,0.0,5,194.6
2024-03-18,NB-1037,0.0,0.0,5,194.6
2024-03-25,NB-1037,0.0,225.0,5,194.6
2024-04-01,NB-1037,0.0,189.0,5,194.6
2024-04-08,NB-1037,0.0,0.0,5,194.6
2024-04-15,NB-1037,0.0,0.0,5,194.6
2024-04-22,NB-1037,0.0,0.0,5,194.6
2024-04-29,NB-1037,0.0,0.0,5,194.6
2024-05-06,NB-1037,0.0,0.0,5,194.6
2024-05-13,NB-1037,69.0,0.0,5,194.6
2024-05-20,NB-1037,0.0,0.0,5,194.6
2024-05-27,NB-1037,0.0,0.0,5,194.6
2024-06-03,NB-1037,213.0,0.0,5,194.6
2024-06-10,NB-1037,264.0,248.0,5,194.6
2024-06-17,NB-1037,0.0,0.0,5,194.6
2024-06-24,NB-1037,0.0,0.0,5,194.6
2024-07-01,NB-1037,104.0,0.0,5,194.6
2024-07-08,NB-1037,0.0,0.0,5,194.6
2024-07-15,NB-1037,0.0,0.0,5,194.6
2024-07-22,NB-1037,0.0,183.0,5,194.6
2024-07-29,NB-1037,0.0,0.0,5,194.6
2024-08-05,NB-1037,0.0,209.0,5,194.6
2024-08-12,NB-1037,223.0,0.0,5,194.6
2024-08-19,NB-1037,37.0,0.0,5,194.6
2024-08-26,NB-1037,0.0,0.0,5,194.6
2024-09-02,NB-1037,0.0,207.0,5,194.6
2024-09-09,NB-1037,0.0,0.0,5,194.6
2024-09-16,NB-1037,0.0,0.0,5,194.6
2024-09-23,NB-1037,0.0,0.0,5,194.6
2024-09-30,NB-1037,0.0,0.0,5,194.6
2024-10-07,NB-1037,181.0,0.0,5,194.6
2024-10-14,NB-1037,31.0,0.0,5,194.6
2024-10-21,NB-1037,0.0,260.0,5,194.6
2024-10-28,NB-1037,0.0,185.0,5,194.6
2024-11-04,NB-1037,0.0,0.0,5,194.6
2024-11-11,NB-1037,0.0,0.0,5,194.6
2024-11-18,NB-1037,0.0,194.0,5,194.6
2024-11-25,NB-1037,0.0,0.0,5,194.6
2024-12-02,NB-1037,0.0,0.0,5,194.6
2024-12-09,NB-1037,182.0,182.0,5,194.6
2024-12-16,NB-1037,257.0,0.0,5,194.6
2024-12-23,NB-1037,226.0,198.0,5,194.6
2024-12-30,NB-1037,18.0,203.0,5,194.6
2025-01-06,NB-1037,0.0,0.0,5,194.6
2025-01-13,NB-1037,0.0,221.0,5,194.6
2025-01-20,NB-1037,86.0,0.0,5,194.6
2025-01-27,NB-1037,0.0,0.0,5,194.6
2025-02-03,NB-1037,0.0,0.0,5,194.6
2025-02-10,NB-1037,0.0,0.0,5,194.6
2025-02-17,NB-1037,0.0,0.0,5,194.6
2025-02-24,NB-1037,0.0,0.0,5,194.6
2025-03-03,NB-1037,0.0,0.0,5,194.6
2025-03-10,NB-1037,153.0,0.0,5,194.6
2025-03-17,NB-1037,0.0,209.0,5,194.6
2025-03-24,NB-1037,0.0,0.0,5,194.6
2025-03-31,NB-1037,293.0,293.0,5,194.6
2025-04-07,NB-1037,0.0,242.0,5,194.6
2025-04-14,NB-1037,0.0,0.0,5,194.6
2025-04-21,NB-1037,0.0,0.0,5,194.6
2025-04-28,NB-1037,0.0,211.0,5,194.6
2025-05-05,NB-1037,57.0,0.0,5,194.6
2025-05-12,NB-1037,0.0,0.0,5,194.6
2025-05-19,NB-1037,0.0,0.0,5,194.6
2025-05-26,NB-1037,0.0,0.0,5,194.6
2025-06-02,NB-1037,0.0,0.0,5,194.6
2025-06-09,NB-1037,213.0,0.0,5,194.6
2025-06-16,NB-1037,0.0,0.0,5,194.6
2025-06-23,NB-1037,0.0,191.0,5,194.6
2025-06-30,NB-1037,0.0,0.0,5,194.6
2025-07-07,NB-1037,176.0,0.0,5,194.6
2025-07-14,NB-1037,0.0,237.0,5,194.6
2025-07-21,NB-1037,0.0,0.0,5,194.6
2025-07-28,NB-1037,0.0,0.0,5,194.6
2025-08-04,NB-1037,0.0,0.0,5,194.6
2025-08-11,NB-1037,359.0,0.0,5,194.6
2025-08-18,NB-1037,201.0,0.0,5,194.6
2025-08-25,NB-1037,1.0,219.0,5,194.6
2025-09-01,NB-1037,0.0,0.0,5,194.6
2025-09-08,NB-1037,0.0,297.0,5,194.6
2025-09-15,NB-1037,0.0,0.0,5,194.6
2025-09-22,NB-1037,0.0,0.0,5,194.6
2025-09-29,NB-1037,0.0,298.0,5,194.6
2025-10-06,NB-1037,0.0,0.0,5,194.6
2025-10-13,NB-1037,0.0,0.0,5,194.6
2025-10-20,NB-1037,0.0,0.0,5,194.6
2025-10-27,NB-1037,0.0,0.0,5,194.6
2025-11-03,NB-1037,0.0,0.0,5,194.6
2025-11-10,NB-1037,193.0,0.0,5,194.6
2025-11-17,NB-1037,0.0,0.0,5,194.6
2025-11-24,NB-1037,0.0,0.0,5,194.6
2025-12-01,NB-1037,0.0,0.0,5,194.6
2025-12-08,NB-1037,0.0,0.0,5,194.6
2025-12-15,NB-1037,0.0,0.0,5,194.6
2025-12-22,NB-1037,0.0,0.0,5,194.6
2025-12-29,NB-1037,0.0,0.0,5,194.6
2024-01-01,NB-1038,269.0,0.0,18,271.7
2024-01-08,NB-1038,201.0,0.0,18,271.7
2024-01-15,NB-1038,434.0,0.0,18,271.7
2024-01-22,NB-1038,372.0,0.0,18,271.7
2024-01-29,NB-1038,278.0,0.0,18,271.7
2024-02-05,NB-1038,155.0,0.0,18,271.7
2024-02-12,NB-1038,404.0,0.0,18,271.7
2024-02-19,NB-1038,309.0,0.0,18,271.7
2024-02-26,NB-1038,232.0,0.0,18,271.7
2024-03-04,NB-1038,133.0,0.0,18,271.7
2024-03-11,NB-1038,47.0,0.0,18,271.7
2024-03-18,NB-1038,0.0,0.0,18,271.7
2024-03-25,NB-1038,0.0,270.0,18,271.7
2024-04-01,NB-1038,0.0,320.0,18,271.7
2024-04-08,NB-1038,0.0,0.0,18,271.7
2024-04-15,NB-1038,0.0,0.0,18,271.7
2024-04-22,NB-1038,325.0,0.0,18,271.7
2024-04-29,NB-1038,209.0,0.0,18,271.7
2024-05-06,NB-1038,65.0,0.0,18,271.7
2024-05-13,NB-1038,279.0,0.0,18,271.7
2024-05-20,NB-1038,187.0,0.0,18,271.7
2024-05-27,NB-1038,101.0,279.0,18,271.7
2024-06-03,NB-1038,25.0,0.0,18,271.7
2024-06-10,NB-1038,317.0,0.0,18,271.7
2024-06-17,NB-1038,160.0,0.0,18,271.7
2024-06-24,NB-1038,62.0,275.0,18,271.7
2024-07-01,NB-1038,6.0,0.0,18,271.7
2024-07-08,NB-1038,0.0,0.0,18,271.7
2024-07-15,NB-1038,0.0,0.0,18,271.7
2024-07-22,NB-1038,0.0,0.0,18,271.7
2024-07-29,NB-1038,318.0,0.0,18,271.7
2024-08-05,NB-1038,252.0,0.0,18,271.7
2024-08-12,NB-1038,497.0,0.0,18,271.7
2024-08-19,NB-1038,428.0,0.0,18,271.7
2024-08-26,NB-1038,331.0,0.0,18,271.7
2024-09-02,NB-1038,257.0,0.0,18,271.7
2024-09-09,NB-1038,171.0,0.0,18,271.7
2024-09-16,NB-1038,78.0,0.0,18,271.7
2024-09-23,NB-1038,302.0,0.0,18,271.7
2024-09-30,NB-1038,248.0,343.0,18,271.7
2024-10-07,NB-1038,143.0,342.0,18,271.7
2024-10-14,NB-1038,451.0,0.0,18,271.7
2024-10-21,NB-1038,399.0,0.0,18,271.7
2024-10-28,NB-1038,320.0,0.0,18,271.7
2024-11-04,NB-1038,237.0,0.0,18,271.7
2024-11-11,NB-1038,169.0,0.0,18,271.7
2024-11-18,NB-1038,116.0,0.0,18,271.7
2024-11-25,NB-1038,460.0,0.0,18,271.7
2024-12-02,NB-1038,345.0,0.0,18,271.7
2024-12-09,NB-1038,234.0,0.0,18,271.7
2024-12-16,NB-1038,73.0,372.0,18,271.7
2024-12-23,NB-1038,0.0,0.0,18,271.7
2024-12-30,NB-1038,315.0,0.0,18,271.7
2025-01-06,NB-1038,245.0,0.0,18,271.7
2025-01-13,NB-1038,407.0,0.0,18,271.7
2025-01-20,NB-1038,281.0,0.0,18,271.7
2025-01-27,NB-1038,167.0,0.0,18,271.7
2025-02-03,NB-1038,46.0,0.0,18,271.7
2025-02-10,NB-1038,0.0,0.0,18,271.7
2025-02-17,NB-1038,235.0,0.0,18,271.7
2025-02-24,NB-1038,414.0,0.0,18,271.7
2025-03-03,NB-1038,278.0,0.0,18,271.7
2025-03-10,NB-1038,498.0,0.0,18,271.7
2025-03-17,NB-1038,383.0,0.0,18,271.7
2025-03-24,NB-1038,288.0,0.0,18,271.7
2025-03-31,NB-1038,471.0,0.0,18,271.7
2025-04-07,NB-1038,314.0,0.0,18,271.7
2025-04-14,NB-1038,560.0,302.0,18,271.7
2025-04-21,NB-1038,470.0,0.0,18,271.7
2025-04-28,NB-1038,370.0,0.0,18,271.7
2025-05-05,NB-1038,257.0,0.0,18,271.7
2025-05-12,NB-1038,128.0,0.0,18,271.7
2025-05-19,NB-1038,0.0,392.0,18,271.7
2025-05-26,NB-1038,316.0,0.0,18,271.7
2025-06-02,NB-1038,228.0,0.0,18,271.7
2025-06-09,NB-1038,398.0,260.0,18,271.7
2025-06-16,NB-1038,334.0,0.0,18,271.7
2025-06-23,NB-1038,261.0,329.0,18,271.7
2025-06-30,NB-1038,197.0,0.0,18,271.7
2025-07-07,NB-1038,456.0,0.0,18,271.7
2025-07-14,NB-1038,376.0,0.0,18,271.7
2025-07-21,NB-1038,245.0,0.0,18,271.7
2025-07-28,NB-1038,138.0,0.0,18,271.7
2025-08-04,NB-1038,69.0,0.0,18,271.7
2025-08-11,NB-1038,0.0,0.0,18,271.7
2025-08-18,NB-1038,215.0,0.0,18,271.7
2025-08-25,NB-1038,110.0,0.0,18,271.7
2025-09-01,NB-1038,383.0,0.0,18,271.7
2025-09-08,NB-1038,269.0,0.0,18,271.7
2025-09-15,NB-1038,190.0,329.0,18,271.7
2025-09-22,NB-1038,423.0,299.0,18,271.7
2025-09-29,NB-1038,329.0,0.0,18,271.7
2025-10-06,NB-1038,249.0,0.0,18,271.7
2025-10-13,NB-1038,499.0,0.0,18,271.7
2025-10-20,NB-1038,392.0,0.0,18,271.7
2025-10-27,NB-1038,298.0,0.0,18,271.7
2025-11-03,NB-1038,244.0,0.0,18,271.7
2025-11-10,NB-1038,163.0,0.0,18,271.7
2025-11-17,NB-1038,447.0,373.0,18,271.7
2025-11-24,NB-1038,323.0,0.0,18,271.7
2025-12-01,NB-1038,232.0,0.0,18,271.7
2025-12-08,NB-1038,376.0,0.0,18,271.7
2025-12-15,NB-1038,236.0,0.0,18,271.7
2025-12-22,NB-1038,539.0,0.0,18,271.7
2025-12-29,NB-1038,445.0,0.0,18,271.7
2024-01-01,NB-1039,161.0,0.0,18,468.9
2024-01-08,NB-1039,635.0,0.0,18,468.9
2024-01-15,NB-1039,543.0,0.0,18,468.9
2024-01-22,NB-1039,1125.0,681.0,18,468.9
2024-01-29,NB-1039,1037.0,0.0,18,468.9
2024-02-05,NB-1039,966.0,0.0,18,468.9
2024-02-12,NB-1039,886.0,0.0,18,468.9
2024-02-19,NB-1039,799.0,0.0,18,468.9
2024-02-26,NB-1039,695.0,0.0,18,468.9
2024-03-04,NB-1039,610.0,0.0,18,468.9
2024-03-11,NB-1039,557.0,0.0,18,468.9
2024-03-18,NB-1039,459.0,0.0,18,468.9
2024-03-25,NB-1039,353.0,0.0,18,468.9
2024-04-01,NB-1039,292.0,0.0,18,468.9
2024-04-08,NB-1039,203.0,0.0,18,468.9
2024-04-15,NB-1039,140.0,610.0,18,468.9
2024-04-22,NB-1039,14.0,712.0,18,468.9
2024-04-29,NB-1039,0.0,0.0,18,468.9
2024-05-06,NB-1039,0.0,0.0,18,468.9
2024-05-13,NB-1039,0.0,588.0,18,468.9
2024-05-20,NB-1039,0.0,0.0,18,468.9
2024-05-27,NB-1039,0.0,0.0,18,468.9
2024-06-03,NB-1039,0.0,466.0,18,468.9
2024-06-10,NB-1039,0.0,0.0,18,468.9
2024-06-17,NB-1039,0.0,544.0,18,468.9
2024-06-24,NB-1039,473.0,0.0,18,468.9
2024-07-01,NB-1039,300.0,461.0,18,468.9
2024-07-08,NB-1039,598.0,0.0,18,468.9
2024-07-15,NB-1039,896.0,530.0,18,468.9
2024-07-22,NB-1039,685.0,0.0,18,468.9
2024-07-29,NB-1039,427.0,0.0,18,468.9
2024-08-05,NB-1039,652.0,0.0,18,468.9
2024-08-12,NB-1039,439.0,501.0,18,468.9
2024-08-19,NB-1039,823.0,0.0,18,468.9
2024-08-26,NB-1039,574.0,0.0,18,468.9
2024-09-02,NB-1039,324.0,720.0,18,468.9
2024-09-09,NB-1039,118.0,0.0,18,468.9
2024-09-16,NB-1039,548.0,0.0,18,468.9
2024-09-23,NB-1039,251.0,0.0,18,468.9
2024-09-30,NB-1039,601.0,601.0,18,468.9
2024-10-07,NB-1039,372.0,541.0,18,468.9
2024-10-14,NB-1039,58.0,0.0,18,468.9
2024-10-21,NB-1039,491.0,0.0,18,468.9
2024-10-28,NB-1039,844.0,0.0,18,468.9
2024-11-04,NB-1039,573.0,0.0,18,468.9
2024-11-11,NB-1039,305.0,0.0,18,468.9
2024-11-18,NB-1039,128.0,0.0,18,468.9
2024-11-25,NB-1039,464.0,712.0,18,468.9
2024-12-02,NB-1039,261.0,0.0,18,468.9
2024-12-09,NB-1039,116.0,0.0,18,468.9
2024-12-16,NB-1039,655.0,0.0,18,468.9
2024-12-23,NB-1039,478.0,0.0,18,468.9
2024-12-30,NB-1039,296.0,0.0,18,468.9
2025-01-06,NB-1039,119.0,444.0,18,468.9
2025-01-13,NB-1039,0.0,0.0,18,468.9
2025-01-20,NB-1039,0.0,0.0,18,468.9
2025-01-27,NB-1039,339.0,483.0,18,468.9
2025-02-03,NB-1039,197.0,0.0,18,468.9
2025-02-10,NB-1039,716.0,0.0,18,468.9
2025-02-17,NB-1039,588.0,0.0,18,468.9
2025-02-24,NB-1039,451.0,0.0,18,468.9
2025-03-03,NB-1039,741.0,0.0,18,468.9
2025-03-10,NB-1039,605.0,0.0,18,468.9
2025-03-17,NB-1039,479.0,0.0,18,468.9
2025-03-24,NB-1039,365.0,0.0,18,468.9
2025-03-31,NB-1039,683.0,0.0,18,468.9
2025-04-07,NB-1039,513.0,0.0,18,468.9
2025-04-14,NB-1039,414.0,0.0,18,468.9
2025-04-21,NB-1039,260.0,542.0,18,468.9
2025-04-28,NB-1039,782.0,0.0,18,468.9
2025-05-05,NB-1039,627.0,0.0,18,468.9
2025-05-12,NB-1039,438.0,0.0,18,468.9
2025-05-19,NB-1039,710.0,0.0,18,468.9
2025-05-26,NB-1039,543.0,0.0,18,468.9
2025-06-02,NB-1039,384.0,490.0,18,468.9
2025-06-09,NB-1039,822.0,0.0,18,468.9
2025-06-16,NB-1039,591.0,0.0,18,468.9
2025-06-23,NB-1039,301.0,0.0,18,468.9
2025-06-30,NB-1039,84.0,0.0,18,468.9
2025-07-07,NB-1039,0.0,524.0,18,468.9
2025-07-14,NB-1039,0.0,0.0,18,468.9
2025-07-21,NB-1039,0.0,0.0,18,468.9
2025-07-28,NB-1039,0.0,0.0,18,468.9
2025-08-04,NB-1039,0.0,0.0,18,468.9
2025-08-11,NB-1039,0.0,472.0,18,468.9
2025-08-18,NB-1039,0.0,659.0,18,468.9
2025-08-25,NB-1039,0.0,539.0,18,468.9
2025-09-01,NB-1039,580.0,0.0,18,468.9
2025-09-08,NB-1039,174.0,646.0,18,468.9
2025-09-15,NB-1039,915.0,0.0,18,468.9
2025-09-22,NB-1039,514.0,0.0,18,468.9
2025-09-29,NB-1039,773.0,0.0,18,468.9
2025-10-06,NB-1039,477.0,0.0,18,468.9
2025-10-13,NB-1039,35.0,0.0,18,468.9
2025-10-20,NB-1039,0.0,0.0,18,468.9
2025-10-27,NB-1039,438.0,0.0,18,468.9
2025-11-03,NB-1039,664.0,0.0,18,468.9
2025-11-10,NB-1039,413.0,0.0,18,468.9
2025-11-17,NB-1039,559.0,0.0,18,468.9
2025-11-24,NB-1039,689.0,0.0,18,468.9
2025-12-01,NB-1039,474.0,0.0,18,468.9
2025-12-08,NB-1039,688.0,0.0,18,468.9
2025-12-15,NB-1039,435.0,0.0,18,468.9
2025-12-22,NB-1039,232.0,0.0,18,468.9
2025-12-29,NB-1039,17.0,0.0,18,468.9
2024-01-01,NB-1040,246.0,0.0,11,188.6
2024-01-08,NB-1040,176.0,288.0,11,188.6
2024-01-15,NB-1040,79.0,0.0,11,188.6
2024-01-22,NB-1040,248.0,0.0,11,188.6
2024-01-29,NB-1040,128.0,0.0,11,188.6
2024-02-05,NB-1040,43.0,179.0,11,188.6
2024-02-12,NB-1040,239.0,0.0,11,188.6
2024-02-19,NB-1040,124.0,0.0,11,188.6
2024-02-26,NB-1040,342.0,0.0,11,188.6
2024-03-04,NB-1040,236.0,0.0,11,188.6
2024-03-11,NB-1040,126.0,0.0,11,188.6
2024-03-18,NB-1040,205.0,0.0,11,188.6
2024-03-25,NB-1040,51.0,0.0,11,188.6
2024-04-01,NB-1040,0.0,0.0,11,188.6
2024-04-08,NB-1040,0.0,208.0,11,188.6
2024-04-15,NB-1040,0.0,248.0,11,188.6
2024-04-22,NB-1040,0.0,0.0,11,188.6
2024-04-29,NB-1040,142.0,0.0,11,188.6
2024-05-06,NB-1040,264.0,0.0,11,188.6
2024-05-13,NB-1040,122.0,0.0,11,188.6
2024-05-20,NB-1040,17.0,176.0,11,188.6
2024-05-27,NB-1040,0.0,256.0,11,188.6
2024-06-03,NB-1040,0.0,0.0,11,188.6
2024-06-10,NB-1040,0.0,0.0,11,188.6
2024-06-17,NB-1040,255.0,255.0,11,188.6
2024-06-24,NB-1040,149.0,0.0,11,188.6
2024-07-01,NB-1040,61.0,0.0,11,188.6
2024-07-08,NB-1040,0.0,0.0,11,188.6
2024-07-15,NB-1040,205.0,0.0,11,188.6
2024-07-22,NB-1040,279.0,0.0,11,188.6
2024-07-29,NB-1040,176.0,0.0,11,188.6
2024-08-05,NB-1040,304.0,0.0,11,188.6
2024-08-12,NB-1040,217.0,0.0,11,188.6
2024-08-19,NB-1040,157.0,0.0,11,188.6
2024-08-26,NB-1040,80.0,0.0,11,188.6
2024-09-02,NB-1040,1.0,0.0,11,188.6
2024-09-09,NB-1040,197.0,197.0,11,188.6
2024-09-16,NB-1040,356.0,0.0,11,188.6
2024-09-23,NB-1040,270.0,0.0,11,188.6
2024-09-30,NB-1040,209.0,0.0,11,188.6
2024-10-07,NB-1040,386.0,0.0,11,188.6
2024-10-14,NB-1040,294.0,0.0,11,188.6
2024-10-21,NB-1040,209.0,0.0,11,188.6
2024-10-28,NB-1040,117.0,0.0,11,188.6
2024-11-04,NB-1040,19.0,0.0,11,188.6
2024-11-11,NB-1040,412.0,0.0,11,188.6
2024-11-18,NB-1040,329.0,0.0,11,188.6
2024-11-25,NB-1040,236.0,0.0,11,188.6
2024-12-02,NB-1040,450.0,283.0,11,188.6
2024-12-09,NB-1040,354.0,0.0,11,188.6
2024-12-16,NB-1040,241.0,0.0,11,188.6
2024-12-23,NB-1040,104.0,0.0,11,188.6
2024-12-30,NB-1040,0.0,0.0,11,188.6
2025-01-06,NB-1040,0.0,0.0,11,188.6
2025-01-13,NB-1040,0.0,258.0,11,188.6
2025-01-20,NB-1040,186.0,0.0,11,188.6
2025-01-27,NB-1040,60.0,0.0,11,188.6
2025-02-03,NB-1040,0.0,0.0,11,188.6
2025-02-10,NB-1040,211.0,211.0,11,188.6
2025-02-17,NB-1040,60.0,0.0,11,188.6
2025-02-24,NB-1040,258.0,258.0,11,188.6
2025-03-03,NB-1040,38.0,0.0,11,188.6
2025-03-10,NB-1040,122.0,0.0,11,188.6
2025-03-17,NB-1040,264.0,0.0,11,188.6
2025-03-24,NB-1040,117.0,0.0,11,188.6
2025-03-31,NB-1040,0.0,252.0,11,188.6
2025-04-07,NB-1040,0.0,0.0,11,188.6
2025-04-14,NB-1040,0.0,0.0,11,188.6
2025-04-21,NB-1040,217.0,0.0,11,188.6
2025-04-28,NB-1040,310.0,0.0,11,188.6
2025-05-05,NB-1040,139.0,0.0,11,188.6
2025-05-12,NB-1040,0.0,0.0,11,188.6
2025-05-19,NB-1040,232.0,0.0,11,188.6
2025-05-26,NB-1040,357.0,0.0,11,188.6
2025-06-02,NB-1040,208.0,0.0,11,188.6
2025-06-09,NB-1040,277.0,184.0,11,188.6
2025-06-16,NB-1040,168.0,196.0,11,188.6
2025-06-23,NB-1040,33.0,277.0,11,188.6
2025-06-30,NB-1040,141.0,209.0,11,188.6
2025-07-07,NB-1040,226.0,0.0,11,188.6
2025-07-14,NB-1040,102.0,0.0,11,188.6
2025-07-21,NB-1040,193.0,0.0,11,188.6
2025-07-28,NB-1040,26.0,0.0,11,188.6
2025-08-04,NB-1040,107.0,250.0,11,188.6
2025-08-11,NB-1040,0.0,0.0,11,188.6
2025-08-18,NB-1040,0.0,0.0,11,188.6
2025-08-25,NB-1040,157.0,0.0,11,188.6
2025-09-01,NB-1040,246.0,246.0,11,188.6
2025-09-08,NB-1040,97.0,0.0,11,188.6
2025-09-15,NB-1040,0.0,0.0,11,188.6
2025-09-22,NB-1040,388.0,200.0,11,188.6
2025-09-29,NB-1040,261.0,0.0,11,188.6
2025-10-06,NB-1040,165.0,0.0,11,188.6
2025-10-13,NB-1040,45.0,0.0,11,188.6
2025-10-20,NB-1040,0.0,0.0,11,188.6
2025-10-27,NB-1040,149.0,0.0,11,188.6
2025-11-03,NB-1040,334.0,0.0,11,188.6
2025-11-10,NB-1040,253.0,0.0,11,188.6
2025-11-17,NB-1040,323.0,0.0,11,188.6
2025-11-24,NB-1040,161.0,225.0,11,188.6
2025-12-01,NB-1040,30.0,0.0,11,188.6
2025-12-08,NB-1040,415.0,230.0,11,188.6
2025-12-15,NB-1040,233.0,0.0,11,188.6
2025-12-22,NB-1040,76.0,255.0,11,188.6
2025-12-29,NB-1040,0.0,0.0,11,188.6
2024-01-01,NB-1041,338.0,0.0,19,550.9
2024-01-08,NB-1041,145.0,0.0,19,550.9
2024-01-15,NB-1041,0.0,525.0,19,550.9
2024-01-22,NB-1041,495.0,0.0,19,550.9
2024-01-29,NB-1041,996.0,0.0,19,550.9
2024-02-05,NB-1041,828.0,0.0,19,550.9
2024-02-12,NB-1041,606.0,0.0,19,550.9
2024-02-19,NB-1041,429.0,675.0,19,550.9
2024-02-26,NB-1041,256.0,0.0,19,550.9
2024-03-04,NB-1041,596.0,0.0,19,550.9
2024-03-11,NB-1041,385.0,0.0,19,550.9
2024-03-18,NB-1041,208.0,573.0,19,550.9
2024-03-25,NB-1041,50.0,0.0,19,550.9
2024-04-01,NB-1041,533.0,0.0,19,550.9
2024-04-08,NB-1041,355.0,846.0,19,550.9
2024-04-15,NB-1041,945.0,0.0,19,550.9
2024-04-22,NB-1041,798.0,0.0,19,550.9
2024-04-29,NB-1041,661.0,0.0,19,550.9
2024-05-06,NB-1041,516.0,0.0,19,550.9
2024-05-13,NB-1041,391.0,0.0,19,550.9
2024-05-20,NB-1041,274.0,0.0,19,550.9
2024-05-27,NB-1041,994.0,0.0,19,550.9
2024-06-03,NB-1041,874.0,0.0,19,550.9
2024-06-10,NB-1041,735.0,0.0,19,550.9
2024-06-17,NB-1041,552.0,0.0,19,550.9
2024-06-24,NB-1041,1231.0,0.0,19,550.9
2024-07-01,NB-1041,1112.0,0.0,19,550.9
2024-07-08,NB-1041,999.0,0.0,19,550.9
2024-07-15,NB-1041,889.0,0.0,19,550.9
2024-07-22,NB-1041,784.0,0.0,19,550.9
2024-07-29,NB-1041,688.0,0.0,19,550.9
2024-08-05,NB-1041,605.0,0.0,19,550.9
2024-08-12,NB-1041,507.0,0.0,19,550.9
2024-08-19,NB-1041,383.0,0.0,19,550.9
2024-08-26,NB-1041,949.0,0.0,19,550.9
2024-09-02,NB-1041,853.0,0.0,19,550.9
2024-09-09,NB-1041,750.0,0.0,19,550.9
2024-09-16,NB-1041,616.0,0.0,19,550.9
2024-09-23,NB-1041,1214.0,0.0,19,550.9
2024-09-30,NB-1041,1094.0,0.0,19,550.9
2024-10-07,NB-1041,971.0,0.0,19,550.9
2024-10-14,NB-1041,838.0,0.0,19,550.9
2024-10-21,NB-1041,718.0,0.0,19,550.9
2024-10-28,NB-1041,602.0,0.0,19,550.9
2024-11-04,NB-1041,1201.0,0.0,19,550.9
2024-11-11,NB-1041,1061.0,0.0,19,550.9
2024-11-18,NB-1041,921.0,0.0,19,550.9
2024-11-25,NB-1041,792.0,0.0,19,550.9
2024-12-02,NB-1041,661.0,0.0,19,550.9
2024-12-09,NB-1041,538.0,0.0,19,550.9
2024-12-16,NB-1041,374.0,0.0,19,550.9
2024-12-23,NB-1041,246.0,0.0,19,550.9
2024-12-30,NB-1041,96.0,0.0,19,550.9
2025-01-06,NB-1041,688.0,0.0,19,550.9
2025-01-13,NB-1041,501.0,0.0,19,550.9
2025-01-20,NB-1041,1176.0,0.0,19,550.9
2025-01-27,NB-1041,1036.0,0.0,19,550.9
2025-02-03,NB-1041,871.0,0.0,19,550.9
2025-02-10,NB-1041,716.0,0.0,19,550.9
2025-02-17,NB-1041,593.0,0.0,19,550.9
2025-02-24,NB-1041,392.0,541.0,19,550.9
2025-03-03,NB-1041,146.0,0.0,19,550.9
2025-03-10,NB-1041,0.0,700.0,19,550.9
2025-03-17,NB-1041,604.0,604.0,19,550.9
2025-03-24,NB-1041,472.0,0.0,19,550.9
2025-03-31,NB-1041,956.0,0.0,19,550.9
2025-04-07,NB-1041,803.0,0.0,19,550.9
2025-04-14,NB-1041,660.0,0.0,19,550.9
2025-04-21,NB-1041,507.0,0.0,19,550.9
2025-04-28,NB-1041,1121.0,0.0,19,550.9
2025-05-05,NB-1041,1022.0,0.0,19,550.9
2025-05-12,NB-1041,905.0,0.0,19,550.9
2025-05-19,NB-1041,799.0,0.0,19,550.9
2025-05-26,NB-1041,647.0,0.0,19,550.9
2025-06-02,NB-1041,548.0,0.0,19,550.9
2025-06-09,NB-1041,466.0,0.0,19,550.9
2025-06-16,NB-1041,354.0,0.0,19,550.9
2025-06-23,NB-1041,769.0,0.0,19,550.9
2025-06-30,NB-1041,675.0,0.0,19,550.9
2025-07-07,NB-1041,577.0,0.0,19,550.9
2025-07-14,NB-1041,505.0,751.0,19,550.9
2025-07-21,NB-1041,1168.0,0.0,19,550.9
2025-07-28,NB-1041,1059.0,0.0,19,550.9
2025-08-04,NB-1041,986.0,0.0,19,550.9
2025-08-11,NB-1041,891.0,0.0,19,550.9
2025-08-18,NB-1041,769.0,0.0,19,550.9
2025-08-25,NB-1041,695.0,0.0,19,550.9
2025-09-01,NB-1041,564.0,0.0,19,550.9
2025-09-08,NB-1041,1033.0,0.0,19,550.9
2025-09-15,NB-1041,931.0,0.0,19,550.9
2025-09-22,NB-1041,831.0,0.0,19,550.9
2025-09-29,NB-1041,707.0,0.0,19,550.9
2025-10-06,NB-1041,599.0,0.0,19,550.9
2025-10-13,NB-1041,500.0,0.0,19,550.9
2025-10-20,NB-1041,348.0,551.0,19,550.9
2025-10-27,NB-1041,768.0,0.0,19,550.9
2025-11-03,NB-1041,661.0,0.0,19,550.9
2025-11-10,NB-1041,541.0,0.0,19,550.9
2025-11-17,NB-1041,963.0,0.0,19,550.9
2025-11-24,NB-1041,789.0,0.0,19,550.9
2025-12-01,NB-1041,674.0,0.0,19,550.9
2025-12-08,NB-1041,541.0,0.0,19,550.9
2025-12-15,NB-1041,400.0,0.0,19,550.9
2025-12-22,NB-1041,274.0,0.0,19,550.9
2025-12-29,NB-1041,764.0,0.0,19,550.9
2024-01-01,NB-1042,209.0,0.0,6,272.3
2024-01-08,NB-1042,0.0,0.0,6,272.3
2024-01-15,NB-1042,0.0,391.0,6,272.3
2024-01-22,NB-1042,0.0,0.0,6,272.3
2024-01-29,NB-1042,0.0,294.0,6,272.3
2024-02-05,NB-1042,268.0,0.0,6,272.3
2024-02-12,NB-1042,241.0,0.0,6,272.3
2024-02-19,NB-1042,293.0,0.0,6,272.3
2024-02-26,NB-1042,4.0,0.0,6,272.3
2024-03-04,NB-1042,0.0,0.0,6,272.3
2024-03-11,NB-1042,0.0,0.0,6,272.3
2024-03-18,NB-1042,0.0,0.0,6,272.3
2024-03-25,NB-1042,0.0,0.0,6,272.3
2024-04-01,NB-1042,0.0,0.0,6,272.3
2024-04-08,NB-1042,135.0,0.0,6,272.3
2024-04-15,NB-1042,0.0,0.0,6,272.3
2024-04-22,NB-1042,0.0,0.0,6,272.3
2024-04-29,NB-1042,0.0,293.0,6,272.3
2024-05-06,NB-1042,82.0,353.0,6,272.3
2024-05-13,NB-1042,0.0,0.0,6,272.3
2024-05-20,NB-1042,0.0,0.0,6,272.3
2024-05-27,NB-1042,0.0,0.0,6,272.3
2024-06-03,NB-1042,0.0,0.0,6,272.3
2024-06-10,NB-1042,0.0,370.0,6,272.3
2024-06-17,NB-1042,0.0,0.0,6,272.3
2024-06-24,NB-1042,0.0,360.0,6,272.3
2024-07-01,NB-1042,0.0,0.0,6,272.3
2024-07-08,NB-1042,0.0,0.0,6,272.3
2024-07-15,NB-1042,0.0,0.0,6,272.3
2024-07-22,NB-1042,183.0,0.0,6,272.3
2024-07-29,NB-1042,0.0,0.0,6,272.3
2024-08-05,NB-1042,0.0,0.0,6,272.3
2024-08-12,NB-1042,0.0,0.0,6,272.3
2024-08-19,NB-1042,0.0,0.0,6,272.3
2024-08-26,NB-1042,223.0,0.0,6,272.3
2024-09-02,NB-1042,0.0,0.0,6,272.3
2024-09-09,NB-1042,204.0,0.0,6,272.3
2024-09-16,NB-1042,0.0,0.0,6,272.3
2024-09-23,NB-1042,207.0,0.0,6,272.3
2024-09-30,NB-1042,307.0,0.0,6,272.3
2024-10-07,NB-1042,44.0,395.0,6,272.3
2024-10-14,NB-1042,342.0,0.0,6,272.3
2024-10-21,NB-1042,114.0,0.0,6,272.3
2024-10-28,NB-1042,144.0,0.0,6,272.3
2024-11-04,NB-1042,297.0,0.0,6,272.3
2024-11-11,NB-1042,0.0,0.0,6,272.3
2024-11-18,NB-1042,0.0,0.0,6,272.3
2024-11-25,NB-1042,0.0,0.0,6,272.3
2024-12-02,NB-1042,0.0,0.0,6,272.3
2024-12-09,NB-1042,0.0,0.0,6,272.3
2024-12-16,NB-1042,418.0,330.0,6,272.3
2024-12-23,NB-1042,100.0,0.0,6,272.3
2024-12-30,NB-1042,186.0,385.0,6,272.3
2025-01-06,NB-1042,0.0,404.0,6,272.3
2025-01-13,NB-1042,175.0,252.0,6,272.3
2025-01-20,NB-1042,0.0,346.0,6,272.3
2025-01-27,NB-1042,203.0,0.0,6,272.3
2025-02-03,NB-1042,188.0,0.0,6,272.3
2025-02-10,NB-1042,0.0,385.0,6,272.3
2025-02-17,NB-1042,235.0,0.0,6,272.3
2025-02-24,NB-1042,214.0,0.0,6,272.3
2025-03-03,NB-1042,363.0,363.0,6,272.3
2025-03-10,NB-1042,0.0,0.0,6,272.3
2025-03-17,NB-1042,194.0,0.0,6,272.3
2025-03-24,NB-1042,198.0,0.0,6,272.3
2025-03-31,NB-1042,0.0,0.0,6,272.3
2025-04-07,NB-1042,0.0,0.0,6,272.3
2025-04-14,NB-1042,0.0,0.0,6,272.3
2025-04-21,NB-1042,0.0,266.0,6,272.3
2025-04-28,NB-1042,177.0,0.0,6,272.3
2025-05-05,NB-1042,0.0,0.0,6,272.3
2025-05-12,NB-1042,0.0,0.0,6,272.3
2025-05-19,NB-1042,0.0,0.0,6,272.3
2025-05-26,NB-1042,0.0,0.0,6,272.3
2025-06-02,NB-1042,0.0,373.0,6,272.3
2025-06-09,NB-1042,0.0,0.0,6,272.3
2025-06-16,NB-1042,20.0,0.0,6,272.3
2025-06-23,NB-1042,0.0,0.0,6,272.3
2025-06-30,NB-1042,409.0,409.0,6,272.3
2025-07-07,NB-1042,101.0,375.0,6,272.3
2025-07-14,NB-1042,0.0,0.0,6,272.3
2025-07-21,NB-1042,0.0,0.0,6,272.3
2025-07-28,NB-1042,73.0,0.0,6,272.3
2025-08-04,NB-1042,0.0,0.0,6,272.3
2025-08-11,NB-1042,0.0,0.0,6,272.3
2025-08-18,NB-1042,158.0,0.0,6,272.3
2025-08-25,NB-1042,168.0,0.0,6,272.3
2025-09-01,NB-1042,0.0,383.0,6,272.3
2025-09-08,NB-1042,0.0,0.0,6,272.3
2025-09-15,NB-1042,0.0,0.0,6,272.3
2025-09-22,NB-1042,0.0,0.0,6,272.3
2025-09-29,NB-1042,457.0,282.0,6,272.3
2025-10-06,NB-1042,164.0,0.0,6,272.3
2025-10-13,NB-1042,0.0,0.0,6,272.3
2025-10-20,NB-1042,31.0,259.0,6,272.3
2025-10-27,NB-1042,0.0,252.0,6,272.3
2025-11-03,NB-1042,43.0,268.0,6,272.3
2025-11-10,NB-1042,453.0,0.0,6,272.3
2025-11-17,NB-1042,34.0,0.0,6,272.3
2025-11-24,NB-1042,0.0,0.0,6,272.3
2025-12-01,NB-1042,0.0,0.0,6,272.3
2025-12-08,NB-1042,498.0,0.0,6,272.3
2025-12-15,NB-1042,139.0,0.0,6,272.3
2025-12-22,NB-1042,337.0,0.0,6,272.3
2025-12-29,NB-1042,466.0,0.0,6,272.3
2024-01-01,NB-1043,658.0,598.0,18,600.1
2024-01-08,NB-1043,505.0,800.0,18,600.1
2024-01-15,NB-1043,917.0,0.0,18,600.1
2024-01-22,NB-1043,706.0,0.0,18,600.1
2024-01-29,NB-1043,529.0,0.0,18,600.1
2024-02-05,NB-1043,1007.0,0.0,18,600.1
2024-02-12,NB-1043,857.0,0.0,18,600.1
2024-02-19,NB-1043,701.0,0.0,18,600.1
2024-02-26,NB-1043,544.0,0.0,18,600.1
2024-03-04,NB-1043,411.0,0.0,18,600.1
2024-03-11,NB-1043,839.0,0.0,18,600.1
2024-03-18,NB-1043,697.0,0.0,18,600.1
2024-03-25,NB-1043,517.0,0.0,18,600.1
2024-04-01,NB-1043,375.0,701.0,18,600.1
2024-04-08,NB-1043,235.0,0.0,18,600.1
2024-04-15,NB-1043,92.0,0.0,18,600.1
2024-04-22,NB-1043,0.0,0.0,18,600.1
2024-04-29,NB-1043,0.0,884.0,18,600.1
2024-05-06,NB-1043,675.0,0.0,18,600.1
2024-05-13,NB-1043,539.0,0.0,18,600.1
2024-05-20,NB-1043,1106.0,0.0,18,600.1
2024-05-27,NB-1043,959.0,0.0,18,600.1
2024-06-03,NB-1043,849.0,0.0,18,600.1
2024-06-10,NB-1043,694.0,0.0,18,600.1
2024-06-17,NB-1043,478.0,0.0,18,600.1
2024-06-24,NB-1043,268.0,0.0,18,600.1
2024-07-01,NB-1043,74.0,0.0,18,600.1
2024-07-08,NB-1043,667.0,0.0,18,600.1
2024-07-15,NB-1043,493.0,0.0,18,600.1
2024-07-22,NB-1043,299.0,0.0,18,600.1
2024-07-29,NB-1043,823.0,0.0,18,600.1
2024-08-05,NB-1043,603.0,0.0,18,600.1
2024-08-12,NB-1043,402.0,0.0,18,600.1
2024-08-19,NB-1043,213.0,0.0,18,600.1
2024-08-26,NB-1043,709.0,0.0,18,600.1
2024-09-02,NB-1043,1227.0,0.0,18,600.1
2024-09-09,NB-1043,1020.0,0.0,18,600.1
2024-09-16,NB-1043,723.0,0.0,18,600.1
2024-09-23,NB-1043,442.0,0.0,18,600.1
2024-09-30,NB-1043,768.0,0.0,18,600.1
2024-10-07,NB-1043,1154.0,0.0,18,600.1
2024-10-14,NB-1043,856.0,0.0,18,600.1
2024-10-21,NB-1043,578.0,0.0,18,600.1
2024-10-28,NB-1043,1145.0,0.0,18,600.1
2024-11-04,NB-1043,784.0,0.0,18,600.1
2024-11-11,NB-1043,392.0,0.0,18,600.1
2024-11-18,NB-1043,805.0,0.0,18,600.1
2024-11-25,NB-1043,497.0,0.0,18,600.1
2024-12-02,NB-1043,202.0,0.0,18,600.1
2024-12-09,NB-1043,0.0,0.0,18,600.1
2024-12-16,NB-1043,0.0,0.0,18,600.1
2024-12-23,NB-1043,832.0,0.0,18,600.1
2024-12-30,NB-1043,556.0,0.0,18,600.1
2025-01-06,NB-1043,1027.0,0.0,18,600.1
2025-01-13,NB-1043,816.0,0.0,18,600.1
2025-01-20,NB-1043,536.0,605.0,18,600.1
2025-01-27,NB-1043,271.0,763.0,18,600.1
2025-02-03,NB-1043,44.0,900.0,18,600.1
2025-02-10,NB-1043,569.0,0.0,18,600.1
2025-02-17,NB-1043,1166.0,0.0,18,600.1
2025-02-24,NB-1043,894.0,0.0,18,600.1
2025-03-03,NB-1043,514.0,0.0,18,600.1
2025-03-10,NB-1043,1239.0,0.0,18,600.1
2025-03-17,NB-1043,1043.0,0.0,18,600.1
2025-03-24,NB-1043,851.0,0.0,18,600.1
2025-03-31,NB-1043,587.0,0.0,18,600.1
2025-04-07,NB-1043,393.0,0.0,18,600.1
2025-04-14,NB-1043,256.0,0.0,18,600.1
2025-04-21,NB-1043,797.0,0.0,18,600.1
2025-04-28,NB-1043,600.0,0.0,18,600.1
2025-05-05,NB-1043,386.0,0.0,18,600.1
2025-05-12,NB-1043,1089.0,0.0,18,600.1
2025-05-19,NB-1043,798.0,0.0,18,600.1
2025-05-26,NB-1043,597.0,0.0,18,600.1
2025-06-02,NB-1043,1133.0,0.0,18,600.1
2025-06-09,NB-1043,918.0,0.0,18,600.1
2025-06-16,NB-1043,680.0,0.0,18,600.1
2025-06-23,NB-1043,1045.0,587.0,18,600.1
2025-06-30,NB-1043,809.0,0.0,18,600.1
2025-07-07,NB-1043,576.0,0.0,18,600.1
2025-07-14,NB-1043,1179.0,0.0,18,600.1
2025-07-21,NB-1043,927.0,0.0,18,600.1
2025-07-28,NB-1043,647.0,0.0,18,600.1
2025-08-04,NB-1043,423.0,0.0,18,600.1
2025-08-11,NB-1043,124.0,860.0,18,600.1
2025-08-18,NB-1043,0.0,0.0,18,600.1
2025-08-25,NB-1043,591.0,0.0,18,600.1
2025-09-01,NB-1043,198.0,595.0,18,600.1
2025-09-08,NB-1043,717.0,0.0,18,600.1
2025-09-15,NB-1043,344.0,0.0,18,600.1
2025-09-22,NB-1043,0.0,0.0,18,600.1
2025-09-29,NB-1043,0.0,802.0,18,600.1
2025-10-06,NB-1043,568.0,0.0,18,600.1
2025-10-13,NB-1043,950.0,0.0,18,600.1
2025-10-20,NB-1043,381.0,0.0,18,600.1
2025-10-27,NB-1043,39.0,0.0,18,600.1
2025-11-03,NB-1043,0.0,0.0,18,600.1
2025-11-10,NB-1043,622.0,0.0,18,600.1
2025-11-17,NB-1043,843.0,0.0,18,600.1
2025-11-24,NB-1043,392.0,0.0,18,600.1
2025-12-01,NB-1043,9.0,767.0,18,600.1
2025-12-08,NB-1043,510.0,684.0,18,600.1
2025-12-15,NB-1043,109.0,0.0,18,600.1
2025-12-22,NB-1043,0.0,0.0,18,600.1
2025-12-29,NB-1043,430.0,0.0,18,600.1
2024-01-01,NB-1044,158.0,0.0,20,164.0
2024-01-08,NB-1044,291.0,0.0,20,164.0
2024-01-15,NB-1044,260.0,0.0,20,164.0
2024-01-22,NB-1044,219.0,0.0,20,164.0
2024-01-29,NB-1044,178.0,0.0,20,164.0
2024-02-05,NB-1044,146.0,164.0,20,164.0
2024-02-12,NB-1044,121.0,0.0,20,164.0
2024-02-19,NB-1044,92.0,161.0,20,164.0
2024-02-26,NB-1044,55.0,0.0,20,164.0
2024-03-04,NB-1044,19.0,231.0,20,164.0
2024-03-11,NB-1044,0.0,225.0,20,164.0
2024-03-18,NB-1044,0.0,0.0,20,164.0
2024-03-25,NB-1044,146.0,0.0,20,164.0
2024-04-01,NB-1044,101.0,0.0,20,164.0
2024-04-08,NB-1044,57.0,0.0,20,164.0
2024-04-15,NB-1044,255.0,0.0,20,164.0
2024-04-22,NB-1044,231.0,0.0,20,164.0
2024-04-29,NB-1044,199.0,0.0,20,164.0
2024-05-06,NB-1044,153.0,0.0,20,164.0
2024-05-13,NB-1044,320.0,0.0,20,164.0
2024-05-20,NB-1044,265.0,0.0,20,164.0
2024-05-27,NB-1044,236.0,0.0,20,164.0
2024-06-03,NB-1044,190.0,0.0,20,164.0
2024-06-10,NB-1044,150.0,0.0,20,164.0
2024-06-17,NB-1044,103.0,157.0,20,164.0
2024-06-24,NB-1044,46.0,0.0,20,164.0
2024-07-01,NB-1044,216.0,215.0,20,164.0
2024-07-08,NB-1044,174.0,0.0,20,164.0
2024-07-15,NB-1044,125.0,0.0,20,164.0
2024-07-22,NB-1044,66.0,0.0,20,164.0
2024-07-29,NB-1044,15.0,0.0,20,164.0
2024-08-05,NB-1044,0.0,222.0,20,164.0
2024-08-12,NB-1044,0.0,0.0,20,164.0
2024-08-19,NB-1044,0.0,0.0,20,164.0
2024-08-26,NB-1044,0.0,0.0,20,164.0
2024-09-02,NB-1044,0.0,0.0,20,164.0
2024-09-09,NB-1044,0.0,0.0,20,164.0
2024-09-16,NB-1044,0.0,0.0,20,164.0
2024-09-23,NB-1044,0.0,250.0,20,164.0
2024-09-30,NB-1044,0.0,0.0,20,164.0
2024-10-07,NB-1044,127.0,0.0,20,164.0
2024-10-14,NB-1044,82.0,0.0,20,164.0
2024-10-21,NB-1044,46.0,0.0,20,164.0
2024-10-28,NB-1044,154.0,0.0,20,164.0
2024-11-04,NB-1044,107.0,154.0,20,164.0
2024-11-11,NB-1044,67.0,0.0,20,164.0
2024-11-18,NB-1044,33.0,0.0,20,164.0
2024-11-25,NB-1044,152.0,222.0,20,164.0
2024-12-02,NB-1044,100.0,0.0,20,164.0
2024-12-09,NB-1044,235.0,0.0,20,164.0
2024-12-16,NB-1044,195.0,0.0,20,164.0
2024-12-23,NB-1044,156.0,0.0,20,164.0
2024-12-30,NB-1044,298.0,0.0,20,164.0
2025-01-06,NB-1044,260.0,0.0,20,164.0
2025-01-13,NB-1044,220.0,0.0,20,164.0
2025-01-20,NB-1044,188.0,0.0,20,164.0
2025-01-27,NB-1044,154.0,0.0,20,164.0
2025-02-03,NB-1044,323.0,0.0,20,164.0
2025-02-10,NB-1044,300.0,0.0,20,164.0
2025-02-17,NB-1044,263.0,0.0,20,164.0
2025-02-24,NB-1044,219.0,0.0,20,164.0
2025-03-03,NB-1044,165.0,0.0,20,164.0
2025-03-10,NB-1044,129.0,0.0,20,164.0
2025-03-17,NB-1044,97.0,249.0,20,164.0
2025-03-24,NB-1044,286.0,0.0,20,164.0
2025-03-31,NB-1044,247.0,0.0,20,164.0
2025-04-07,NB-1044,196.0,0.0,20,164.0
2025-04-14,NB-1044,146.0,0.0,20,164.0
2025-04-21,NB-1044,93.0,180.0,20,164.0
2025-04-28,NB-1044,50.0,0.0,20,164.0
2025-05-05,NB-1044,226.0,0.0,20,164.0
2025-05-12,NB-1044,183.0,0.0,20,164.0
2025-05-19,NB-1044,127.0,162.0,20,164.0
2025-05-26,NB-1044,76.0,0.0,20,164.0
2025-06-02,NB-1044,28.0,168.0,20,164.0
2025-06-09,NB-1044,0.0,0.0,20,164.0
2025-06-16,NB-1044,0.0,222.0,20,164.0
2025-06-23,NB-1044,0.0,0.0,20,164.0
2025-06-30,NB-1044,0.0,0.0,20,164.0
2025-07-07,NB-1044,0.0,0.0,20,164.0
2025-07-14,NB-1044,180.0,0.0,20,164.0
2025-07-21,NB-1044,124.0,170.0,20,164.0
2025-07-28,NB-1044,214.0,0.0,20,164.0
2025-08-04,NB-1044,161.0,179.0,20,164.0
2025-08-11,NB-1044,114.0,0.0,20,164.0
2025-08-18,NB-1044,280.0,0.0,20,164.0
2025-08-25,NB-1044,220.0,0.0,20,164.0
2025-09-01,NB-1044,156.0,0.0,20,164.0
2025-09-08,NB-1044,73.0,0.0,20,164.0
2025-09-15,NB-1044,26.0,0.0,20,164.0
2025-09-22,NB-1044,0.0,0.0,20,164.0
2025-09-29,NB-1044,0.0,0.0,20,164.0
2025-10-06,NB-1044,191.0,0.0,20,164.0
2025-10-13,NB-1044,146.0,0.0,20,164.0
2025-10-20,NB-1044,68.0,0.0,20,164.0
2025-10-27,NB-1044,18.0,0.0,20,164.0
2025-11-03,NB-1044,0.0,230.0,20,164.0
2025-11-10,NB-1044,0.0,180.0,20,164.0
2025-11-17,NB-1044,138.0,0.0,20,164.0
2025-11-24,NB-1044,68.0,227.0,20,164.0
2025-12-01,NB-1044,279.0,0.0,20,164.0
2025-12-08,NB-1044,230.0,0.0,20,164.0
2025-12-15,NB-1044,185.0,0.0,20,164.0
2025-12-22,NB-1044,146.0,0.0,20,164.0
2025-12-29,NB-1044,103.0,0.0,20,164.0
2024-01-01,NB-1045,366.0,0.0,7,275.8
2024-01-08,NB-1045,182.0,0.0,7,275.8
2024-01-15,NB-1045,27.0,319.0,7,275.8
2024-01-22,NB-1045,0.0,0.0,7,275.8
2024-01-29,NB-1045,199.0,0.0,7,275.8
2024-02-05,NB-1045,424.0,0.0,7,275.8
2024-02-12,NB-1045,195.0,0.0,7,275.8
2024-02-19,NB-1045,0.0,0.0,7,275.8
2024-02-26,NB-1045,543.0,322.0,7,275.8
2024-03-04,NB-1045,328.0,0.0,7,275.8
2024-03-11,NB-1045,393.0,0.0,7,275.8
2024-03-18,NB-1045,441.0,0.0,7,275.8
2024-03-25,NB-1045,218.0,0.0,7,275.8
2024-04-01,NB-1045,273.0,0.0,7,275.8
2024-04-08,NB-1045,320.0,0.0,7,275.8
2024-04-15,NB-1045,66.0,0.0,7,275.8
2024-04-22,NB-1045,0.0,0.0,7,275.8
2024-04-29,NB-1045,241.0,0.0,7,275.8
2024-05-06,NB-1045,17.0,0.0,7,275.8
2024-05-13,NB-1045,412.0,412.0,7,275.8
2024-05-20,NB-1045,132.0,0.0,7,275.8
2024-05-27,NB-1045,0.0,0.0,7,275.8
2024-06-03,NB-1045,300.0,0.0,7,275.8
2024-06-10,NB-1045,41.0,0.0,7,275.8
2024-06-17,NB-1045,70.0,400.0,7,275.8
2024-06-24,NB-1045,154.0,0.0,7,275.8
2024-07-01,NB-1045,287.0,0.0,7,275.8
2024-07-08,NB-1045,319.0,0.0,7,275.8
2024-07-15,NB-1045,7.0,0.0,7,275.8
2024-07-22,NB-1045,0.0,0.0,7,275.8
2024-07-29,NB-1045,338.0,0.0,7,275.8
2024-08-05,NB-1045,386.0,0.0,7,275.8
2024-08-12,NB-1045,77.0,0.0,7,275.8
2024-08-19,NB-1045,0.0,419.0,7,275.8
2024-08-26,NB-1045,0.0,0.0,7,275.8
2024-09-02,NB-1045,0.0,0.0,7,275.8
2024-09-09,NB-1045,217.0,278.0,7,275.8
2024-09-16,NB-1045,0.0,273.0,7,275.8
2024-09-23,NB-1045,0.0,0.0,7,275.8
2024-09-30,NB-1045,270.0,0.0,7,275.8
2024-10-07,NB-1045,0.0,404.0,7,275.8
2024-10-14,NB-1045,128.0,0.0,7,275.8
2024-10-21,NB-1045,0.0,0.0,7,275.8
2024-10-28,NB-1045,0.0,0.0,7,275.8
2024-11-04,NB-1045,369.0,369.0,7,275.8
2024-11-11,NB-1045,479.0,0.0,7,275.8
2024-11-18,NB-1045,233.0,0.0,7,275.8
2024-11-25,NB-1045,336.0,0.0,7,275.8
2024-12-02,NB-1045,86.0,0.0,7,275.8
2024-12-09,NB-1045,0.0,0.0,7,275.8
2024-12-16,NB-1045,589.0,357.0,7,275.8
2024-12-23,NB-1045,372.0,0.0,7,275.8
2024-12-30,NB-1045,112.0,261.0,7,275.8
2025-01-06,NB-1045,0.0,0.0,7,275.8
2025-01-13,NB-1045,0.0,326.0,7,275.8
2025-01-20,NB-1045,0.0,406.0,7,275.8
2025-01-27,NB-1045,0.0,0.0,7,275.8
2025-02-03,NB-1045,0.0,0.0,7,275.8
2025-02-10,NB-1045,221.0,0.0,7,275.8
2025-02-17,NB-1045,0.0,0.0,7,275.8
2025-02-24,NB-1045,0.0,0.0,7,275.8
2025-03-03,NB-1045,0.0,0.0,7,275.8
2025-03-10,NB-1045,0.0,418.0,7,275.8
2025-03-17,NB-1045,0.0,0.0,7,275.8
2025-03-24,NB-1045,0.0,0.0,7,275.8
2025-03-31,NB-1045,0.0,0.0,7,275.8
2025-04-07,NB-1045,288.0,288.0,7,275.8
2025-04-14,NB-1045,0.0,0.0,7,275.8
2025-04-21,NB-1045,0.0,0.0,7,275.8
2025-04-28,NB-1045,349.0,349.0,7,275.8
2025-05-05,NB-1045,361.0,0.0,7,275.8
2025-05-12,NB-1045,317.0,317.0,7,275.8
2025-05-19,NB-1045,0.0,0.0,7,275.8
2025-05-26,NB-1045,0.0,0.0,7,275.8
2025-06-02,NB-1045,0.0,311.0,7,275.8
2025-06-09,NB-1045,0.0,0.0,7,275.8
2025-06-16,NB-1045,0.0,0.0,7,275.8
2025-06-23,NB-1045,45.0,259.0,7,275.8
2025-06-30,NB-1045,0.0,0.0,7,275.8
2025-07-07,NB-1045,0.0,385.0,7,275.8
2025-07-14,NB-1045,0.0,0.0,7,275.8
2025-07-21,NB-1045,298.0,298.0,7,275.8
2025-07-28,NB-1045,0.0,0.0,7,275.8
2025-08-04,NB-1045,0.0,0.0,7,275.8
2025-08-11,NB-1045,0.0,269.0,7,275.8
2025-08-18,NB-1045,0.0,0.0,7,275.8
2025-08-25,NB-1045,160.0,0.0,7,275.8
2025-09-01,NB-1045,0.0,280.0,7,275.8
2025-09-08,NB-1045,0.0,0.0,7,275.8
2025-09-15,NB-1045,0.0,0.0,7,275.8
2025-09-22,NB-1045,0.0,353.0,7,275.8
2025-09-29,NB-1045,145.0,0.0,7,275.8
2025-10-06,NB-1045,0.0,0.0,7,275.8
2025-10-13,NB-1045,0.0,0.0,7,275.8
2025-10-20,NB-1045,0.0,286.0,7,275.8
2025-10-27,NB-1045,306.0,0.0,7,275.8
2025-11-03,NB-1045,197.0,0.0,7,275.8
2025-11-10,NB-1045,0.0,0.0,7,275.8
2025-11-17,NB-1045,269.0,0.0,7,275.8
2025-11-24,NB-1045,0.0,0.0,7,275.8
2025-12-01,NB-1045,0.0,0.0,7,275.8
2025-12-08,NB-1045,0.0,289.0,7,275.8
2025-12-15,NB-1045,161.0,0.0,7,275.8
2025-12-22,NB-1045,0.0,0.0,7,275.8
2025-12-29,NB-1045,410.0,0.0,7,275.8
2024-01-01,NB-1046,293.0,0.0,6,286.2
2024-01-08,NB-1046,72.0,0.0,6,286.2
2024-01-15,NB-1046,0.0,0.0,6,286.2
2024-01-22,NB-1046,326.0,0.0,6,286.2
2024-01-29,NB-1046,59.0,0.0,6,286.2
2024-02-05,NB-1046,0.0,0.0,6,286.2
2024-02-12,NB-1046,0.0,363.0,6,286.2
2024-02-19,NB-1046,0.0,0.0,6,286.2
2024-02-26,NB-1046,556.0,0.0,6,286.2
2024-03-04,NB-1046,354.0,0.0,6,286.2
2024-03-11,NB-1046,162.0,0.0,6,286.2
2024-03-18,NB-1046,0.0,0.0,6,286.2
2024-03-25,NB-1046,331.0,0.0,6,286.2
2024-04-01,NB-1046,457.0,0.0,6,286.2
2024-04-08,NB-1046,259.0,0.0,6,286.2
2024-04-15,NB-1046,32.0,0.0,6,286.2
2024-04-22,NB-1046,0.0,0.0,6,286.2
2024-04-29,NB-1046,0.0,383.0,6,286.2
2024-05-06,NB-1046,215.0,334.0,6,286.2
2024-05-13,NB-1046,0.0,320.0,6,286.2
2024-05-20,NB-1046,0.0,0.0,6,286.2
2024-05-27,NB-1046,0.0,343.0,6,286.2
2024-06-03,NB-1046,0.0,0.0,6,286.2
2024-06-10,NB-1046,190.0,0.0,6,286.2
2024-06-17,NB-1046,0.0,382.0,6,286.2
2024-06-24,NB-1046,0.0,0.0,6,286.2
2024-07-01,NB-1046,238.0,376.0,6,286.2
2024-07-08,NB-1046,0.0,417.0,6,286.2
2024-07-15,NB-1046,0.0,271.0,6,286.2
2024-07-22,NB-1046,0.0,0.0,6,286.2
2024-07-29,NB-1046,0.0,0.0,6,286.2
2024-08-05,NB-1046,0.0,0.0,6,286.2
2024-08-12,NB-1046,0.0,0.0,6,286.2
2024-08-19,NB-1046,295.0,295.0,6,286.2
2024-08-26,NB-1046,0.0,0.0,6,286.2
2024-09-02,NB-1046,0.0,0.0,6,286.2
2024-09-09,NB-1046,0.0,314.0,6,286.2
2024-09-16,NB-1046,484.0,344.0,6,286.2
2024-09-23,NB-1046,128.0,0.0,6,286.2
2024-09-30,NB-1046,0.0,398.0,6,286.2
2024-10-07,NB-1046,0.0,0.0,6,286.2
2024-10-14,NB-1046,0.0,0.0,6,286.2
2024-10-21,NB-1046,335.0,0.0,6,286.2
2024-10-28,NB-1046,371.0,0.0,6,286.2
2024-11-04,NB-1046,78.0,0.0,6,286.2
2024-11-11,NB-1046,0.0,0.0,6,286.2
2024-11-18,NB-1046,0.0,0.0,6,286.2
2024-11-25,NB-1046,0.0,0.0,6,286.2
2024-12-02,NB-1046,0.0,0.0,6,286.2
2024-12-09,NB-1046,0.0,0.0,6,286.2
2024-12-16,NB-1046,0.0,0.0,6,286.2
2024-12-23,NB-1046,242.0,0.0,6,286.2
2024-12-30,NB-1046,0.0,293.0,6,286.2
2025-01-06,NB-1046,0.0,0.0,6,286.2
2025-01-13,NB-1046,0.0,0.0,6,286.2
2025-01-20,NB-1046,251.0,0.0,6,286.2
2025-01-27,NB-1046,56.0,0.0,6,286.2
2025-02-03,NB-1046,0.0,0.0,6,286.2
2025-02-10,NB-1046,0.0,0.0,6,286.2
2025-02-17,NB-1046,433.0,433.0,6,286.2
2025-02-24,NB-1046,172.0,0.0,6,286.2
2025-03-03,NB-1046,158.0,326.0,6,286.2
2025-03-10,NB-1046,0.0,337.0,6,286.2
2025-03-17,NB-1046,0.0,0.0,6,286.2
2025-03-24,NB-1046,299.0,299.0,6,286.2
2025-03-31,NB-1046,6.0,0.0,6,286.2
2025-04-07,NB-1046,371.0,0.0,6,286.2
2025-04-14,NB-1046,126.0,0.0,6,286.2
2025-04-21,NB-1046,0.0,0.0,6,286.2
2025-04-28,NB-1046,0.0,404.0,6,286.2
2025-05-05,NB-1046,592.0,323.0,6,286.2
2025-05-12,NB-1046,333.0,0.0,6,286.2
2025-05-19,NB-1046,377.0,346.0,6,286.2
2025-05-26,NB-1046,475.0,0.0,6,286.2
2025-06-02,NB-1046,219.0,0.0,6,286.2
2025-06-09,NB-1046,0.0,400.0,6,286.2
2025-06-16,NB-1046,0.0,0.0,6,286.2
2025-06-23,NB-1046,0.0,0.0,6,286.2
2025-06-30,NB-1046,0.0,0.0,6,286.2
2025-07-07,NB-1046,0.0,0.0,6,286.2
2025-07-14,NB-1046,0.0,425.0,6,286.2
2025-07-21,NB-1046,0.0,0.0,6,286.2
2025-07-28,NB-1046,0.0,374.0,6,286.2
2025-08-04,NB-1046,305.0,0.0,6,286.2
2025-08-11,NB-1046,446.0,0.0,6,286.2
2025-08-18,NB-1046,99.0,0.0,6,286.2
2025-08-25,NB-1046,292.0,0.0,6,286.2
2025-09-01,NB-1046,0.0,431.0,6,286.2
2025-09-08,NB-1046,0.0,348.0,6,286.2
2025-09-15,NB-1046,247.0,328.0,6,286.2
2025-09-22,NB-1046,0.0,341.0,6,286.2
2025-09-29,NB-1046,42.0,334.0,6,286.2
2025-10-06,NB-1046,0.0,290.0,6,286.2
2025-10-13,NB-1046,0.0,0.0,6,286.2
2025-10-20,NB-1046,0.0,0.0,6,286.2
2025-10-27,NB-1046,0.0,0.0,6,286.2
2025-11-03,NB-1046,84.0,0.0,6,286.2
2025-11-10,NB-1046,476.0,0.0,6,286.2
2025-11-17,NB-1046,111.0,0.0,6,286.2
2025-11-24,NB-1046,198.0,0.0,6,286.2
2025-12-01,NB-1046,0.0,311.0,6,286.2
2025-12-08,NB-1046,0.0,0.0,6,286.2
2025-12-15,NB-1046,0.0,321.0,6,286.2
2025-12-22,NB-1046,0.0,0.0,6,286.2
2025-12-29,NB-1046,0.0,333.0,6,286.2
2024-01-01,NB-1047,239.0,0.0,9,463.9
2024-01-08,NB-1047,598.0,589.0,9,463.9
2024-01-15,NB-1047,371.0,0.0,9,463.9
2024-01-22,NB-1047,767.0,0.0,9,463.9
2024-01-29,NB-1047,526.0,0.0,9,463.9
2024-02-05,NB-1047,339.0,0.0,9,463.9
2024-02-12,NB-1047,121.0,0.0,9,463.9
2024-02-19,NB-1047,0.0,0.0,9,463.9
2024-02-26,NB-1047,0.0,518.0,9,463.9
2024-03-04,NB-1047,0.0,461.0,9,463.9
2024-03-11,NB-1047,0.0,512.0,9,463.9
2024-03-18,NB-1047,0.0,0.0,9,463.9
2024-03-25,NB-1047,0.0,0.0,9,463.9
2024-04-01,NB-1047,0.0,0.0,9,463.9
2024-04-08,NB-1047,0.0,0.0,9,463.9
2024-04-15,NB-1047,0.0,0.0,9,463.9
2024-04-22,NB-1047,475.0,0.0,9,463.9
2024-04-29,NB-1047,952.0,0.0,9,463.9
2024-05-06,NB-1047,685.0,0.0,9,463.9
2024-05-13,NB-1047,427.0,0.0,9,463.9
2024-05-20,NB-1047,188.0,0.0,9,463.9
2024-05-27,NB-1047,0.0,510.0,9,463.9
2024-06-03,NB-1047,429.0,608.0,9,463.9
2024-06-10,NB-1047,663.0,0.0,9,463.9
2024-06-17,NB-1047,947.0,0.0,9,463.9
2024-06-24,NB-1047,575.0,0.0,9,463.9
2024-07-01,NB-1047,234.0,0.0,9,463.9
2024-07-08,NB-1047,0.0,553.0,9,463.9
2024-07-15,NB-1047,0.0,0.0,9,463.9
2024-07-22,NB-1047,108.0,0.0,9,463.9
2024-07-29,NB-1047,0.0,632.0,9,463.9
2024-08-05,NB-1047,0.0,639.0,9,463.9
2024-08-12,NB-1047,461.0,489.0,9,463.9
2024-08-19,NB-1047,32.0,632.0,9,463.9
2024-08-26,NB-1047,0.0,432.0,9,463.9
2024-09-02,NB-1047,0.0,0.0,9,463.9
2024-09-09,NB-1047,0.0,609.0,9,463.9
2024-09-16,NB-1047,314.0,0.0,9,463.9
2024-09-23,NB-1047,0.0,661.0,9,463.9
2024-09-30,NB-1047,0.0,0.0,9,463.9
2024-10-07,NB-1047,418.0,0.0,9,463.9
2024-10-14,NB-1047,549.0,0.0,9,463.9
2024-10-21,NB-1047,115.0,0.0,9,463.9
2024-10-28,NB-1047,429.0,519.0,9,463.9
2024-11-04,NB-1047,0.0,671.0,9,463.9
2024-11-11,NB-1047,0.0,595.0,9,463.9
2024-11-18,NB-1047,0.0,0.0,9,463.9
2024-11-25,NB-1047,0.0,0.0,9,463.9
2024-12-02,NB-1047,0.0,0.0,9,463.9
2024-12-09,NB-1047,0.0,0.0,9,463.9
2024-12-16,NB-1047,0.0,0.0,9,463.9
2024-12-23,NB-1047,333.0,712.0,9,463.9
2024-12-30,NB-1047,8.0,0.0,9,463.9
2025-01-06,NB-1047,0.0,518.0,9,463.9
2025-01-13,NB-1047,0.0,461.0,9,463.9
2025-01-20,NB-1047,0.0,559.0,9,463.9
2025-01-27,NB-1047,0.0,0.0,9,463.9
2025-02-03,NB-1047,0.0,523.0,9,463.9
2025-02-10,NB-1047,374.0,0.0,9,463.9
2025-02-17,NB-1047,800.0,0.0,9,463.9
2025-02-24,NB-1047,561.0,0.0,9,463.9
2025-03-03,NB-1047,159.0,0.0,9,463.9
2025-03-10,NB-1047,384.0,0.0,9,463.9
2025-03-17,NB-1047,795.0,0.0,9,463.9
2025-03-24,NB-1047,548.0,0.0,9,463.9
2025-03-31,NB-1047,177.0,490.0,9,463.9
2025-04-07,NB-1047,0.0,545.0,9,463.9
2025-04-14,NB-1047,559.0,0.0,9,463.9
2025-04-21,NB-1047,909.0,0.0,9,463.9
2025-04-28,NB-1047,608.0,0.0,9,463.9
2025-05-05,NB-1047,302.0,0.0,9,463.9
2025-05-12,NB-1047,0.0,0.0,9,463.9
2025-05-19,NB-1047,208.0,0.0,9,463.9
2025-05-26,NB-1047,257.0,0.0,9,463.9
2025-06-02,NB-1047,529.0,0.0,9,463.9
2025-06-09,NB-1047,729.0,0.0,9,463.9
2025-06-16,NB-1047,335.0,0.0,9,463.9
2025-06-23,NB-1047,0.0,0.0,9,463.9
2025-06-30,NB-1047,0.0,0.0,9,463.9
2025-07-07,NB-1047,0.0,0.0,9,463.9
2025-07-14,NB-1047,0.0,0.0,9,463.9
2025-07-21,NB-1047,118.0,0.0,9,463.9
2025-07-28,NB-1047,175.0,0.0,9,463.9
2025-08-04,NB-1047,0.0,0.0,9,463.9
2025-08-11,NB-1047,0.0,627.0,9,463.9
2025-08-18,NB-1047,0.0,0.0,9,463.9
2025-08-25,NB-1047,0.0,0.0,9,463.9
2025-09-01,NB-1047,0.0,636.0,9,463.9
2025-09-08,NB-1047,490.0,0.0,9,463.9
2025-09-15,NB-1047,0.0,0.0,9,463.9
2025-09-22,NB-1047,0.0,633.0,9,463.9
2025-09-29,NB-1047,0.0,429.0,9,463.9
2025-10-06,NB-1047,463.0,0.0,9,463.9
2025-10-13,NB-1047,0.0,0.0,9,463.9
2025-10-20,NB-1047,0.0,0.0,9,463.9
2025-10-27,NB-1047,0.0,570.0,9,463.9
2025-11-03,NB-1047,0.0,0.0,9,463.9
2025-11-10,NB-1047,0.0,0.0,9,463.9
2025-11-17,NB-1047,0.0,453.0,9,463.9
2025-11-24,NB-1047,648.0,0.0,9,463.9
2025-12-01,NB-1047,119.0,0.0,9,463.9
2025-12-08,NB-1047,0.0,0.0,9,463.9
2025-12-15,NB-1047,554.0,0.0,9,463.9
2025-12-22,NB-1047,137.0,633.0,9,463.9
2025-12-29,NB-1047,642.0,0.0,9,463.9
2024-01-01,NB-1048,334.0,0.0,11,263.6
2024-01-08,NB-1048,189.0,0.0,11,263.6
2024-01-15,NB-1048,395.0,0.0,11,263.6
2024-01-22,NB-1048,250.0,0.0,11,263.6
2024-01-29,NB-1048,98.0,0.0,11,263.6
2024-02-05,NB-1048,0.0,0.0,11,263.6
2024-02-12,NB-1048,0.0,0.0,11,263.6
2024-02-19,NB-1048,0.0,0.0,11,263.6
2024-02-26,NB-1048,0.0,0.0,11,263.6
2024-03-04,NB-1048,0.0,0.0,11,263.6
2024-03-11,NB-1048,0.0,0.0,11,263.6
2024-03-18,NB-1048,239.0,0.0,11,263.6
2024-03-25,NB-1048,130.0,0.0,11,263.6
2024-04-01,NB-1048,346.0,0.0,11,263.6
2024-04-08,NB-1048,214.0,362.0,11,263.6
2024-04-15,NB-1048,101.0,258.0,11,263.6
2024-04-22,NB-1048,0.0,0.0,11,263.6
2024-04-29,NB-1048,0.0,0.0,11,263.6
2024-05-06,NB-1048,283.0,0.0,11,263.6
2024-05-13,NB-1048,178.0,275.0,11,263.6
2024-05-20,NB-1048,10.0,0.0,11,263.6
2024-05-27,NB-1048,0.0,346.0,11,263.6
2024-06-03,NB-1048,0.0,0.0,11,263.6
2024-06-10,NB-1048,0.0,0.0,11,263.6
2024-06-17,NB-1048,262.0,262.0,11,263.6
2024-06-24,NB-1048,150.0,0.0,11,263.6
2024-07-01,NB-1048,361.0,0.0,11,263.6
2024-07-08,NB-1048,200.0,0.0,11,263.6
2024-07-15,NB-1048,95.0,0.0,11,263.6
2024-07-22,NB-1048,0.0,0.0,11,263.6
2024-07-29,NB-1048,0.0,0.0,11,263.6
2024-08-05,NB-1048,0.0,0.0,11,263.6
2024-08-12,NB-1048,0.0,0.0,11,263.6
2024-08-19,NB-1048,304.0,0.0,11,263.6
2024-08-26,NB-1048,169.0,0.0,11,263.6
2024-09-02,NB-1048,19.0,0.0,11,263.6
2024-09-09,NB-1048,0.0,299.0,11,263.6
2024-09-16,NB-1048,0.0,324.0,11,263.6
2024-09-23,NB-1048,0.0,0.0,11,263.6
2024-09-30,NB-1048,317.0,0.0,11,263.6
2024-10-07,NB-1048,71.0,395.0,11,263.6
2024-10-14,NB-1048,173.0,0.0,11,263.6
2024-10-21,NB-1048,0.0,0.0,11,263.6
2024-10-28,NB-1048,314.0,0.0,11,263.6
2024-11-04,NB-1048,423.0,0.0,11,263.6
2024-11-11,NB-1048,232.0,0.0,11,263.6
2024-11-18,NB-1048,49.0,0.0,11,263.6
2024-11-25,NB-1048,288.0,0.0,11,263.6
2024-12-02,NB-1048,367.0,0.0,11,263.6
2024-12-09,NB-1048,196.0,282.0,11,263.6
2024-12-16,NB-1048,21.0,361.0,11,263.6
2024-12-23,NB-1048,0.0,329.0,11,263.6
2024-12-30,NB-1048,0.0,0.0,11,263.6
2025-01-06,NB-1048,166.0,0.0,11,263.6
2025-01-13,NB-1048,0.0,329.0,11,263.6
2025-01-20,NB-1048,0.0,0.0,11,263.6
2025-01-27,NB-1048,317.0,0.0,11,263.6
2025-02-03,NB-1048,143.0,0.0,11,263.6
2025-02-10,NB-1048,270.0,0.0,11,263.6
2025-02-17,NB-1048,154.0,0.0,11,263.6
2025-02-24,NB-1048,0.0,0.0,11,263.6
2025-03-03,NB-1048,0.0,0.0,11,263.6
2025-03-10,NB-1048,255.0,395.0,11,263.6
2025-03-17,NB-1048,83.0,0.0,11,263.6
2025-03-24,NB-1048,188.0,365.0,11,263.6
2025-03-31,NB-1048,296.0,296.0,11,263.6
2025-04-07,NB-1048,106.0,332.0,11,263.6
2025-04-14,NB-1048,0.0,0.0,11,263.6
2025-04-21,NB-1048,0.0,382.0,11,263.6
2025-04-28,NB-1048,0.0,0.0,11,263.6
2025-05-05,NB-1048,140.0,0.0,11,263.6
2025-05-12,NB-1048,0.0,0.0,11,263.6
2025-05-19,NB-1048,0.0,256.0,11,263.6
2025-05-26,NB-1048,0.0,0.0,11,263.6
2025-06-02,NB-1048,0.0,0.0,11,263.6
2025-06-09,NB-1048,343.0,0.0,11,263.6
2025-06-16,NB-1048,189.0,312.0,11,263.6
2025-06-23,NB-1048,13.0,354.0,11,263.6
2025-06-30,NB-1048,175.0,0.0,11,263.6
2025-07-07,NB-1048,389.0,0.0,11,263.6
2025-07-14,NB-1048,209.0,0.0,11,263.6
2025-07-21,NB-1048,304.0,0.0,11,263.6
2025-07-28,NB-1048,99.0,0.0,11,263.6
2025-08-04,NB-1048,0.0,0.0,11,263.6
2025-08-11,NB-1048,0.0,0.0,11,263.6
2025-08-18,NB-1048,303.0,0.0,11,263.6
2025-08-25,NB-1048,131.0,0.0,11,263.6
2025-09-01,NB-1048,189.0,0.0,11,263.6
2025-09-08,NB-1048,0.0,0.0,11,263.6
2025-09-15,NB-1048,271.0,0.0,11,263.6
2025-09-22,NB-1048,62.0,0.0,11,263.6
2025-09-29,NB-1048,0.0,0.0,11,263.6
2025-10-06,NB-1048,0.0,323.0,11,263.6
2025-10-13,NB-1048,286.0,286.0,11,263.6
2025-10-20,NB-1048,0.0,0.0,11,263.6
2025-10-27,NB-1048,0.0,0.0,11,263.6
2025-11-03,NB-1048,0.0,0.0,11,263.6
2025-11-10,NB-1048,566.0,346.0,11,263.6
2025-11-17,NB-1048,246.0,400.0,11,263.6
2025-11-24,NB-1048,0.0,0.0,11,263.6
2025-12-01,NB-1048,240.0,321.0,11,263.6
2025-12-08,NB-1048,36.0,0.0,11,263.6
2025-12-15,NB-1048,0.0,0.0,11,263.6
2025-12-22,NB-1048,0.0,0.0,11,263.6
2025-12-29,NB-1048,67.0,0.0,11,263.6
2024-01-01,NB-1049,93.0,0.0,12,606.1
2024-01-08,NB-1049,1158.0,660.0,12,606.1
2024-01-15,NB-1049,951.0,0.0,12,606.1
2024-01-22,NB-1049,665.0,0.0,12,606.1
2024-01-29,NB-1049,387.0,804.0,12,606.1
2024-02-05,NB-1049,85.0,578.0,12,606.1
2024-02-12,NB-1049,410.0,897.0,12,606.1
2024-02-19,NB-1049,74.0,0.0,12,606.1
2024-02-26,NB-1049,0.0,0.0,12,606.1
2024-03-04,NB-1049,0.0,0.0,12,606.1
2024-03-11,NB-1049,0.0,0.0,12,606.1
2024-03-18,NB-1049,552.0,0.0,12,606.1
2024-03-25,NB-1049,867.0,690.0,12,606.1
2024-04-01,NB-1049,469.0,0.0,12,606.1
2024-04-08,NB-1049,1014.0,0.0,12,606.1
2024-04-15,NB-1049,628.0,0.0,12,606.1
2024-04-22,NB-1049,214.0,0.0,12,606.1
2024-04-29,NB-1049,0.0,0.0,12,606.1
2024-05-06,NB-1049,0.0,0.0,12,606.1
2024-05-13,NB-1049,457.0,0.0,12,606.1
2024-05-20,NB-1049,901.0,0.0,12,606.1
2024-05-27,NB-1049,398.0,0.0,12,606.1
2024-06-03,NB-1049,541.0,0.0,12,606.1
2024-06-10,NB-1049,155.0,0.0,12,606.1
2024-06-17,NB-1049,520.0,0.0,12,606.1
2024-06-24,NB-1049,0.0,633.0,12,606.1
2024-07-01,NB-1049,727.0,727.0,12,606.1
2024-07-08,NB-1049,339.0,0.0,12,606.1
2024-07-15,NB-1049,0.0,574.0,12,606.1
2024-07-22,NB-1049,0.0,605.0,12,606.1
2024-07-29,NB-1049,571.0,0.0,12,606.1
2024-08-05,NB-1049,198.0,651.0,12,606.1
2024-08-12,NB-1049,0.0,742.0,12,606.1
2024-08-19,NB-1049,581.0,581.0,12,606.1
2024-08-26,NB-1049,1169.0,0.0,12,606.1
2024-09-02,NB-1049,895.0,0.0,12,606.1
2024-09-09,NB-1049,624.0,0.0,12,606.1
2024-09-16,NB-1049,1135.0,0.0,12,606.1
2024-09-23,NB-1049,892.0,0.0,12,606.1
2024-09-30,NB-1049,652.0,0.0,12,606.1
2024-10-07,NB-1049,338.0,849.0,12,606.1
2024-10-14,NB-1049,799.0,0.0,12,606.1
2024-10-21,NB-1049,551.0,0.0,12,606.1
2024-10-28,NB-1049,291.0,826.0,12,606.1
2024-11-04,NB-1049,936.0,0.0,12,606.1
2024-11-11,NB-1049,664.0,0.0,12,606.1
2024-11-18,NB-1049,362.0,0.0,12,606.1
2024-11-25,NB-1049,719.0,0.0,12,606.1
2024-12-02,NB-1049,1285.0,0.0,12,606.1
2024-12-09,NB-1049,1027.0,0.0,12,606.1
2024-12-16,NB-1049,747.0,0.0,12,606.1
2024-12-23,NB-1049,406.0,0.0,12,606.1
2024-12-30,NB-1049,960.0,0.0,12,606.1
2025-01-06,NB-1049,626.0,0.0,12,606.1
2025-01-13,NB-1049,998.0,0.0,12,606.1
2025-01-20,NB-1049,666.0,0.0,12,606.1
2025-01-27,NB-1049,274.0,0.0,12,606.1
2025-02-03,NB-1049,0.0,0.0,12,606.1
2025-02-10,NB-1049,505.0,687.0,12,606.1
2025-02-17,NB-1049,799.0,738.0,12,606.1
2025-02-24,NB-1049,373.0,0.0,12,606.1
2025-03-03,NB-1049,0.0,0.0,12,606.1
2025-03-10,NB-1049,512.0,0.0,12,606.1
2025-03-17,NB-1049,730.0,0.0,12,606.1
2025-03-24,NB-1049,268.0,0.0,12,606.1
2025-03-31,NB-1049,1123.0,603.0,12,606.1
2025-04-07,NB-1049,1251.0,900.0,12,606.1
2025-04-14,NB-1049,670.0,0.0,12,606.1
2025-04-21,NB-1049,969.0,0.0,12,606.1
2025-04-28,NB-1049,1027.0,652.0,12,606.1
2025-05-05,NB-1049,390.0,0.0,12,606.1
2025-05-12,NB-1049,0.0,667.0,12,606.1
2025-05-19,NB-1049,0.0,0.0,12,606.1
2025-05-26,NB-1049,0.0,0.0,12,606.1
2025-06-02,NB-1049,910.0,720.0,12,606.1
2025-06-09,NB-1049,922.0,0.0,12,606.1
2025-06-16,NB-1049,361.0,0.0,12,606.1
2025-06-23,NB-1049,0.0,0.0,12,606.1
2025-06-30,NB-1049,0.0,0.0,12,606.1
2025-07-07,NB-1049,0.0,0.0,12,606.1
2025-07-14,NB-1049,0.0,0.0,12,606.1
2025-07-21,NB-1049,702.0,0.0,12,606.1
2025-07-28,NB-1049,76.0,714.0,12,606.1
2025-08-04,NB-1049,0.0,776.0,12,606.1
2025-08-11,NB-1049,467.0,846.0,12,606.1
2025-08-18,NB-1049,93.0,0.0,12,606.1
2025-08-25,NB-1049,0.0,0.0,12,606.1
2025-09-01,NB-1049,0.0,931.0,12,606.1
2025-09-08,NB-1049,0.0,0.0,12,606.1
2025-09-15,NB-1049,0.0,0.0,12,606.1
2025-09-22,NB-1049,0.0,0.0,12,606.1
2025-09-29,NB-1049,567.0,0.0,12,606.1
2025-10-06,NB-1049,213.0,0.0,12,606.1
2025-10-13,NB-1049,735.0,0.0,12,606.1
2025-10-20,NB-1049,260.0,0.0,12,606.1
2025-10-27,NB-1049,0.0,0.0,12,606.1
2025-11-03,NB-1049,0.0,645.0,12,606.1
2025-11-10,NB-1049,0.0,0.0,12,606.1
2025-11-17,NB-1049,440.0,0.0,12,606.1
2025-11-24,NB-1049,630.0,0.0,12,606.1
2025-12-01,NB-1049,311.0,0.0,12,606.1
2025-12-08,NB-1049,0.0,0.0,12,606.1
2025-12-15,NB-1049,0.0,790.0,12,606.1
2025-12-22,NB-1049,0.0,0.0,12,606.1
2025-12-29,NB-1049,803.0,0.0,12,606.1
2024-01-01,NB-1050,265.0,0.0,7,67.8
2024-01-08,NB-1050,235.0,0.0,7,67.8
2024-01-15,NB-1050,202.0,0.0,7,67.8
2024-01-22,NB-1050,162.0,0.0,7,67.8
2024-01-29,NB-1050,129.0,0.0,7,67.8
2024-02-05,NB-1050,93.0,0.0,7,67.8
2024-02-12,NB-1050,69.0,0.0,7,67.8
2024-02-19,NB-1050,152.0,0.0,7,67.8
2024-02-26,NB-1050,123.0,0.0,7,67.8
2024-03-04,NB-1050,87.0,0.0,7,67.8
2024-03-11,NB-1050,47.0,0.0,7,67.8
2024-03-18,NB-1050,13.0,0.0,7,67.8
2024-03-25,NB-1050,0.0,0.0,7,67.8
2024-04-01,NB-1050,0.0,0.0,7,67.8
2024-04-08,NB-1050,69.0,0.0,7,67.8
2024-04-15,NB-1050,101.0,0.0,7,67.8
2024-04-22,NB-1050,51.0,0.0,7,67.8
2024-04-29,NB-1050,0.0,0.0,7,67.8
2024-05-06,NB-1050,0.0,0.0,7,67.8
2024-05-13,NB-1050,0.0,65.0,7,67.8
2024-05-20,NB-1050,51.0,0.0,7,67.8
2024-05-27,NB-1050,0.0,0.0,7,67.8
2024-06-03,NB-1050,0.0,0.0,7,67.8
2024-06-10,NB-1050,102.0,0.0,7,67.8
2024-06-17,NB-1050,0.0,0.0,7,67.8
2024-06-24,NB-1050,68.0,0.0,7,67.8
2024-07-01,NB-1050,3.0,0.0,7,67.8
2024-07-08,NB-1050,0.0,97.0,7,67.8
2024-07-15,NB-1050,34.0,0.0,7,67.8
2024-07-22,NB-1050,0.0,68.0,7,67.8
2024-07-29,NB-1050,0.0,79.0,7,67.8
2024-08-05,NB-1050,0.0,79.0,7,67.8
2024-08-12,NB-1050,0.0,0.0,7,67.8
2024-08-19,NB-1050,0.0,98.0,7,67.8
2024-08-26,NB-1050,0.0,76.0,7,67.8
2024-09-02,NB-1050,0.0,0.0,7,67.8
2024-09-09,NB-1050,25.0,0.0,7,67.8
2024-09-16,NB-1050,0.0,71.0,7,67.8
2024-09-23,NB-1050,0.0,71.0,7,67.8
2024-09-30,NB-1050,0.0,0.0,7,67.8
2024-10-07,NB-1050,34.0,0.0,7,67.8
2024-10-14,NB-1050,40.0,0.0,7,67.8
2024-10-21,NB-1050,69.0,0.0,7,67.8
2024-10-28,NB-1050,62.0,0.0,7,67.8
2024-11-04,NB-1050,128.0,0.0,7,67.8
2024-11-11,NB-1050,40.0,76.0,7,67.8
2024-11-18,NB-1050,0.0,73.0,7,67.8
2024-11-25,NB-1050,0.0,0.0,7,67.8
2024-12-02,NB-1050,0.0,0.0,7,67.8
2024-12-09,NB-1050,74.0,0.0,7,67.8
2024-12-16,NB-1050,19.0,0.0,7,67.8
2024-12-23,NB-1050,0.0,0.0,7,67.8
2024-12-30,NB-1050,0.0,0.0,7,67.8
2025-01-06,NB-1050,0.0,96.0,7,67.8
2025-01-13,NB-1050,0.0,0.0,7,67.8
2025-01-20,NB-1050,0.0,0.0,7,67.8
2025-01-27,NB-1050,66.0,0.0,7,67.8
2025-02-03,NB-1050,18.0,74.0,7,67.8
2025-02-10,NB-1050,0.0,79.0,7,67.8
2025-02-17,NB-1050,0.0,63.0,7,67.8
2025-02-24,NB-1050,0.0,69.0,7,67.8
2025-03-03,NB-1050,0.0,79.0,7,67.8
2025-03-10,NB-1050,0.0,94.0,7,67.8
2025-03-17,NB-1050,99.0,99.0,7,67.8
2025-03-24,NB-1050,56.0,84.0,7,67.8
2025-03-31,NB-1050,54.0,0.0,7,67.8
2025-04-07,NB-1050,0.0,0.0,7,67.8
2025-04-14,NB-1050,0.0,0.0,7,67.8
2025-04-21,NB-1050,0.0,76.0,7,67.8
2025-04-28,NB-1050,140.0,76.0,7,67.8
2025-05-05,NB-1050,73.0,0.0,7,67.8
2025-05-12,NB-1050,0.0,0.0,7,67.8
2025-05-19,NB-1050,73.0,0.0,7,67.8
2025-05-26,NB-1050,0.0,0.0,7,67.8
2025-06-02,NB-1050,2.0,0.0,7,67.8
2025-06-09,NB-1050,0.0,0.0,7,67.8
2025-06-16,NB-1050,0.0,0.0,7,67.8
2025-06-23,NB-1050,0.0,0.0,7,67.8
2025-06-30,NB-1050,0.0,0.0,7,67.8
2025-07-07,NB-1050,0.0,0.0,7,67.8
2025-07-14,NB-1050,0.0,0.0,7,67.8
2025-07-21,NB-1050,60.0,0.0,7,67.8
2025-07-28,NB-1050,0.0,0.0,7,67.8
2025-08-04,NB-1050,0.0,84.0,7,67.8
2025-08-11,NB-1050,0.0,0.0,7,67.8
2025-08-18,NB-1050,37.0,0.0,7,67.8
2025-08-25,NB-1050,0.0,0.0,7,67.8
2025-09-01,NB-1050,0.0,0.0,7,67.8
2025-09-08,NB-1050,0.0,0.0,7,67.8
2025-09-15,NB-1050,0.0,0.0,7,67.8
2025-09-22,NB-1050,0.0,0.0,7,67.8
2025-09-29,NB-1050,0.0,0.0,7,67.8
2025-10-06,NB-1050,16.0,0.0,7,67.8
2025-10-13,NB-1050,0.0,0.0,7,67.8
2025-10-20,NB-1050,0.0,0.0,7,67.8
2025-10-27,NB-1050,0.0,0.0,7,67.8
2025-11-03,NB-1050,88.0,88.0,7,67.8
2025-11-10,NB-1050,0.0,0.0,7,67.8
2025-11-17,NB-1050,0.0,0.0,7,67.8
2025-11-24,NB-1050,0.0,66.0,7,67.8
2025-12-01,NB-1050,56.0,101.0,7,67.8
2025-12-08,NB-1050,0.0,75.0,7,67.8
2025-12-15,NB-1050,38.0,0.0,7,67.8
2025-12-22,NB-1050,0.0,0.0,7,67.8
2025-12-29,NB-1050,0.0,0.0,7,67.8
2024-01-01,NB-1051,337.0,0.0,19,134.5
2024-01-08,NB-1051,311.0,0.0,19,134.5
2024-01-15,NB-1051,271.0,0.0,19,134.5
2024-01-22,NB-1051,237.0,0.0,19,134.5
2024-01-29,NB-1051,196.0,0.0,19,134.5
2024-02-05,NB-1051,170.0,0.0,19,134.5
2024-02-12,NB-1051,132.0,193.0,19,134.5
2024-02-19,NB-1051,98.0,0.0,19,134.5
2024-02-26,NB-1051,49.0,0.0,19,134.5
2024-03-04,NB-1051,11.0,0.0,19,134.5
2024-03-11,NB-1051,190.0,0.0,19,134.5
2024-03-18,NB-1051,135.0,0.0,19,134.5
2024-03-25,NB-1051,219.0,0.0,19,134.5
2024-04-01,NB-1051,172.0,0.0,19,134.5
2024-04-08,NB-1051,118.0,0.0,19,134.5
2024-04-15,NB-1051,259.0,0.0,19,134.5
2024-04-22,NB-1051,203.0,0.0,19,134.5
2024-04-29,NB-1051,155.0,0.0,19,134.5
2024-05-06,NB-1051,100.0,0.0,19,134.5
2024-05-13,NB-1051,54.0,0.0,19,134.5
2024-05-20,NB-1051,12.0,0.0,19,134.5
2024-05-27,NB-1051,104.0,0.0,19,134.5
2024-06-03,NB-1051,54.0,200.0,19,134.5
2024-06-10,NB-1051,199.0,0.0,19,134.5
2024-06-17,NB-1051,121.0,0.0,19,134.5
2024-06-24,NB-1051,54.0,0.0,19,134.5
2024-07-01,NB-1051,17.0,0.0,19,134.5
2024-07-08,NB-1051,0.0,0.0,19,134.5
2024-07-15,NB-1051,193.0,0.0,19,134.5
2024-07-22,NB-1051,151.0,0.0,19,134.5
2024-07-29,NB-1051,312.0,0.0,19,134.5
2024-08-05,NB-1051,280.0,0.0,19,134.5
2024-08-12,NB-1051,249.0,0.0,19,134.5
2024-08-19,NB-1051,212.0,0.0,19,134.5
2024-08-26,NB-1051,176.0,0.0,19,134.5
2024-09-02,NB-1051,149.0,0.0,19,134.5
2024-09-09,NB-1051,125.0,0.0,19,134.5
2024-09-16,NB-1051,84.0,0.0,19,134.5
2024-09-23,NB-1051,64.0,0.0,19,134.5
2024-09-30,NB-1051,36.0,0.0,19,134.5
2024-10-07,NB-1051,214.0,0.0,19,134.5
2024-10-14,NB-1051,184.0,0.0,19,134.5
2024-10-21,NB-1051,153.0,0.0,19,134.5
2024-10-28,NB-1051,135.0,0.0,19,134.5
2024-11-04,NB-1051,302.0,189.0,19,134.5
2024-11-11,NB-1051,273.0,0.0,19,134.5
2024-11-18,NB-1051,225.0,0.0,19,134.5
2024-11-25,NB-1051,187.0,0.0,19,134.5
2024-12-02,NB-1051,162.0,0.0,19,134.5
2024-12-09,NB-1051,121.0,0.0,19,134.5
2024-12-16,NB-1051,91.0,164.0,19,134.5
2024-12-23,NB-1051,55.0,0.0,19,134.5
2024-12-30,NB-1051,18.0,0.0,19,134.5
2025-01-06,NB-1051,156.0,0.0,19,134.5
2025-01-13,NB-1051,110.0,0.0,19,134.5
2025-01-20,NB-1051,281.0,0.0,19,134.5
2025-01-27,NB-1051,235.0,0.0,19,134.5
2025-02-03,NB-1051,193.0,0.0,19,134.5
2025-02-10,NB-1051,154.0,0.0,19,134.5
2025-02-17,NB-1051,243.0,158.0,19,134.5
2025-02-24,NB-1051,184.0,0.0,19,134.5
2025-03-03,NB-1051,277.0,182.0,19,134.5
2025-03-10,NB-1051,211.0,0.0,19,134.5
2025-03-17,NB-1051,149.0,0.0,19,134.5
2025-03-24,NB-1051,76.0,0.0,19,134.5
2025-03-31,NB-1051,135.0,0.0,19,134.5
2025-04-07,NB-1051,63.0,167.0,19,134.5
2025-04-14,NB-1051,167.0,0.0,19,134.5
2025-04-21,NB-1051,112.0,138.0,19,134.5
2025-04-28,NB-1051,210.0,166.0,19,134.5
2025-05-05,NB-1051,154.0,0.0,19,134.5
2025-05-12,NB-1051,78.0,0.0,19,134.5
2025-05-19,NB-1051,154.0,0.0,19,134.5
2025-05-26,NB-1051,96.0,0.0,19,134.5
2025-06-02,NB-1051,178.0,0.0,19,134.5
2025-06-09,NB-1051,109.0,197.0,19,134.5
2025-06-16,NB-1051,39.0,0.0,19,134.5
2025-06-23,NB-1051,0.0,0.0,19,134.5
2025-06-30,NB-1051,99.0,0.0,19,134.5
2025-07-07,NB-1051,52.0,0.0,19,134.5
2025-07-14,NB-1051,2.0,126.0,19,134.5
2025-07-21,NB-1051,146.0,0.0,19,134.5
2025-07-28,NB-1051,257.0,179.0,19,134.5
2025-08-04,NB-1051,207.0,0.0,19,134.5
2025-08-11,NB-1051,162.0,0.0,19,134.5
2025-08-18,NB-1051,122.0,143.0,19,134.5
2025-08-25,NB-1051,82.0,149.0,19,134.5
2025-09-01,NB-1051,29.0,180.0,19,134.5
2025-09-08,NB-1051,171.0,0.0,19,134.5
2025-09-15,NB-1051,139.0,0.0,19,134.5
2025-09-22,NB-1051,92.0,0.0,19,134.5
2025-09-29,NB-1051,245.0,0.0,19,134.5
2025-10-06,NB-1051,213.0,0.0,19,134.5
2025-10-13,NB-1051,186.0,0.0,19,134.5
2025-10-20,NB-1051,139.0,0.0,19,134.5
2025-10-27,NB-1051,285.0,0.0,19,134.5
2025-11-03,NB-1051,260.0,0.0,19,134.5
2025-11-10,NB-1051,230.0,0.0,19,134.5
2025-11-17,NB-1051,177.0,0.0,19,134.5
2025-11-24,NB-1051,114.0,0.0,19,134.5
2025-12-01,NB-1051,292.0,0.0,19,134.5
2025-12-08,NB-1051,246.0,0.0,19,134.5
2025-12-15,NB-1051,197.0,0.0,19,134.5
2025-12-22,NB-1051,133.0,0.0,19,134.5
2025-12-29,NB-1051,85.0,0.0,19,134.5
2024-01-01,NB-1052,179.0,0.0,15,708.0
2024-01-08,NB-1052,0.0,0.0,15,708.0
2024-01-15,NB-1052,0.0,0.0,15,708.0
2024-01-22,NB-1052,0.0,863.0,15,708.0
2024-01-29,NB-1052,429.0,967.0,15,708.0
2024-02-05,NB-1052,120.0,0.0,15,708.0
2024-02-12,NB-1052,0.0,0.0,15,708.0
2024-02-19,NB-1052,0.0,0.0,15,708.0
2024-02-26,NB-1052,525.0,0.0,15,708.0
2024-03-04,NB-1052,221.0,0.0,15,708.0
2024-03-11,NB-1052,0.0,0.0,15,708.0
2024-03-18,NB-1052,0.0,0.0,15,708.0
2024-03-25,NB-1052,0.0,801.0,15,708.0
2024-04-01,NB-1052,0.0,0.0,15,708.0
2024-04-08,NB-1052,0.0,0.0,15,708.0
2024-04-15,NB-1052,0.0,0.0,15,708.0
2024-04-22,NB-1052,0.0,0.0,15,708.0
2024-04-29,NB-1052,654.0,0.0,15,708.0
2024-05-06,NB-1052,478.0,0.0,15,708.0
2024-05-13,NB-1052,242.0,0.0,15,708.0
2024-05-20,NB-1052,815.0,765.0,15,708.0
2024-05-27,NB-1052,627.0,985.0,15,708.0
2024-06-03,NB-1052,1391.0,0.0,15,708.0
2024-06-10,NB-1052,1233.0,0.0,15,708.0
2024-06-17,NB-1052,1013.0,0.0,15,708.0
2024-06-24,NB-1052,848.0,0.0,15,708.0
2024-07-01,NB-1052,694.0,725.0,15,708.0
2024-07-08,NB-1052,543.0,0.0,15,708.0
2024-07-15,NB-1052,402.0,708.0,15,708.0
2024-07-22,NB-1052,234.0,1025.0,15,708.0
2024-07-29,NB-1052,1145.0,0.0,15,708.0
2024-08-05,NB-1052,1005.0,0.0,15,708.0
2024-08-12,NB-1052,836.0,0.0,15,708.0
2024-08-19,NB-1052,682.0,0.0,15,708.0
2024-08-26,NB-1052,518.0,0.0,15,708.0
2024-09-02,NB-1052,340.0,933.0,15,708.0
2024-09-09,NB-1052,135.0,0.0,15,708.0
2024-09-16,NB-1052,615.0,0.0,15,708.0
2024-09-23,NB-1052,412.0,0.0,15,708.0
2024-09-30,NB-1052,179.0,932.0,15,708.0
2024-10-07,NB-1052,0.0,0.0,15,708.0
2024-10-14,NB-1052,0.0,0.0,15,708.0
2024-10-21,NB-1052,0.0,0.0,15,708.0
2024-10-28,NB-1052,0.0,0.0,15,708.0
2024-11-04,NB-1052,0.0,907.0,15,708.0
2024-11-11,NB-1052,0.0,800.0,15,708.0
2024-11-18,NB-1052,665.0,665.0,15,708.0
2024-11-25,NB-1052,310.0,0.0,15,708.0
2024-12-02,NB-1052,1014.0,0.0,15,708.0
2024-12-09,NB-1052,696.0,1061.0,15,708.0
2024-12-16,NB-1052,398.0,0.0,15,708.0
2024-12-23,NB-1052,1020.0,0.0,15,708.0
2024-12-30,NB-1052,651.0,0.0,15,708.0
2025-01-06,NB-1052,324.0,0.0,15,708.0
2025-01-13,NB-1052,5.0,1061.0,15,708.0
2025-01-20,NB-1052,0.0,826.0,15,708.0
2025-01-27,NB-1052,0.0,0.0,15,708.0
2025-02-03,NB-1052,748.0,0.0,15,708.0
2025-02-10,NB-1052,414.0,0.0,15,708.0
2025-02-17,NB-1052,763.0,0.0,15,708.0
2025-02-24,NB-1052,433.0,0.0,15,708.0
2025-03-03,NB-1052,0.0,778.0,15,708.0
2025-03-10,NB-1052,0.0,868.0,15,708.0
2025-03-17,NB-1052,661.0,681.0,15,708.0
2025-03-24,NB-1052,1450.0,0.0,15,708.0
2025-03-31,NB-1052,1075.0,0.0,15,708.0
2025-04-07,NB-1052,788.0,0.0,15,708.0
2025-04-14,NB-1052,532.0,0.0,15,708.0
2025-04-21,NB-1052,295.0,0.0,15,708.0
2025-04-28,NB-1052,90.0,939.0,15,708.0
2025-05-05,NB-1052,712.0,0.0,15,708.0
2025-05-12,NB-1052,1296.0,800.0,15,708.0
2025-05-19,NB-1052,1047.0,0.0,15,708.0
2025-05-26,NB-1052,838.0,0.0,15,708.0
2025-06-02,NB-1052,662.0,1053.0,15,708.0
2025-06-09,NB-1052,518.0,0.0,15,708.0
2025-06-16,NB-1052,371.0,0.0,15,708.0
2025-06-23,NB-1052,216.0,0.0,15,708.0
2025-06-30,NB-1052,102.0,0.0,15,708.0
2025-07-07,NB-1052,675.0,0.0,15,708.0
2025-07-14,NB-1052,554.0,0.0,15,708.0
2025-07-21,NB-1052,364.0,0.0,15,708.0
2025-07-28,NB-1052,193.0,728.0,15,708.0
2025-08-04,NB-1052,49.0,0.0,15,708.0
2025-08-11,NB-1052,0.0,0.0,15,708.0
2025-08-18,NB-1052,0.0,0.0,15,708.0
2025-08-25,NB-1052,0.0,0.0,15,708.0
2025-09-01,NB-1052,0.0,0.0,15,708.0
2025-09-08,NB-1052,0.0,0.0,15,708.0
2025-09-15,NB-1052,0.0,779.0,15,708.0
2025-09-22,NB-1052,0.0,0.0,15,708.0
2025-09-29,NB-1052,0.0,0.0,15,708.0
2025-10-06,NB-1052,0.0,777.0,15,708.0
2025-10-13,NB-1052,0.0,0.0,15,708.0
2025-10-20,NB-1052,0.0,0.0,15,708.0
2025-10-27,NB-1052,0.0,0.0,15,708.0
2025-11-03,NB-1052,0.0,0.0,15,708.0
2025-11-10,NB-1052,0.0,1073.0,15,708.0
2025-11-17,NB-1052,1089.0,1089.0,15,708.0
2025-11-24,NB-1052,761.0,0.0,15,708.0
2025-12-01,NB-1052,1229.0,0.0,15,708.0
2025-12-08,NB-1052,912.0,0.0,15,708.0
2025-12-15,NB-1052,646.0,0.0,15,708.0
2025-12-22,NB-1052,950.0,0.0,15,708.0
2025-12-29,NB-1052,1487.0,895.0,15,708.0
2024-01-01,NB-1053,377.0,0.0,19,483.1
2024-01-08,NB-1053,847.0,0.0,19,483.1
2024-01-15,NB-1053,728.0,0.0,19,483.1
2024-01-22,NB-1053,617.0,0.0,19,483.1
2024-01-29,NB-1053,492.0,0.0,19,483.1
2024-02-05,NB-1053,1076.0,0.0,19,483.1
2024-02-12,NB-1053,942.0,0.0,19,483.1
2024-02-19,NB-1053,786.0,0.0,19,483.1
2024-02-26,NB-1053,644.0,0.0,19,483.1
2024-03-04,NB-1053,479.0,0.0,19,483.1
2024-03-11,NB-1053,336.0,0.0,19,483.1
2024-03-18,NB-1053,169.0,0.0,19,483.1
2024-03-25,NB-1053,26.0,0.0,19,483.1
2024-04-01,NB-1053,0.0,0.0,19,483.1
2024-04-08,NB-1053,0.0,660.0,19,483.1
2024-04-15,NB-1053,459.0,649.0,19,483.1
2024-04-22,NB-1053,335.0,596.0,19,483.1
2024-04-29,NB-1053,154.0,0.0,19,483.1
2024-05-06,NB-1053,15.0,0.0,19,483.1
2024-05-13,NB-1053,0.0,0.0,19,483.1
2024-05-20,NB-1053,0.0,0.0,19,483.1
2024-05-27,NB-1053,457.0,613.0,19,483.1
2024-06-03,NB-1053,287.0,539.0,19,483.1
2024-06-10,NB-1053,140.0,0.0,19,483.1
2024-06-17,NB-1053,0.0,0.0,19,483.1
2024-06-24,NB-1053,0.0,0.0,19,483.1
2024-07-01,NB-1053,0.0,560.0,19,483.1
2024-07-08,NB-1053,0.0,552.0,19,483.1
2024-07-15,NB-1053,0.0,0.0,19,483.1
2024-07-22,NB-1053,457.0,0.0,19,483.1
2024-07-29,NB-1053,975.0,0.0,19,483.1
2024-08-05,NB-1053,854.0,0.0,19,483.1
2024-08-12,NB-1053,765.0,0.0,19,483.1
2024-08-19,NB-1053,623.0,0.0,19,483.1
2024-08-26,NB-1053,507.0,0.0,19,483.1
2024-09-02,NB-1053,892.0,480.0,19,483.1
2024-09-09,NB-1053,798.0,0.0,19,483.1
2024-09-16,NB-1053,705.0,0.0,19,483.1
2024-09-23,NB-1053,619.0,0.0,19,483.1
2024-09-30,NB-1053,541.0,0.0,19,483.1
2024-10-07,NB-1053,428.0,0.0,19,483.1
2024-10-14,NB-1053,973.0,0.0,19,483.1
2024-10-21,NB-1053,880.0,0.0,19,483.1
2024-10-28,NB-1053,808.0,0.0,19,483.1
2024-11-04,NB-1053,715.0,0.0,19,483.1
2024-11-11,NB-1053,626.0,0.0,19,483.1
2024-11-18,NB-1053,534.0,0.0,19,483.1
2024-11-25,NB-1053,473.0,0.0,19,483.1
2024-12-02,NB-1053,1022.0,0.0,19,483.1
2024-12-09,NB-1053,918.0,0.0,19,483.1
2024-12-16,NB-1053,828.0,0.0,19,483.1
2024-12-23,NB-1053,725.0,0.0,19,483.1
2024-12-30,NB-1053,607.0,0.0,19,483.1
2025-01-06,NB-1053,506.0,0.0,19,483.1
2025-01-13,NB-1053,1125.0,0.0,19,483.1
2025-01-20,NB-1053,1013.0,0.0,19,483.1
2025-01-27,NB-1053,892.0,0.0,19,483.1
2025-02-03,NB-1053,788.0,0.0,19,483.1
2025-02-10,NB-1053,660.0,0.0,19,483.1
2025-02-17,NB-1053,561.0,0.0,19,483.1
2025-02-24,NB-1053,418.0,0.0,19,483.1
2025-03-03,NB-1053,226.0,0.0,19,483.1
2025-03-10,NB-1053,82.0,0.0,19,483.1
2025-03-17,NB-1053,583.0,0.0,19,483.1
2025-03-24,NB-1053,417.0,0.0,19,483.1
2025-03-31,NB-1053,190.0,0.0,19,483.1
2025-04-07,NB-1053,32.0,0.0,19,483.1
2025-04-14,NB-1053,0.0,733.0,19,483.1
2025-04-21,NB-1053,0.0,0.0,19,483.1
2025-04-28,NB-1053,560.0,0.0,19,483.1
2025-05-05,NB-1053,426.0,0.0,19,483.1
2025-05-12,NB-1053,791.0,0.0,19,483.1
2025-05-19,NB-1053,577.0,0.0,19,483.1
2025-05-26,NB-1053,462.0,0.0,19,483.1
2025-06-02,NB-1053,361.0,0.0,19,483.1
2025-06-09,NB-1053,862.0,0.0,19,483.1
2025-06-16,NB-1053,714.0,0.0,19,483.1
2025-06-23,NB-1053,613.0,0.0,19,483.1
2025-06-30,NB-1053,1008.0,543.0,19,483.1
2025-07-07,NB-1053,863.0,0.0,19,483.1
2025-07-14,NB-1053,763.0,0.0,19,483.1
2025-07-21,NB-1053,600.0,0.0,19,483.1
2025-07-28,NB-1053,423.0,0.0,19,483.1
2025-08-04,NB-1053,854.0,0.0,19,483.1
2025-08-11,NB-1053,754.0,0.0,19,483.1
2025-08-18,NB-1053,662.0,0.0,19,483.1
2025-08-25,NB-1053,577.0,0.0,19,483.1
2025-09-01,NB-1053,477.0,0.0,19,483.1
2025-09-08,NB-1053,356.0,0.0,19,483.1
2025-09-15,NB-1053,278.0,0.0,19,483.1
2025-09-22,NB-1053,199.0,596.0,19,483.1
2025-09-29,NB-1053,115.0,650.0,19,483.1
2025-10-06,NB-1053,673.0,0.0,19,483.1
2025-10-13,NB-1053,572.0,0.0,19,483.1
2025-10-20,NB-1053,460.0,0.0,19,483.1
2025-10-27,NB-1053,356.0,0.0,19,483.1
2025-11-03,NB-1053,270.0,0.0,19,483.1
2025-11-10,NB-1053,707.0,520.0,19,483.1
2025-11-17,NB-1053,579.0,0.0,19,483.1
2025-11-24,NB-1053,502.0,0.0,19,483.1
2025-12-01,NB-1053,1051.0,0.0,19,483.1
2025-12-08,NB-1053,964.0,0.0,19,483.1
2025-12-15,NB-1053,874.0,0.0,19,483.1
2025-12-22,NB-1053,782.0,0.0,19,483.1
2025-12-29,NB-1053,684.0,0.0,19,483.1
2024-01-01,NB-1054,202.0,0.0,17,165.8
2024-01-08,NB-1054,326.0,0.0,17,165.8
2024-01-15,NB-1054,271.0,0.0,17,165.8
2024-01-22,NB-1054,199.0,0.0,17,165.8
2024-01-29,NB-1054,135.0,0.0,17,165.8
2024-02-05,NB-1054,209.0,0.0,17,165.8
2024-02-12,NB-1054,170.0,0.0,17,165.8
2024-02-19,NB-1054,123.0,210.0,17,165.8
2024-02-26,NB-1054,80.0,0.0,17,165.8
2024-03-04,NB-1054,35.0,216.0,17,165.8
2024-03-11,NB-1054,0.0,0.0,17,165.8
2024-03-18,NB-1054,0.0,238.0,17,165.8
2024-03-25,NB-1054,0.0,178.0,17,165.8
2024-04-01,NB-1054,0.0,0.0,17,165.8
2024-04-08,NB-1054,0.0,0.0,17,165.8
2024-04-15,NB-1054,198.0,0.0,17,165.8
2024-04-22,NB-1054,149.0,0.0,17,165.8
2024-04-29,NB-1054,120.0,0.0,17,165.8
2024-05-06,NB-1054,87.0,0.0,17,165.8
2024-05-13,NB-1054,50.0,0.0,17,165.8
2024-05-20,NB-1054,9.0,0.0,17,165.8
2024-05-27,NB-1054,0.0,0.0,17,165.8
2024-06-03,NB-1054,0.0,240.0,17,165.8
2024-06-10,NB-1054,223.0,0.0,17,165.8
2024-06-17,NB-1054,158.0,0.0,17,165.8
2024-06-24,NB-1054,294.0,0.0,17,165.8
2024-07-01,NB-1054,266.0,0.0,17,165.8
2024-07-08,NB-1054,236.0,0.0,17,165.8
2024-07-15,NB-1054,191.0,0.0,17,165.8
2024-07-22,NB-1054,370.0,0.0,17,165.8
2024-07-29,NB-1054,332.0,0.0,17,165.8
2024-08-05,NB-1054,305.0,0.0,17,165.8
2024-08-12,NB-1054,269.0,0.0,17,165.8
2024-08-19,NB-1054,221.0,0.0,17,165.8
2024-08-26,NB-1054,177.0,0.0,17,165.8
2024-09-02,NB-1054,133.0,0.0,17,165.8
2024-09-09,NB-1054,93.0,234.0,17,165.8
2024-09-16,NB-1054,51.0,0.0,17,165.8
2024-09-23,NB-1054,182.0,0.0,17,165.8
2024-09-30,NB-1054,136.0,0.0,17,165.8
2024-10-07,NB-1054,278.0,0.0,17,165.8
2024-10-14,NB-1054,224.0,0.0,17,165.8
2024-10-21,NB-1054,151.0,0.0,17,165.8
2024-10-28,NB-1054,80.0,0.0,17,165.8
2024-11-04,NB-1054,201.0,0.0,17,165.8
2024-11-11,NB-1054,363.0,0.0,17,165.8
2024-11-18,NB-1054,313.0,0.0,17,165.8
2024-11-25,NB-1054,278.0,0.0,17,165.8
2024-12-02,NB-1054,216.0,0.0,17,165.8
2024-12-09,NB-1054,166.0,0.0,17,165.8
2024-12-16,NB-1054,120.0,154.0,17,165.8
2024-12-23,NB-1054,52.0,172.0,17,165.8
2024-12-30,NB-1054,0.0,0.0,17,165.8
2025-01-06,NB-1054,159.0,159.0,17,165.8
2025-01-13,NB-1054,304.0,0.0,17,165.8
2025-01-20,NB-1054,255.0,0.0,17,165.8
2025-01-27,NB-1054,198.0,0.0,17,165.8
2025-02-03,NB-1054,134.0,0.0,17,165.8
2025-02-10,NB-1054,111.0,0.0,17,165.8
2025-02-17,NB-1054,75.0,185.0,17,165.8
2025-02-24,NB-1054,35.0,161.0,17,165.8
2025-03-03,NB-1054,196.0,0.0,17,165.8
2025-03-10,NB-1054,162.0,185.0,17,165.8
2025-03-17,NB-1054,109.0,0.0,17,165.8
2025-03-24,NB-1054,69.0,0.0,17,165.8
2025-03-31,NB-1054,15.0,201.0,17,165.8
2025-04-07,NB-1054,141.0,0.0,17,165.8
2025-04-14,NB-1054,280.0,0.0,17,165.8
2025-04-21,NB-1054,252.0,0.0,17,165.8
2025-04-28,NB-1054,234.0,0.0,17,165.8
2025-05-05,NB-1054,204.0,0.0,17,165.8
2025-05-12,NB-1054,165.0,0.0,17,165.8
2025-05-19,NB-1054,383.0,0.0,17,165.8
2025-05-26,NB-1054,351.0,0.0,17,165.8
2025-06-02,NB-1054,314.0,0.0,17,165.8
2025-06-09,NB-1054,291.0,0.0,17,165.8
2025-06-16,NB-1054,261.0,0.0,17,165.8
2025-06-23,NB-1054,232.0,0.0,17,165.8
2025-06-30,NB-1054,183.0,0.0,17,165.8
2025-07-07,NB-1054,163.0,0.0,17,165.8
2025-07-14,NB-1054,122.0,0.0,17,165.8
2025-07-21,NB-1054,87.0,209.0,17,165.8
2025-07-28,NB-1054,257.0,0.0,17,165.8
2025-08-04,NB-1054,206.0,0.0,17,165.8
2025-08-11,NB-1054,170.0,0.0,17,165.8
2025-08-18,NB-1054,302.0,0.0,17,165.8
2025-08-25,NB-1054,258.0,0.0,17,165.8
2025-09-01,NB-1054,199.0,0.0,17,165.8
2025-09-08,NB-1054,108.0,0.0,17,165.8
2025-09-15,NB-1054,64.0,0.0,17,165.8
2025-09-22,NB-1054,274.0,0.0,17,165.8
2025-09-29,NB-1054,226.0,0.0,17,165.8
2025-10-06,NB-1054,182.0,0.0,17,165.8
2025-10-13,NB-1054,136.0,203.0,17,165.8
2025-10-20,NB-1054,55.0,0.0,17,165.8
2025-10-27,NB-1054,180.0,172.0,17,165.8
2025-11-03,NB-1054,394.0,0.0,17,165.8
2025-11-10,NB-1054,319.0,0.0,17,165.8
2025-11-17,NB-1054,228.0,0.0,17,165.8
2025-11-24,NB-1054,348.0,0.0,17,165.8
2025-12-01,NB-1054,291.0,0.0,17,165.8
2025-12-08,NB-1054,253.0,0.0,17,165.8
2025-12-15,NB-1054,186.0,0.0,17,165.8
2025-12-22,NB-1054,386.0,0.0,17,165.8
2025-12-29,NB-1054,335.0,0.0,17,165.8
2024-01-01,NB-1055,62.0,0.0,16,423.7
2024-01-08,NB-1055,455.0,0.0,16,423.7
2024-01-15,NB-1055,915.0,0.0,16,423.7
2024-01-22,NB-1055,743.0,0.0,16,423.7
2024-01-29,NB-1055,518.0,0.0,16,423.7
2024-02-05,NB-1055,317.0,576.0,16,423.7
2024-02-12,NB-1055,710.0,0.0,16,423.7
2024-02-19,NB-1055,473.0,0.0,16,423.7
2024-02-26,NB-1055,289.0,0.0,16,423.7
2024-03-04,NB-1055,56.0,0.0,16,423.7
2024-03-11,NB-1055,0.0,0.0,16,423.7
2024-03-18,NB-1055,492.0,0.0,16,423.7
2024-03-25,NB-1055,262.0,0.0,16,423.7
2024-04-01,NB-1055,79.0,430.0,16,423.7
2024-04-08,NB-1055,0.0,0.0,16,423.7
2024-04-15,NB-1055,0.0,0.0,16,423.7
2024-04-22,NB-1055,0.0,0.0,16,423.7
2024-04-29,NB-1055,0.0,0.0,16,423.7
2024-05-06,NB-1055,0.0,0.0,16,423.7
2024-05-13,NB-1055,594.0,594.0,16,423.7
2024-05-20,NB-1055,454.0,0.0,16,423.7
2024-05-27,NB-1055,319.0,538.0,16,423.7
2024-06-03,NB-1055,756.0,0.0,16,423.7
2024-06-10,NB-1055,633.0,0.0,16,423.7
2024-06-17,NB-1055,465.0,0.0,16,423.7
2024-06-24,NB-1055,351.0,451.0,16,423.7
2024-07-01,NB-1055,228.0,0.0,16,423.7
2024-07-08,NB-1055,600.0,0.0,16,423.7
2024-07-15,NB-1055,466.0,0.0,16,423.7
2024-07-22,NB-1055,779.0,449.0,16,423.7
2024-07-29,NB-1055,691.0,0.0,16,423.7
2024-08-05,NB-1055,543.0,0.0,16,423.7
2024-08-12,NB-1055,457.0,0.0,16,423.7
2024-08-19,NB-1055,350.0,0.0,16,423.7
2024-08-26,NB-1055,226.0,503.0,16,423.7
2024-09-02,NB-1055,697.0,0.0,16,423.7
2024-09-09,NB-1055,482.0,0.0,16,423.7
2024-09-16,NB-1055,884.0,0.0,16,423.7
2024-09-23,NB-1055,769.0,0.0,16,423.7
2024-09-30,NB-1055,627.0,0.0,16,423.7
2024-10-07,NB-1055,486.0,0.0,16,423.7
2024-10-14,NB-1055,758.0,0.0,16,423.7
2024-10-21,NB-1055,536.0,0.0,16,423.7
2024-10-28,NB-1055,349.0,0.0,16,423.7
2024-11-04,NB-1055,103.0,0.0,16,423.7
2024-11-11,NB-1055,337.0,0.0,16,423.7
2024-11-18,NB-1055,151.0,627.0,16,423.7
2024-11-25,NB-1055,0.0,0.0,16,423.7
2024-12-02,NB-1055,0.0,0.0,16,423.7
2024-12-09,NB-1055,0.0,0.0,16,423.7
2024-12-16,NB-1055,0.0,0.0,16,423.7
2024-12-23,NB-1055,0.0,0.0,16,423.7
2024-12-30,NB-1055,0.0,448.0,16,423.7
2025-01-06,NB-1055,0.0,0.0,16,423.7
2025-01-13,NB-1055,320.0,0.0,16,423.7
2025-01-20,NB-1055,668.0,0.0,16,423.7
2025-01-27,NB-1055,840.0,0.0,16,423.7
2025-02-03,NB-1055,472.0,0.0,16,423.7
2025-02-10,NB-1055,178.0,0.0,16,423.7
2025-02-17,NB-1055,0.0,0.0,16,423.7
2025-02-24,NB-1055,344.0,0.0,16,423.7
2025-03-03,NB-1055,0.0,0.0,16,423.7
2025-03-10,NB-1055,508.0,0.0,16,423.7
2025-03-17,NB-1055,315.0,0.0,16,423.7
2025-03-24,NB-1055,673.0,0.0,16,423.7
2025-03-31,NB-1055,283.0,0.0,16,423.7
2025-04-07,NB-1055,0.0,0.0,16,423.7
2025-04-14,NB-1055,0.0,0.0,16,423.7
2025-04-21,NB-1055,0.0,455.0,16,423.7
2025-04-28,NB-1055,0.0,0.0,16,423.7
2025-05-05,NB-1055,0.0,0.0,16,423.7
2025-05-12,NB-1055,0.0,0.0,16,423.7
2025-05-19,NB-1055,0.0,0.0,16,423.7
2025-05-26,NB-1055,0.0,0.0,16,423.7
2025-06-02,NB-1055,0.0,0.0,16,423.7
2025-06-09,NB-1055,0.0,0.0,16,423.7
2025-06-16,NB-1055,0.0,0.0,16,423.7
2025-06-23,NB-1055,0.0,633.0,16,423.7
2025-06-30,NB-1055,498.0,0.0,16,423.7
2025-07-07,NB-1055,978.0,0.0,16,423.7
2025-07-14,NB-1055,838.0,0.0,16,423.7
2025-07-21,NB-1055,529.0,0.0,16,423.7
2025-07-28,NB-1055,350.0,0.0,16,423.7
2025-08-04,NB-1055,223.0,0.0,16,423.7
2025-08-11,NB-1055,84.0,0.0,16,423.7
2025-08-18,NB-1055,585.0,0.0,16,423.7
2025-08-25,NB-1055,397.0,479.0,16,423.7
2025-09-01,NB-1055,184.0,0.0,16,423.7
2025-09-08,NB-1055,596.0,0.0,16,423.7
2025-09-15,NB-1055,435.0,0.0,16,423.7
2025-09-22,NB-1055,770.0,0.0,16,423.7
2025-09-29,NB-1055,578.0,0.0,16,423.7
2025-10-06,NB-1055,345.0,0.0,16,423.7
2025-10-13,NB-1055,546.0,0.0,16,423.7
2025-10-20,NB-1055,125.0,0.0,16,423.7
2025-10-27,NB-1055,0.0,0.0,16,423.7
2025-11-03,NB-1055,0.0,0.0,16,423.7
2025-11-10,NB-1055,0.0,0.0,16,423.7
2025-11-17,NB-1055,0.0,0.0,16,423.7
2025-11-24,NB-1055,0.0,0.0,16,423.7
2025-12-01,NB-1055,651.0,651.0,16,423.7
2025-12-08,NB-1055,231.0,0.0,16,423.7
2025-12-15,NB-1055,460.0,0.0,16,423.7
2025-12-22,NB-1055,105.0,0.0,16,423.7
2025-12-29,NB-1055,0.0,0.0,16,423.7
2024-01-01,NB-1056,520.0,336.0,11,308.4
2024-01-08,NB-1056,316.0,0.0,11,308.4
2024-01-15,NB-1056,397.0,286.0,11,308.4
2024-01-22,NB-1056,223.0,0.0,11,308.4
2024-01-29,NB-1056,387.0,0.0,11,308.4
2024-02-05,NB-1056,197.0,302.0,11,308.4
2024-02-12,NB-1056,324.0,0.0,11,308.4
2024-02-19,NB-1056,530.0,0.0,11,308.4
2024-02-26,NB-1056,342.0,0.0,11,308.4
2024-03-04,NB-1056,184.0,0.0,11,308.4
2024-03-11,NB-1056,25.0,320.0,11,308.4
2024-03-18,NB-1056,0.0,0.0,11,308.4
2024-03-25,NB-1056,231.0,0.0,11,308.4
2024-04-01,NB-1056,57.0,399.0,11,308.4
2024-04-08,NB-1056,0.0,0.0,11,308.4
2024-04-15,NB-1056,0.0,0.0,11,308.4
2024-04-22,NB-1056,0.0,471.0,11,308.4
2024-04-29,NB-1056,630.0,0.0,11,308.4
2024-05-06,NB-1056,533.0,0.0,11,308.4
2024-05-13,NB-1056,459.0,0.0,11,308.4
2024-05-20,NB-1056,352.0,0.0,11,308.4
2024-05-27,NB-1056,274.0,421.0,11,308.4
2024-06-03,NB-1056,512.0,0.0,11,308.4
2024-06-10,NB-1056,403.0,0.0,11,308.4
2024-06-17,NB-1056,281.0,0.0,11,308.4
2024-06-24,NB-1056,596.0,0.0,11,308.4
2024-07-01,NB-1056,503.0,0.0,11,308.4
2024-07-08,NB-1056,400.0,0.0,11,308.4
2024-07-15,NB-1056,289.0,0.0,11,308.4
2024-07-22,NB-1056,492.0,0.0,11,308.4
2024-07-29,NB-1056,394.0,0.0,11,308.4
2024-08-05,NB-1056,267.0,0.0,11,308.4
2024-08-12,NB-1056,436.0,0.0,11,308.4
2024-08-19,NB-1056,299.0,342.0,11,308.4
2024-08-26,NB-1056,613.0,0.0,11,308.4
2024-09-02,NB-1056,465.0,0.0,11,308.4
2024-09-09,NB-1056,293.0,0.0,11,308.4
2024-09-16,NB-1056,415.0,0.0,11,308.4
2024-09-23,NB-1056,240.0,0.0,11,308.4
2024-09-30,NB-1056,363.0,0.0,11,308.4
2024-10-07,NB-1056,123.0,0.0,11,308.4
2024-10-14,NB-1056,0.0,0.0,11,308.4
2024-10-21,NB-1056,298.0,343.0,11,308.4
2024-10-28,NB-1056,419.0,0.0,11,308.4
2024-11-04,NB-1056,188.0,0.0,11,308.4
2024-11-11,NB-1056,0.0,313.0,11,308.4
2024-11-18,NB-1056,0.0,0.0,11,308.4
2024-11-25,NB-1056,238.0,0.0,11,308.4
2024-12-02,NB-1056,0.0,0.0,11,308.4
2024-12-09,NB-1056,0.0,0.0,11,308.4
2024-12-16,NB-1056,181.0,461.0,11,308.4
2024-12-23,NB-1056,0.0,0.0,11,308.4
2024-12-30,NB-1056,174.0,0.0,11,308.4
2025-01-06,NB-1056,0.0,0.0,11,308.4
2025-01-13,NB-1056,0.0,0.0,11,308.4
2025-01-20,NB-1056,512.0,333.0,11,308.4
2025-01-27,NB-1056,252.0,391.0,11,308.4
2025-02-03,NB-1056,0.0,0.0,11,308.4
2025-02-10,NB-1056,223.0,0.0,11,308.4
2025-02-17,NB-1056,2.0,0.0,11,308.4
2025-02-24,NB-1056,219.0,0.0,11,308.4
2025-03-03,NB-1056,310.0,0.0,11,308.4
2025-03-10,NB-1056,114.0,449.0,11,308.4
2025-03-17,NB-1056,436.0,0.0,11,308.4
2025-03-24,NB-1056,699.0,419.0,11,308.4
2025-03-31,NB-1056,461.0,0.0,11,308.4
2025-04-07,NB-1056,201.0,0.0,11,308.4
2025-04-14,NB-1056,42.0,0.0,11,308.4
2025-04-21,NB-1056,0.0,0.0,11,308.4
2025-04-28,NB-1056,0.0,358.0,11,308.4
2025-05-05,NB-1056,700.0,0.0,11,308.4
2025-05-12,NB-1056,531.0,0.0,11,308.4
2025-05-19,NB-1056,358.0,0.0,11,308.4
2025-05-26,NB-1056,242.0,414.0,11,308.4
2025-06-02,NB-1056,540.0,0.0,11,308.4
2025-06-09,NB-1056,414.0,0.0,11,308.4
2025-06-16,NB-1056,302.0,0.0,11,308.4
2025-06-23,NB-1056,195.0,0.0,11,308.4
2025-06-30,NB-1056,87.0,0.0,11,308.4
2025-07-07,NB-1056,0.0,0.0,11,308.4
2025-07-14,NB-1056,0.0,0.0,11,308.4
2025-07-21,NB-1056,0.0,0.0,11,308.4
2025-07-28,NB-1056,0.0,356.0,11,308.4
2025-08-04,NB-1056,411.0,0.0,11,308.4
2025-08-11,NB-1056,221.0,417.0,11,308.4
2025-08-18,NB-1056,420.0,0.0,11,308.4
2025-08-25,NB-1056,229.0,0.0,11,308.4
2025-09-01,NB-1056,0.0,0.0,11,308.4
2025-09-08,NB-1056,0.0,0.0,11,308.4
2025-09-15,NB-1056,723.0,466.0,11,308.4
2025-09-22,NB-1056,429.0,0.0,11,308.4
2025-09-29,NB-1056,160.0,0.0,11,308.4
2025-10-06,NB-1056,0.0,0.0,11,308.4
2025-10-13,NB-1056,0.0,0.0,11,308.4
2025-10-20,NB-1056,0.0,0.0,11,308.4
2025-10-27,NB-1056,61.0,0.0,11,308.4
2025-11-03,NB-1056,0.0,0.0,11,308.4
2025-11-10,NB-1056,0.0,0.0,11,308.4
2025-11-17,NB-1056,98.0,0.0,11,308.4
2025-11-24,NB-1056,227.0,0.0,11,308.4
2025-12-01,NB-1056,0.0,449.0,11,308.4
2025-12-08,NB-1056,0.0,0.0,11,308.4
2025-12-15,NB-1056,420.0,313.0,11,308.4
2025-12-22,NB-1056,145.0,0.0,11,308.4
2025-12-29,NB-1056,128.0,0.0,11,308.4
2024-01-01,NB-1057,206.0,0.0,11,432.1
2024-01-08,NB-1057,382.0,474.0,11,432.1
2024-01-15,NB-1057,123.0,0.0,11,432.1
2024-01-22,NB-1057,0.0,0.0,11,432.1
2024-01-29,NB-1057,0.0,544.0,11,432.1
2024-02-05,NB-1057,0.0,0.0,11,432.1
2024-02-12,NB-1057,0.0,0.0,11,432.1
2024-02-19,NB-1057,0.0,0.0,11,432.1
2024-02-26,NB-1057,0.0,511.0,11,432.1
2024-03-04,NB-1057,0.0,527.0,11,432.1
2024-03-11,NB-1057,451.0,451.0,11,432.1
2024-03-18,NB-1057,862.0,0.0,11,432.1
2024-03-25,NB-1057,590.0,0.0,11,432.1
2024-04-01,NB-1057,915.0,0.0,11,432.1
2024-04-08,NB-1057,664.0,0.0,11,432.1
2024-04-15,NB-1057,445.0,0.0,11,432.1
2024-04-22,NB-1057,701.0,0.0,11,432.1
2024-04-29,NB-1057,460.0,0.0,11,432.1
2024-05-06,NB-1057,235.0,0.0,11,432.1
2024-05-13,NB-1057,4.0,592.0,11,432.1
2024-05-20,NB-1057,0.0,503.0,11,432.1
2024-05-27,NB-1057,0.0,0.0,11,432.1
2024-06-03,NB-1057,0.0,0.0,11,432.1
2024-06-10,NB-1057,0.0,0.0,11,432.1
2024-06-17,NB-1057,0.0,0.0,11,432.1
2024-06-24,NB-1057,0.0,425.0,11,432.1
2024-07-01,NB-1057,0.0,0.0,11,432.1
2024-07-08,NB-1057,0.0,454.0,11,432.1
2024-07-15,NB-1057,0.0,0.0,11,432.1
2024-07-22,NB-1057,0.0,0.0,11,432.1
2024-07-29,NB-1057,0.0,0.0,11,432.1
2024-08-05,NB-1057,417.0,0.0,11,432.1
2024-08-12,NB-1057,121.0,0.0,11,432.1
2024-08-19,NB-1057,0.0,0.0,11,432.1
2024-08-26,NB-1057,0.0,0.0,11,432.1
2024-09-02,NB-1057,0.0,0.0,11,432.1
2024-09-09,NB-1057,0.0,0.0,11,432.1
2024-09-16,NB-1057,484.0,0.0,11,432.1
2024-09-23,NB-1057,650.0,0.0,11,432.1
2024-09-30,NB-1057,878.0,0.0,11,432.1
2024-10-07,NB-1057,619.0,0.0,11,432.1
2024-10-14,NB-1057,898.0,0.0,11,432.1
2024-10-21,NB-1057,576.0,0.0,11,432.1
2024-10-28,NB-1057,850.0,0.0,11,432.1
2024-11-04,NB-1057,521.0,0.0,11,432.1
2024-11-11,NB-1057,264.0,0.0,11,432.1
2024-11-18,NB-1057,3.0,564.0,11,432.1
2024-11-25,NB-1057,467.0,0.0,11,432.1
2024-12-02,NB-1057,109.0,649.0,11,432.1
2024-12-09,NB-1057,442.0,0.0,11,432.1
2024-12-16,NB-1057,583.0,406.0,11,432.1
2024-12-23,NB-1057,259.0,0.0,11,432.1
2024-12-30,NB-1057,424.0,0.0,11,432.1
2025-01-06,NB-1057,784.0,0.0,11,432.1
2025-01-13,NB-1057,442.0,0.0,11,432.1
2025-01-20,NB-1057,70.0,434.0,11,432.1
2025-01-27,NB-1057,484.0,0.0,11,432.1
2025-02-03,NB-1057,64.0,0.0,11,432.1
2025-02-10,NB-1057,0.0,0.0,11,432.1
2025-02-17,NB-1057,784.0,0.0,11,432.1
2025-02-24,NB-1057,456.0,0.0,11,432.1
2025-03-03,NB-1057,551.0,0.0,11,432.1
2025-03-10,NB-1057,242.0,0.0,11,432.1
2025-03-17,NB-1057,0.0,0.0,11,432.1
2025-03-24,NB-1057,587.0,587.0,11,432.1
2025-03-31,NB-1057,28.0,0.0,11,432.1
2025-04-07,NB-1057,0.0,0.0,11,432.1
2025-04-14,NB-1057,0.0,413.0,11,432.1
2025-04-21,NB-1057,0.0,0.0,11,432.1
2025-04-28,NB-1057,0.0,0.0,11,432.1
2025-05-05,NB-1057,764.0,0.0,11,432.1
2025-05-12,NB-1057,370.0,0.0,11,432.1
2025-05-19,NB-1057,438.0,0.0,11,432.1
2025-05-26,NB-1057,126.0,0.0,11,432.1
2025-06-02,NB-1057,0.0,0.0,11,432.1
2025-06-09,NB-1057,0.0,0.0,11,432.1
2025-06-16,NB-1057,0.0,0.0,11,432.1
2025-06-23,NB-1057,781.0,0.0,11,432.1
2025-06-30,NB-1057,489.0,0.0,11,432.1
2025-07-07,NB-1057,140.0,465.0,11,432.1
2025-07-14,NB-1057,0.0,611.0,11,432.1
2025-07-21,NB-1057,332.0,0.0,11,432.1
2025-07-28,NB-1057,17.0,0.0,11,432.1
2025-08-04,NB-1057,0.0,558.0,11,432.1
2025-08-11,NB-1057,0.0,506.0,11,432.1
2025-08-18,NB-1057,275.0,0.0,11,432.1
2025-08-25,NB-1057,401.0,0.0,11,432.1
2025-09-01,NB-1057,46.0,0.0,11,432.1
2025-09-08,NB-1057,0.0,0.0,11,432.1
2025-09-15,NB-1057,225.0,0.0,11,432.1
2025-09-22,NB-1057,0.0,643.0,11,432.1
2025-09-29,NB-1057,0.0,0.0,11,432.1
2025-10-06,NB-1057,439.0,0.0,11,432.1
2025-10-13,NB-1057,0.0,0.0,11,432.1
2025-10-20,NB-1057,0.0,0.0,11,432.1
2025-10-27,NB-1057,371.0,0.0,11,432.1
2025-11-03,NB-1057,0.0,0.0,11,432.1
2025-11-10,NB-1057,0.0,0.0,11,432.1
2025-11-17,NB-1057,0.0,0.0,11,432.1
2025-11-24,NB-1057,0.0,0.0,11,432.1
2025-12-01,NB-1057,439.0,0.0,11,432.1
2025-12-08,NB-1057,0.0,532.0,11,432.1
2025-12-15,NB-1057,350.0,656.0,11,432.1
2025-12-22,NB-1057,0.0,0.0,11,432.1
2025-12-29,NB-1057,0.0,614.0,11,432.1
2024-01-01,NB-1058,194.0,0.0,17,451.8
2024-01-08,NB-1058,656.0,0.0,17,451.8
2024-01-15,NB-1058,466.0,0.0,17,451.8
2024-01-22,NB-1058,244.0,0.0,17,451.8
2024-01-29,NB-1058,532.0,532.0,17,451.8
2024-02-05,NB-1058,392.0,484.0,17,451.8
2024-02-12,NB-1058,241.0,0.0,17,451.8
2024-02-19,NB-1058,505.0,0.0,17,451.8
2024-02-26,NB-1058,262.0,0.0,17,451.8
2024-03-04,NB-1058,720.0,0.0,17,451.8
2024-03-11,NB-1058,463.0,0.0,17,451.8
2024-03-18,NB-1058,893.0,0.0,17,451.8
2024-03-25,NB-1058,674.0,0.0,17,451.8
2024-04-01,NB-1058,1043.0,618.0,17,451.8
2024-04-08,NB-1058,870.0,0.0,17,451.8
2024-04-15,NB-1058,728.0,0.0,17,451.8
2024-04-22,NB-1058,562.0,0.0,17,451.8
2024-04-29,NB-1058,380.0,0.0,17,451.8
2024-05-06,NB-1058,844.0,632.0,17,451.8
2024-05-13,NB-1058,675.0,0.0,17,451.8
2024-05-20,NB-1058,530.0,0.0,17,451.8
2024-05-27,NB-1058,934.0,572.0,17,451.8
2024-06-03,NB-1058,858.0,0.0,17,451.8
2024-06-10,NB-1058,668.0,0.0,17,451.8
2024-06-17,NB-1058,486.0,0.0,17,451.8
2024-06-24,NB-1058,344.0,0.0,17,451.8
2024-07-01,NB-1058,660.0,0.0,17,451.8
2024-07-08,NB-1058,545.0,0.0,17,451.8
2024-07-15,NB-1058,406.0,0.0,17,451.8
2024-07-22,NB-1058,839.0,0.0,17,451.8
2024-07-29,NB-1058,718.0,0.0,17,451.8
2024-08-05,NB-1058,630.0,0.0,17,451.8
2024-08-12,NB-1058,516.0,0.0,17,451.8
2024-08-19,NB-1058,390.0,0.0,17,451.8
2024-08-26,NB-1058,246.0,0.0,17,451.8
2024-09-02,NB-1058,156.0,0.0,17,451.8
2024-09-09,NB-1058,50.0,0.0,17,451.8
2024-09-16,NB-1058,0.0,0.0,17,451.8
2024-09-23,NB-1058,0.0,582.0,17,451.8
2024-09-30,NB-1058,0.0,572.0,17,451.8
2024-10-07,NB-1058,0.0,0.0,17,451.8
2024-10-14,NB-1058,1015.0,0.0,17,451.8
2024-10-21,NB-1058,870.0,0.0,17,451.8
2024-10-28,NB-1058,735.0,0.0,17,451.8
2024-11-04,NB-1058,631.0,0.0,17,451.8
2024-11-11,NB-1058,504.0,0.0,17,451.8
2024-11-18,NB-1058,274.0,514.0,17,451.8
2024-11-25,NB-1058,89.0,0.0,17,451.8
2024-12-02,NB-1058,0.0,0.0,17,451.8
2024-12-09,NB-1058,0.0,0.0,17,451.8
2024-12-16,NB-1058,0.0,0.0,17,451.8
2024-12-23,NB-1058,451.0,0.0,17,451.8
2024-12-30,NB-1058,669.0,0.0,17,451.8
2025-01-06,NB-1058,496.0,0.0,17,451.8
2025-01-13,NB-1058,736.0,0.0,17,451.8
2025-01-20,NB-1058,518.0,0.0,17,451.8
2025-01-27,NB-1058,713.0,0.0,17,451.8
2025-02-03,NB-1058,437.0,0.0,17,451.8
2025-02-10,NB-1058,226.0,0.0,17,451.8
2025-02-17,NB-1058,446.0,0.0,17,451.8
2025-02-24,NB-1058,764.0,0.0,17,451.8
2025-03-03,NB-1058,361.0,509.0,17,451.8
2025-03-10,NB-1058,742.0,0.0,17,451.8
2025-03-17,NB-1058,492.0,0.0,17,451.8
2025-03-24,NB-1058,164.0,0.0,17,451.8
2025-03-31,NB-1058,0.0,427.0,17,451.8
2025-04-07,NB-1058,0.0,470.0,17,451.8
2025-04-14,NB-1058,0.0,560.0,17,451.8
2025-04-21,NB-1058,0.0,0.0,17,451.8
2025-04-28,NB-1058,603.0,603.0,17,451.8
2025-05-05,NB-1058,848.0,0.0,17,451.8
2025-05-12,NB-1058,473.0,0.0,17,451.8
2025-05-19,NB-1058,151.0,582.0,17,451.8
2025-05-26,NB-1058,0.0,0.0,17,451.8
2025-06-02,NB-1058,0.0,675.0,17,451.8
2025-06-09,NB-1058,0.0,0.0,17,451.8
2025-06-16,NB-1058,0.0,0.0,17,451.8
2025-06-23,NB-1058,0.0,0.0,17,451.8
2025-06-30,NB-1058,0.0,0.0,17,451.8
2025-07-07,NB-1058,1087.0,662.0,17,451.8
2025-07-14,NB-1058,949.0,0.0,17,451.8
2025-07-21,NB-1058,765.0,0.0,17,451.8
2025-07-28,NB-1058,561.0,0.0,17,451.8
2025-08-04,NB-1058,395.0,0.0,17,451.8
2025-08-11,NB-1058,251.0,0.0,17,451.8
2025-08-18,NB-1058,169.0,0.0,17,451.8
2025-08-25,NB-1058,66.0,497.0,17,451.8
2025-09-01,NB-1058,633.0,633.0,17,451.8
2025-09-08,NB-1058,438.0,0.0,17,451.8
2025-09-15,NB-1058,712.0,0.0,17,451.8
2025-09-22,NB-1058,567.0,0.0,17,451.8
2025-09-29,NB-1058,430.0,674.0,17,451.8
2025-10-06,NB-1058,738.0,0.0,17,451.8
2025-10-13,NB-1058,569.0,0.0,17,451.8
2025-10-20,NB-1058,292.0,0.0,17,451.8
2025-10-27,NB-1058,84.0,562.0,17,451.8
2025-11-03,NB-1058,380.0,0.0,17,451.8
2025-11-10,NB-1058,708.0,0.0,17,451.8
2025-11-17,NB-1058,398.0,0.0,17,451.8
2025-11-24,NB-1058,764.0,0.0,17,451.8
2025-12-01,NB-1058,552.0,0.0,17,451.8
2025-12-08,NB-1058,892.0,0.0,17,451.8
2025-12-15,NB-1058,646.0,0.0,17,451.8
2025-12-22,NB-1058,378.0,422.0,17,451.8
2025-12-29,NB-1058,43.0,0.0,17,451.8
2024-01-01,NB-1059,309.0,0.0,5,230.6
2024-01-08,NB-1059,346.0,0.0,5,230.6
2024-01-15,NB-1059,81.0,0.0,5,230.6
2024-01-22,NB-1059,0.0,0.0,5,230.6
2024-01-29,NB-1059,0.0,0.0,5,230.6
2024-02-05,NB-1059,0.0,0.0,5,230.6
2024-02-12,NB-1059,0.0,340.0,5,230.6
2024-02-19,NB-1059,0.0,226.0,5,230.6
2024-02-26,NB-1059,0.0,0.0,5,230.6
2024-03-04,NB-1059,408.0,0.0,5,230.6
2024-03-11,NB-1059,79.0,0.0,5,230.6
2024-03-18,NB-1059,266.0,0.0,5,230.6
2024-03-25,NB-1059,0.0,0.0,5,230.6
2024-04-01,NB-1059,0.0,0.0,5,230.6
2024-04-08,NB-1059,107.0,0.0,5,230.6
2024-04-15,NB-1059,0.0,298.0,5,230.6
2024-04-22,NB-1059,0.0,0.0,5,230.6
2024-04-29,NB-1059,97.0,0.0,5,230.6
2024-05-06,NB-1059,0.0,0.0,5,230.6
2024-05-13,NB-1059,29.0,323.0,5,230.6
2024-05-20,NB-1059,0.0,0.0,5,230.6
2024-05-27,NB-1059,0.0,0.0,5,230.6
2024-06-03,NB-1059,0.0,270.0,5,230.6
2024-06-10,NB-1059,0.0,342.0,5,230.6
2024-06-17,NB-1059,0.0,0.0,5,230.6
2024-06-24,NB-1059,61.0,0.0,5,230.6
2024-07-01,NB-1059,345.0,345.0,5,230.6
2024-07-08,NB-1059,118.0,0.0,5,230.6
2024-07-15,NB-1059,0.0,325.0,5,230.6
2024-07-22,NB-1059,0.0,0.0,5,230.6
2024-07-29,NB-1059,0.0,0.0,5,230.6
2024-08-05,NB-1059,161.0,0.0,5,230.6
2024-08-12,NB-1059,0.0,0.0,5,230.6
2024-08-19,NB-1059,452.0,0.0,5,230.6
2024-08-26,NB-1059,93.0,0.0,5,230.6
2024-09-02,NB-1059,137.0,352.0,5,230.6
2024-09-09,NB-1059,0.0,0.0,5,230.6
2024-09-16,NB-1059,248.0,248.0,5,230.6
2024-09-23,NB-1059,324.0,0.0,5,230.6
2024-09-30,NB-1059,332.0,0.0,5,230.6
2024-10-07,NB-1059,56.0,0.0,5,230.6
2024-10-14,NB-1059,0.0,0.0,5,230.6
2024-10-21,NB-1059,0.0,0.0,5,230.6
2024-10-28,NB-1059,0.0,0.0,5,230.6
2024-11-04,NB-1059,0.0,0.0,5,230.6
2024-11-11,NB-1059,430.0,290.0,5,230.6
2024-11-18,NB-1059,465.0,0.0,5,230.6
2024-11-25,NB-1059,202.0,260.0,5,230.6
2024-12-02,NB-1059,0.0,350.0,5,230.6
2024-12-09,NB-1059,298.0,0.0,5,230.6
2024-12-16,NB-1059,243.0,0.0,5,230.6
2024-12-23,NB-1059,0.0,0.0,5,230.6
2024-12-30,NB-1059,141.0,0.0,5,230.6
2025-01-06,NB-1059,201.0,0.0,5,230.6
2025-01-13,NB-1059,0.0,232.0,5,230.6
2025-01-20,NB-1059,250.0,0.0,5,230.6
2025-01-27,NB-1059,0.0,0.0,5,230.6
2025-02-03,NB-1059,0.0,0.0,5,230.6
2025-02-10,NB-1059,167.0,230.0,5,230.6
2025-02-17,NB-1059,0.0,0.0,5,230.6
2025-02-24,NB-1059,0.0,0.0,5,230.6
2025-03-03,NB-1059,0.0,0.0,5,230.6
2025-03-10,NB-1059,0.0,0.0,5,230.6
2025-03-17,NB-1059,0.0,246.0,5,230.6
2025-03-24,NB-1059,63.0,262.0,5,230.6
2025-03-31,NB-1059,0.0,240.0,5,230.6
2025-04-07,NB-1059,0.0,255.0,5,230.6
2025-04-14,NB-1059,0.0,0.0,5,230.6
2025-04-21,NB-1059,0.0,0.0,5,230.6
2025-04-28,NB-1059,443.0,0.0,5,230.6
2025-05-05,NB-1059,160.0,305.0,5,230.6
2025-05-12,NB-1059,0.0,0.0,5,230.6
2025-05-19,NB-1059,88.0,0.0,5,230.6
2025-05-26,NB-1059,0.0,256.0,5,230.6
2025-06-02,NB-1059,203.0,286.0,5,230.6
2025-06-09,NB-1059,0.0,0.0,5,230.6
2025-06-16,NB-1059,0.0,322.0,5,230.6
2025-06-23,NB-1059,0.0,0.0,5,230.6
2025-06-30,NB-1059,0.0,0.0,5,230.6
2025-07-07,NB-1059,0.0,0.0,5,230.6
2025-07-14,NB-1059,0.0,0.0,5,230.6
2025-07-21,NB-1059,0.0,0.0,5,230.6
2025-07-28,NB-1059,0.0,0.0,5,230.6
2025-08-04,NB-1059,229.0,0.0,5,230.6
2025-08-11,NB-1059,562.0,336.0,5,230.6
2025-08-18,NB-1059,179.0,346.0,5,230.6
2025-08-25,NB-1059,0.0,0.0,5,230.6
2025-09-01,NB-1059,311.0,0.0,5,230.6
2025-09-08,NB-1059,10.0,0.0,5,230.6
2025-09-15,NB-1059,0.0,0.0,5,230.6
2025-09-22,NB-1059,193.0,0.0,5,230.6
2025-09-29,NB-1059,0.0,0.0,5,230.6
2025-10-06,NB-1059,0.0,0.0,5,230.6
2025-10-13,NB-1059,0.0,0.0,5,230.6
2025-10-20,NB-1059,229.0,229.0,5,230.6
2025-10-27,NB-1059,205.0,0.0,5,230.6
2025-11-03,NB-1059,0.0,336.0,5,230.6
2025-11-10,NB-1059,0.0,0.0,5,230.6
2025-11-17,NB-1059,0.0,0.0,5,230.6
2025-11-24,NB-1059,0.0,0.0,5,230.6
2025-12-01,NB-1059,0.0,0.0,5,230.6
2025-12-08,NB-1059,0.0,243.0,5,230.6
2025-12-15,NB-1059,0.0,0.0,5,230.6
2025-12-22,NB-1059,0.0,0.0,5,230.6
2025-12-29,NB-1059,0.0,0.0,5,230.6
2024-01-01,NB-1060,573.0,450.0,13,321.7
2024-01-08,NB-1060,398.0,0.0,13,321.7
2024-01-15,NB-1060,229.0,0.0,13,321.7
2024-01-22,NB-1060,472.0,0.0,13,321.7
2024-01-29,NB-1060,259.0,0.0,13,321.7
2024-02-05,NB-1060,59.0,0.0,13,321.7
2024-02-12,NB-1060,0.0,0.0,13,321.7
2024-02-19,NB-1060,320.0,0.0,13,321.7
2024-02-26,NB-1060,130.0,0.0,13,321.7
2024-03-04,NB-1060,0.0,0.0,13,321.7
2024-03-11,NB-1060,0.0,0.0,13,321.7
2024-03-18,NB-1060,0.0,0.0,13,321.7
2024-03-25,NB-1060,0.0,0.0,13,321.7
2024-04-01,NB-1060,0.0,439.0,13,321.7
2024-04-08,NB-1060,0.0,459.0,13,321.7
2024-04-15,NB-1060,405.0,0.0,13,321.7
2024-04-22,NB-1060,611.0,0.0,13,321.7
2024-04-29,NB-1060,452.0,0.0,13,321.7
2024-05-06,NB-1060,325.0,0.0,13,321.7
2024-05-13,NB-1060,219.0,0.0,13,321.7
2024-05-20,NB-1060,85.0,479.0,13,321.7
2024-05-27,NB-1060,251.0,0.0,13,321.7
2024-06-03,NB-1060,636.0,0.0,13,321.7
2024-06-10,NB-1060,520.0,0.0,13,321.7
2024-06-17,NB-1060,379.0,0.0,13,321.7
2024-06-24,NB-1060,273.0,0.0,13,321.7
2024-07-01,NB-1060,515.0,0.0,13,321.7
2024-07-08,NB-1060,423.0,0.0,13,321.7
2024-07-15,NB-1060,346.0,0.0,13,321.7
2024-07-22,NB-1060,264.0,0.0,13,321.7
2024-07-29,NB-1060,195.0,365.0,13,321.7
2024-08-05,NB-1060,442.0,0.0,13,321.7
2024-08-12,NB-1060,377.0,0.0,13,321.7
2024-08-19,NB-1060,313.0,0.0,13,321.7
2024-08-26,NB-1060,250.0,0.0,13,321.7
2024-09-02,NB-1060,548.0,0.0,13,321.7
2024-09-09,NB-1060,455.0,0.0,13,321.7
2024-09-16,NB-1060,358.0,0.0,13,321.7
2024-09-23,NB-1060,248.0,0.0,13,321.7
2024-09-30,NB-1060,581.0,0.0,13,321.7
2024-10-07,NB-1060,441.0,0.0,13,321.7
2024-10-14,NB-1060,308.0,413.0,13,321.7
2024-10-21,NB-1060,177.0,0.0,13,321.7
2024-10-28,NB-1060,387.0,0.0,13,321.7
2024-11-04,NB-1060,541.0,0.0,13,321.7
2024-11-11,NB-1060,415.0,0.0,13,321.7
2024-11-18,NB-1060,742.0,0.0,13,321.7
2024-11-25,NB-1060,565.0,0.0,13,321.7
2024-12-02,NB-1060,398.0,0.0,13,321.7
2024-12-09,NB-1060,140.0,492.0,13,321.7
2024-12-16,NB-1060,0.0,385.0,13,321.7
2024-12-23,NB-1060,315.0,0.0,13,321.7
2024-12-30,NB-1060,490.0,0.0,13,321.7
2025-01-06,NB-1060,297.0,0.0,13,321.7
2025-01-13,NB-1060,67.0,0.0,13,321.7
2025-01-20,NB-1060,0.0,374.0,13,321.7
2025-01-27,NB-1060,0.0,0.0,13,321.7
2025-02-03,NB-1060,454.0,454.0,13,321.7
2025-02-10,NB-1060,270.0,0.0,13,321.7
2025-02-17,NB-1060,0.0,0.0,13,321.7
2025-02-24,NB-1060,182.0,346.0,13,321.7
2025-03-03,NB-1060,0.0,0.0,13,321.7
2025-03-10,NB-1060,0.0,0.0,13,321.7
2025-03-17,NB-1060,0.0,0.0,13,321.7
2025-03-24,NB-1060,0.0,0.0,13,321.7
2025-03-31,NB-1060,0.0,0.0,13,321.7
2025-04-07,NB-1060,0.0,0.0,13,321.7
2025-04-14,NB-1060,328.0,0.0,13,321.7
2025-04-21,NB-1060,143.0,464.0,13,321.7
2025-04-28,NB-1060,381.0,0.0,13,321.7
2025-05-05,NB-1060,217.0,0.0,13,321.7
2025-05-12,NB-1060,61.0,337.0,13,321.7
2025-05-19,NB-1060,308.0,462.0,13,321.7
2025-05-26,NB-1060,184.0,0.0,13,321.7
2025-06-02,NB-1060,48.0,0.0,13,321.7
2025-06-09,NB-1060,0.0,0.0,13,321.7
2025-06-16,NB-1060,299.0,480.0,13,321.7
2025-06-23,NB-1060,198.0,479.0,13,321.7
2025-06-30,NB-1060,90.0,0.0,13,321.7
2025-07-07,NB-1060,0.0,0.0,13,321.7
2025-07-14,NB-1060,0.0,0.0,13,321.7
2025-07-21,NB-1060,378.0,0.0,13,321.7
2025-07-28,NB-1060,702.0,0.0,13,321.7
2025-08-04,NB-1060,626.0,0.0,13,321.7
2025-08-11,NB-1060,520.0,0.0,13,321.7
2025-08-18,NB-1060,426.0,0.0,13,321.7
2025-08-25,NB-1060,342.0,0.0,13,321.7
2025-09-01,NB-1060,201.0,0.0,13,321.7
2025-09-08,NB-1060,54.0,0.0,13,321.7
2025-09-15,NB-1060,394.0,0.0,13,321.7
2025-09-22,NB-1060,640.0,364.0,13,321.7
2025-09-29,NB-1060,518.0,0.0,13,321.7
2025-10-06,NB-1060,381.0,0.0,13,321.7
2025-10-13,NB-1060,252.0,0.0,13,321.7
2025-10-20,NB-1060,40.0,0.0,13,321.7
2025-10-27,NB-1060,343.0,0.0,13,321.7
2025-11-03,NB-1060,193.0,309.0,13,321.7
2025-11-10,NB-1060,19.0,0.0,13,321.7
2025-11-17,NB-1060,0.0,0.0,13,321.7
2025-11-24,NB-1060,0.0,336.0,13,321.7
2025-12-01,NB-1060,0.0,0.0,13,321.7
2025-12-08,NB-1060,0.0,310.0,13,321.7
2025-12-15,NB-1060,0.0,0.0,13,321.7
2025-12-22,NB-1060,0.0,0.0,13,321.7
2025-12-29,NB-1060,249.0,0.0,13,321.7
2024-01-01,NB-1061,279.0,0.0,10,149.4
2024-01-08,NB-1061,192.0,0.0,10,149.4
2024-01-15,NB-1061,315.0,0.0,10,149.4
2024-01-22,NB-1061,249.0,0.0,10,149.4
2024-01-29,NB-1061,155.0,0.0,10,149.4
2024-02-05,NB-1061,70.0,0.0,10,149.4
2024-02-12,NB-1061,214.0,0.0,10,149.4
2024-02-19,NB-1061,137.0,0.0,10,149.4
2024-02-26,NB-1061,34.0,0.0,10,149.4
2024-03-04,NB-1061,165.0,0.0,10,149.4
2024-03-11,NB-1061,277.0,0.0,10,149.4
2024-03-18,NB-1061,210.0,0.0,10,149.4
2024-03-25,NB-1061,141.0,152.0,10,149.4
2024-04-01,NB-1061,55.0,211.0,10,149.4
2024-04-08,NB-1061,0.0,0.0,10,149.4
2024-04-15,NB-1061,194.0,194.0,10,149.4
2024-04-22,NB-1061,84.0,0.0,10,149.4
2024-04-29,NB-1061,0.0,0.0,10,149.4
2024-05-06,NB-1061,0.0,0.0,10,149.4
2024-05-13,NB-1061,166.0,0.0,10,149.4
2024-05-20,NB-1061,88.0,171.0,10,149.4
2024-05-27,NB-1061,19.0,206.0,10,149.4
2024-06-03,NB-1061,0.0,0.0,10,149.4
2024-06-10,NB-1061,148.0,0.0,10,149.4
2024-06-17,NB-1061,38.0,0.0,10,149.4
2024-06-24,NB-1061,0.0,0.0,10,149.4
2024-07-01,NB-1061,0.0,0.0,10,149.4
2024-07-08,NB-1061,0.0,0.0,10,149.4
2024-07-15,NB-1061,0.0,0.0,10,149.4
2024-07-22,NB-1061,0.0,0.0,10,149.4
2024-07-29,NB-1061,0.0,170.0,10,149.4
2024-08-05,NB-1061,0.0,175.0,10,149.4
2024-08-12,NB-1061,100.0,0.0,10,149.4
2024-08-19,NB-1061,215.0,0.0,10,149.4
2024-08-26,NB-1061,136.0,0.0,10,149.4
2024-09-02,NB-1061,45.0,0.0,10,149.4
2024-09-09,NB-1061,0.0,0.0,10,149.4
2024-09-16,NB-1061,0.0,0.0,10,149.4
2024-09-23,NB-1061,0.0,0.0,10,149.4
2024-09-30,NB-1061,148.0,0.0,10,149.4
2024-10-07,NB-1061,271.0,0.0,10,149.4
2024-10-14,NB-1061,179.0,0.0,10,149.4
2024-10-21,NB-1061,96.0,0.0,10,149.4
2024-10-28,NB-1061,0.0,0.0,10,149.4
2024-11-04,NB-1061,0.0,0.0,10,149.4
2024-11-11,NB-1061,0.0,0.0,10,149.4
2024-11-18,NB-1061,0.0,0.0,10,149.4
2024-11-25,NB-1061,0.0,0.0,10,149.4
2024-12-02,NB-1061,0.0,0.0,10,149.4
2024-12-09,NB-1061,161.0,0.0,10,149.4
2024-12-16,NB-1061,88.0,0.0,10,149.4
2024-12-23,NB-1061,158.0,0.0,10,149.4
2024-12-30,NB-1061,248.0,0.0,10,149.4
2025-01-06,NB-1061,135.0,0.0,10,149.4
2025-01-13,NB-1061,18.0,0.0,10,149.4
2025-01-20,NB-1061,0.0,0.0,10,149.4
2025-01-27,NB-1061,328.0,184.0,10,149.4
2025-02-03,NB-1061,235.0,0.0,10,149.4
2025-02-10,NB-1061,157.0,0.0,10,149.4
2025-02-17,NB-1061,59.0,0.0,10,149.4
2025-02-24,NB-1061,157.0,0.0,10,149.4
2025-03-03,NB-1061,22.0,0.0,10,149.4
2025-03-10,NB-1061,0.0,0.0,10,149.4
2025-03-17,NB-1061,0.0,0.0,10,149.4
2025-03-24,NB-1061,99.0,0.0,10,149.4
2025-03-31,NB-1061,105.0,0.0,10,149.4
2025-04-07,NB-1061,204.0,0.0,10,149.4
2025-04-14,NB-1061,92.0,0.0,10,149.4
2025-04-21,NB-1061,162.0,0.0,10,149.4
2025-04-28,NB-1061,261.0,0.0,10,149.4
2025-05-05,NB-1061,192.0,0.0,10,149.4
2025-05-12,NB-1061,281.0,0.0,10,149.4
2025-05-19,NB-1061,145.0,0.0,10,149.4
2025-05-26,NB-1061,38.0,0.0,10,149.4
2025-06-02,NB-1061,186.0,186.0,10,149.4
2025-06-09,NB-1061,241.0,146.0,10,149.4
2025-06-16,NB-1061,152.0,0.0,10,149.4
2025-06-23,NB-1061,248.0,181.0,10,149.4
2025-06-30,NB-1061,157.0,0.0,10,149.4
2025-07-07,NB-1061,234.0,0.0,10,149.4
2025-07-14,NB-1061,153.0,0.0,10,149.4
2025-07-21,NB-1061,53.0,0.0,10,149.4
2025-07-28,NB-1061,0.0,0.0,10,149.4
2025-08-04,NB-1061,0.0,160.0,10,149.4
2025-08-11,NB-1061,161.0,0.0,10,149.4
2025-08-18,NB-1061,280.0,0.0,10,149.4
2025-08-25,NB-1061,185.0,0.0,10,149.4
2025-09-01,NB-1061,70.0,0.0,10,149.4
2025-09-08,NB-1061,0.0,0.0,10,149.4
2025-09-15,NB-1061,0.0,209.0,10,149.4
2025-09-22,NB-1061,136.0,175.0,10,149.4
2025-09-29,NB-1061,17.0,0.0,10,149.4
2025-10-06,NB-1061,150.0,0.0,10,149.4
2025-10-13,NB-1061,275.0,221.0,10,149.4
2025-10-20,NB-1061,124.0,0.0,10,149.4
2025-10-27,NB-1061,25.0,202.0,10,149.4
2025-11-03,NB-1061,0.0,0.0,10,149.4
2025-11-10,NB-1061,161.0,0.0,10,149.4
2025-11-17,NB-1061,16.0,0.0,10,149.4
2025-11-24,NB-1061,0.0,0.0,10,149.4
2025-12-01,NB-1061,86.0,0.0,10,149.4
2025-12-08,NB-1061,0.0,175.0,10,149.4
2025-12-15,NB-1061,268.0,200.0,10,149.4
2025-12-22,NB-1061,122.0,0.0,10,149.4
2025-12-29,NB-1061,0.0,0.0,10,149.4
2024-01-01,NB-1062,102.0,346.0,16,370.5
2024-01-08,NB-1062,0.0,500.0,16,370.5
2024-01-15,NB-1062,785.0,0.0,16,370.5
2024-01-22,NB-1062,591.0,0.0,16,370.5
2024-01-29,NB-1062,439.0,0.0,16,370.5
2024-02-05,NB-1062,812.0,0.0,16,370.5
2024-02-12,NB-1062,678.0,0.0,16,370.5
2024-02-19,NB-1062,531.0,0.0,16,370.5
2024-02-26,NB-1062,387.0,0.0,16,370.5
2024-03-04,NB-1062,288.0,0.0,16,370.5
2024-03-11,NB-1062,171.0,531.0,16,370.5
2024-03-18,NB-1062,53.0,506.0,16,370.5
2024-03-25,NB-1062,0.0,0.0,16,370.5
2024-04-01,NB-1062,0.0,0.0,16,370.5
2024-04-08,NB-1062,466.0,0.0,16,370.5
2024-04-15,NB-1062,372.0,0.0,16,370.5
2024-04-22,NB-1062,283.0,453.0,16,370.5
2024-04-29,NB-1062,747.0,0.0,16,370.5
2024-05-06,NB-1062,647.0,0.0,16,370.5
2024-05-13,NB-1062,572.0,0.0,16,370.5
2024-05-20,NB-1062,504.0,0.0,16,370.5
2024-05-27,NB-1062,432.0,0.0,16,370.5
2024-06-03,NB-1062,362.0,0.0,16,370.5
2024-06-10,NB-1062,294.0,0.0,16,370.5
2024-06-17,NB-1062,222.0,0.0,16,370.5
2024-06-24,NB-1062,671.0,0.0,16,370.5
2024-07-01,NB-1062,591.0,0.0,16,370.5
2024-07-08,NB-1062,518.0,0.0,16,370.5
2024-07-15,NB-1062,416.0,0.0,16,370.5
2024-07-22,NB-1062,322.0,0.0,16,370.5
2024-07-29,NB-1062,273.0,0.0,16,370.5
2024-08-05,NB-1062,749.0,0.0,16,370.5
2024-08-12,NB-1062,676.0,0.0,16,370.5
2024-08-19,NB-1062,548.0,0.0,16,370.5
2024-08-26,NB-1062,432.0,0.0,16,370.5
2024-09-02,NB-1062,761.0,470.0,16,370.5
2024-09-09,NB-1062,668.0,0.0,16,370.5
2024-09-16,NB-1062,516.0,0.0,16,370.5
2024-09-23,NB-1062,387.0,0.0,16,370.5
2024-09-30,NB-1062,241.0,444.0,16,370.5
2024-10-07,NB-1062,81.0,0.0,16,370.5
2024-10-14,NB-1062,0.0,432.0,16,370.5
2024-10-21,NB-1062,0.0,0.0,16,370.5
2024-10-28,NB-1062,0.0,0.0,16,370.5
2024-11-04,NB-1062,0.0,0.0,16,370.5
2024-11-11,NB-1062,296.0,398.0,16,370.5
2024-11-18,NB-1062,104.0,0.0,16,370.5
2024-11-25,NB-1062,379.0,0.0,16,370.5
2024-12-02,NB-1062,532.0,0.0,16,370.5
2024-12-09,NB-1062,363.0,396.0,16,370.5
2024-12-16,NB-1062,155.0,0.0,16,370.5
2024-12-23,NB-1062,0.0,0.0,16,370.5
2024-12-30,NB-1062,0.0,0.0,16,370.5
2025-01-06,NB-1062,0.0,397.0,16,370.5
2025-01-13,NB-1062,456.0,456.0,16,370.5
2025-01-20,NB-1062,246.0,468.0,16,370.5
2025-01-27,NB-1062,70.0,0.0,16,370.5
2025-02-03,NB-1062,0.0,565.0,16,370.5
2025-02-10,NB-1062,0.0,0.0,16,370.5
2025-02-17,NB-1062,0.0,0.0,16,370.5
2025-02-24,NB-1062,0.0,533.0,16,370.5
2025-03-03,NB-1062,0.0,0.0,16,370.5
2025-03-10,NB-1062,493.0,0.0,16,370.5
2025-03-17,NB-1062,391.0,0.0,16,370.5
2025-03-24,NB-1062,287.0,516.0,16,370.5
2025-03-31,NB-1062,675.0,531.0,16,370.5
2025-04-07,NB-1062,568.0,0.0,16,370.5
2025-04-14,NB-1062,495.0,0.0,16,370.5
2025-04-21,NB-1062,422.0,0.0,16,370.5
2025-04-28,NB-1062,327.0,0.0,16,370.5
2025-05-05,NB-1062,252.0,0.0,16,370.5
2025-05-12,NB-1062,536.0,0.0,16,370.5
2025-05-19,NB-1062,447.0,0.0,16,370.5
2025-05-26,NB-1062,388.0,0.0,16,370.5
2025-06-02,NB-1062,324.0,527.0,16,370.5
2025-06-09,NB-1062,263.0,0.0,16,370.5
2025-06-16,NB-1062,781.0,0.0,16,370.5
2025-06-23,NB-1062,701.0,0.0,16,370.5
2025-06-30,NB-1062,626.0,0.0,16,370.5
2025-07-07,NB-1062,559.0,0.0,16,370.5
2025-07-14,NB-1062,473.0,0.0,16,370.5
2025-07-21,NB-1062,397.0,0.0,16,370.5
2025-07-28,NB-1062,271.0,447.0,16,370.5
2025-08-04,NB-1062,493.0,0.0,16,370.5
2025-08-11,NB-1062,337.0,444.0,16,370.5
2025-08-18,NB-1062,205.0,406.0,16,370.5
2025-08-25,NB-1062,26.0,0.0,16,370.5
2025-09-01,NB-1062,0.0,0.0,16,370.5
2025-09-08,NB-1062,0.0,0.0,16,370.5
2025-09-15,NB-1062,326.0,412.0,16,370.5
2025-09-22,NB-1062,541.0,0.0,16,370.5
2025-09-29,NB-1062,363.0,343.0,16,370.5
2025-10-06,NB-1062,622.0,0.0,16,370.5
2025-10-13,NB-1062,449.0,0.0,16,370.5
2025-10-20,NB-1062,230.0,0.0,16,370.5
2025-10-27,NB-1062,68.0,0.0,16,370.5
2025-11-03,NB-1062,0.0,524.0,16,370.5
2025-11-10,NB-1062,0.0,0.0,16,370.5
2025-11-17,NB-1062,0.0,0.0,16,370.5
2025-11-24,NB-1062,0.0,353.0,16,370.5
2025-12-01,NB-1062,0.0,507.0,16,370.5
2025-12-08,NB-1062,0.0,0.0,16,370.5
2025-12-15,NB-1062,325.0,0.0,16,370.5
2025-12-22,NB-1062,73.0,399.0,16,370.5
2025-12-29,NB-1062,0.0,0.0,16,370.5
2024-01-01,NB-1063,275.0,0.0,12,604.3
2024-01-08,NB-1063,0.0,0.0,12,604.3
2024-01-15,NB-1063,438.0,600.0,12,604.3
2024-01-22,NB-1063,94.0,0.0,12,604.3
2024-01-29,NB-1063,712.0,0.0,12,604.3
2024-02-05,NB-1063,221.0,0.0,12,604.3
2024-02-12,NB-1063,656.0,0.0,12,604.3
2024-02-19,NB-1063,946.0,675.0,12,604.3
2024-02-26,NB-1063,503.0,0.0,12,604.3
2024-03-04,NB-1063,146.0,0.0,12,604.3
2024-03-11,NB-1063,0.0,0.0,12,604.3
2024-03-18,NB-1063,0.0,0.0,12,604.3
2024-03-25,NB-1063,0.0,0.0,12,604.3
2024-04-01,NB-1063,0.0,870.0,12,604.3
2024-04-08,NB-1063,841.0,841.0,12,604.3
2024-04-15,NB-1063,477.0,0.0,12,604.3
2024-04-22,NB-1063,141.0,0.0,12,604.3
2024-04-29,NB-1063,0.0,0.0,12,604.3
2024-05-06,NB-1063,0.0,0.0,12,604.3
2024-05-13,NB-1063,0.0,0.0,12,604.3
2024-05-20,NB-1063,410.0,0.0,12,604.3
2024-05-27,NB-1063,61.0,0.0,12,604.3
2024-06-03,NB-1063,0.0,0.0,12,604.3
2024-06-10,NB-1063,621.0,0.0,12,604.3
2024-06-17,NB-1063,1284.0,0.0,12,604.3
2024-06-24,NB-1063,1076.0,0.0,12,604.3
2024-07-01,NB-1063,908.0,0.0,12,604.3
2024-07-08,NB-1063,706.0,0.0,12,604.3
2024-07-15,NB-1063,528.0,732.0,12,604.3
2024-07-22,NB-1063,1267.0,0.0,12,604.3
2024-07-29,NB-1063,1064.0,0.0,12,604.3
2024-08-05,NB-1063,872.0,0.0,12,604.3
2024-08-12,NB-1063,727.0,0.0,12,604.3
2024-08-19,NB-1063,569.0,0.0,12,604.3
2024-08-26,NB-1063,381.0,0.0,12,604.3
2024-09-02,NB-1063,178.0,0.0,12,604.3
2024-09-09,NB-1063,743.0,0.0,12,604.3
2024-09-16,NB-1063,564.0,662.0,12,604.3
2024-09-23,NB-1063,1140.0,0.0,12,604.3
2024-09-30,NB-1063,877.0,0.0,12,604.3
2024-10-07,NB-1063,727.0,0.0,12,604.3
2024-10-14,NB-1063,481.0,0.0,12,604.3
2024-10-21,NB-1063,217.0,0.0,12,604.3
2024-10-28,NB-1063,0.0,0.0,12,604.3
2024-11-04,NB-1063,613.0,0.0,12,604.3
2024-11-11,NB-1063,288.0,834.0,12,604.3
2024-11-18,NB-1063,1.0,0.0,12,604.3
2024-11-25,NB-1063,0.0,0.0,12,604.3
2024-12-02,NB-1063,0.0,0.0,12,604.3
2024-12-09,NB-1063,0.0,0.0,12,604.3
2024-12-16,NB-1063,999.0,643.0,12,604.3
2024-12-23,NB-1063,543.0,0.0,12,604.3
2024-12-30,NB-1063,777.0,0.0,12,604.3
2025-01-06,NB-1063,345.0,0.0,12,604.3
2025-01-13,NB-1063,7.0,0.0,12,604.3
2025-01-20,NB-1063,0.0,841.0,12,604.3
2025-01-27,NB-1063,225.0,0.0,12,604.3
2025-02-03,NB-1063,0.0,0.0,12,604.3
2025-02-10,NB-1063,63.0,0.0,12,604.3
2025-02-17,NB-1063,866.0,0.0,12,604.3
2025-02-24,NB-1063,1335.0,0.0,12,604.3
2025-03-03,NB-1063,752.0,0.0,12,604.3
2025-03-10,NB-1063,300.0,0.0,12,604.3
2025-03-17,NB-1063,0.0,0.0,12,604.3
2025-03-24,NB-1063,1003.0,0.0,12,604.3
2025-03-31,NB-1063,485.0,0.0,12,604.3
2025-04-07,NB-1063,75.0,0.0,12,604.3
2025-04-14,NB-1063,0.0,0.0,12,604.3
2025-04-21,NB-1063,0.0,0.0,12,604.3
2025-04-28,NB-1063,0.0,579.0,12,604.3
2025-05-05,NB-1063,0.0,0.0,12,604.3
2025-05-12,NB-1063,0.0,0.0,12,604.3
2025-05-19,NB-1063,720.0,720.0,12,604.3
2025-05-26,NB-1063,445.0,0.0,12,604.3
2025-06-02,NB-1063,980.0,0.0,12,604.3
2025-06-09,NB-1063,747.0,0.0,12,604.3
2025-06-16,NB-1063,1279.0,0.0,12,604.3
2025-06-23,NB-1063,1007.0,0.0,12,604.3
2025-06-30,NB-1063,740.0,0.0,12,604.3
2025-07-07,NB-1063,575.0,579.0,12,604.3
2025-07-14,NB-1063,387.0,694.0,12,604.3
2025-07-21,NB-1063,749.0,0.0,12,604.3
2025-07-28,NB-1063,505.0,607.0,12,604.3
2025-08-04,NB-1063,1042.0,0.0,12,604.3
2025-08-11,NB-1063,860.0,0.0,12,604.3
2025-08-18,NB-1063,700.0,0.0,12,604.3
2025-08-25,NB-1063,566.0,0.0,12,604.3
2025-09-01,NB-1063,348.0,757.0,12,604.3
2025-09-08,NB-1063,148.0,751.0,12,604.3
2025-09-15,NB-1063,0.0,0.0,12,604.3
2025-09-22,NB-1063,0.0,640.0,12,604.3
2025-09-29,NB-1063,0.0,0.0,12,604.3
2025-10-06,NB-1063,0.0,0.0,12,604.3
2025-10-13,NB-1063,763.0,0.0,12,604.3
2025-10-20,NB-1063,315.0,806.0,12,604.3
2025-10-27,NB-1063,0.0,0.0,12,604.3
2025-11-03,NB-1063,0.0,0.0,12,604.3
2025-11-10,NB-1063,761.0,761.0,12,604.3
2025-11-17,NB-1063,300.0,0.0,12,604.3
2025-11-24,NB-1063,0.0,846.0,12,604.3
2025-12-01,NB-1063,0.0,0.0,12,604.3
2025-12-08,NB-1063,0.0,0.0,12,604.3
2025-12-15,NB-1063,831.0,831.0,12,604.3
2025-12-22,NB-1063,435.0,0.0,12,604.3
2025-12-29,NB-1063,923.0,0.0,12,604.3
2024-01-01,NB-1064,184.0,0.0,16,136.9
2024-01-08,NB-1064,130.0,0.0,16,136.9
2024-01-15,NB-1064,225.0,0.0,16,136.9
2024-01-22,NB-1064,154.0,0.0,16,136.9
2024-01-29,NB-1064,298.0,0.0,16,136.9
2024-02-05,NB-1064,220.0,0.0,16,136.9
2024-02-12,NB-1064,138.0,0.0,16,136.9
2024-02-19,NB-1064,82.0,0.0,16,136.9
2024-02-26,NB-1064,161.0,129.0,16,136.9
2024-03-04,NB-1064,106.0,0.0,16,136.9
2024-03-11,NB-1064,249.0,193.0,16,136.9
2024-03-18,NB-1064,194.0,0.0,16,136.9
2024-03-25,NB-1064,131.0,0.0,16,136.9
2024-04-01,NB-1064,199.0,0.0,16,136.9
2024-04-08,NB-1064,145.0,0.0,16,136.9
2024-04-15,NB-1064,98.0,0.0,16,136.9
2024-04-22,NB-1064,170.0,131.0,16,136.9
2024-04-29,NB-1064,315.0,193.0,16,136.9
2024-05-06,NB-1064,266.0,0.0,16,136.9
2024-05-13,NB-1064,213.0,0.0,16,136.9
2024-05-20,NB-1064,165.0,0.0,16,136.9
2024-05-27,NB-1064,136.0,0.0,16,136.9
2024-06-03,NB-1064,103.0,0.0,16,136.9
2024-06-10,NB-1064,260.0,0.0,16,136.9
2024-06-17,NB-1064,214.0,0.0,16,136.9
2024-06-24,NB-1064,155.0,0.0,16,136.9
2024-07-01,NB-1064,116.0,0.0,16,136.9
2024-07-08,NB-1064,85.0,0.0,16,136.9
2024-07-15,NB-1064,38.0,0.0,16,136.9
2024-07-22,NB-1064,146.0,0.0,16,136.9
2024-07-29,NB-1064,107.0,0.0,16,136.9
2024-08-05,NB-1064,76.0,0.0,16,136.9
2024-08-12,NB-1064,36.0,0.0,16,136.9
2024-08-19,NB-1064,175.0,0.0,16,136.9
2024-08-26,NB-1064,137.0,0.0,16,136.9
2024-09-02,NB-1064,247.0,0.0,16,136.9
2024-09-09,NB-1064,222.0,0.0,16,136.9
2024-09-16,NB-1064,188.0,0.0,16,136.9
2024-09-23,NB-1064,136.0,141.0,16,136.9
2024-09-30,NB-1064,96.0,0.0,16,136.9
2024-10-07,NB-1064,263.0,0.0,16,136.9
2024-10-14,NB-1064,221.0,0.0,16,136.9
2024-10-21,NB-1064,174.0,0.0,16,136.9
2024-10-28,NB-1064,138.0,0.0,16,136.9
2024-11-04,NB-1064,102.0,0.0,16,136.9
2024-11-11,NB-1064,176.0,0.0,16,136.9
2024-11-18,NB-1064,125.0,0.0,16,136.9
2024-11-25,NB-1064,71.0,0.0,16,136.9
2024-12-02,NB-1064,6.0,0.0,16,136.9
2024-12-09,NB-1064,84.0,0.0,16,136.9
2024-12-16,NB-1064,143.0,0.0,16,136.9
2024-12-23,NB-1064,206.0,0.0,16,136.9
2024-12-30,NB-1064,164.0,0.0,16,136.9
2025-01-06,NB-1064,93.0,0.0,16,136.9
2025-01-13,NB-1064,39.0,0.0,16,136.9
2025-01-20,NB-1064,0.0,0.0,16,136.9
2025-01-27,NB-1064,0.0,0.0,16,136.9
2025-02-03,NB-1064,153.0,0.0,16,136.9
2025-02-10,NB-1064,89.0,0.0,16,136.9
2025-02-17,NB-1064,29.0,152.0,16,136.9
2025-02-24,NB-1064,0.0,180.0,16,136.9
2025-03-03,NB-1064,0.0,0.0,16,136.9
2025-03-10,NB-1064,163.0,163.0,16,136.9
2025-03-17,NB-1064,226.0,0.0,16,136.9
2025-03-24,NB-1064,158.0,0.0,16,136.9
2025-03-31,NB-1064,80.0,0.0,16,136.9
2025-04-07,NB-1064,0.0,0.0,16,136.9
2025-04-14,NB-1064,111.0,0.0,16,136.9
2025-04-21,NB-1064,80.0,0.0,16,136.9
2025-04-28,NB-1064,29.0,0.0,16,136.9
2025-05-05,NB-1064,0.0,0.0,16,136.9
2025-05-12,NB-1064,0.0,182.0,16,136.9
2025-05-19,NB-1064,146.0,0.0,16,136.9
2025-05-26,NB-1064,288.0,202.0,16,136.9
2025-06-02,NB-1064,240.0,0.0,16,136.9
2025-06-09,NB-1064,187.0,0.0,16,136.9
2025-06-16,NB-1064,127.0,0.0,16,136.9
2025-06-23,NB-1064,253.0,0.0,16,136.9
2025-06-30,NB-1064,214.0,0.0,16,136.9
2025-07-07,NB-1064,174.0,0.0,16,136.9
2025-07-14,NB-1064,147.0,0.0,16,136.9
2025-07-21,NB-1064,280.0,193.0,16,136.9
2025-07-28,NB-1064,234.0,0.0,16,136.9
2025-08-04,NB-1064,194.0,0.0,16,136.9
2025-08-11,NB-1064,146.0,0.0,16,136.9
2025-08-18,NB-1064,106.0,0.0,16,136.9
2025-08-25,NB-1064,66.0,0.0,16,136.9
2025-09-01,NB-1064,0.0,0.0,16,136.9
2025-09-08,NB-1064,0.0,0.0,16,136.9
2025-09-15,NB-1064,0.0,0.0,16,136.9
2025-09-22,NB-1064,0.0,0.0,16,136.9
2025-09-29,NB-1064,0.0,198.0,16,136.9
2025-10-06,NB-1064,0.0,0.0,16,136.9
2025-10-13,NB-1064,0.0,0.0,16,136.9
2025-10-20,NB-1064,0.0,0.0,16,136.9
2025-10-27,NB-1064,0.0,0.0,16,136.9
2025-11-03,NB-1064,132.0,0.0,16,136.9
2025-11-10,NB-1064,53.0,0.0,16,136.9
2025-11-17,NB-1064,0.0,0.0,16,136.9
2025-11-24,NB-1064,0.0,0.0,16,136.9
2025-12-01,NB-1064,0.0,0.0,16,136.9
2025-12-08,NB-1064,0.0,0.0,16,136.9
2025-12-15,NB-1064,0.0,0.0,16,136.9
2025-12-22,NB-1064,0.0,0.0,16,136.9
2025-12-29,NB-1064,118.0,151.0,16,136.9
2024-01-01,NB-1065,126.0,0.0,19,320.6
2024-01-08,NB-1065,45.0,0.0,19,320.6
2024-01-15,NB-1065,356.0,0.0,19,320.6
2024-01-22,NB-1065,610.0,0.0,19,320.6
2024-01-29,NB-1065,490.0,0.0,19,320.6
2024-02-05,NB-1065,360.0,0.0,19,320.6
2024-02-12,NB-1065,219.0,0.0,19,320.6
2024-02-19,NB-1065,92.0,454.0,19,320.6
2024-02-26,NB-1065,298.0,429.0,19,320.6
2024-03-04,NB-1065,466.0,0.0,19,320.6
2024-03-11,NB-1065,371.0,0.0,19,320.6
2024-03-18,NB-1065,629.0,384.0,19,320.6
2024-03-25,NB-1065,499.0,0.0,19,320.6
2024-04-01,NB-1065,372.0,0.0,19,320.6
2024-04-08,NB-1065,256.0,410.0,19,320.6
2024-04-15,NB-1065,108.0,0.0,19,320.6
2024-04-22,NB-1065,0.0,0.0,19,320.6
2024-04-29,NB-1065,251.0,408.0,19,320.6
2024-05-06,NB-1065,487.0,342.0,19,320.6
2024-05-13,NB-1065,370.0,0.0,19,320.6
2024-05-20,NB-1065,594.0,0.0,19,320.6
2024-05-27,NB-1065,498.0,0.0,19,320.6
2024-06-03,NB-1065,400.0,0.0,19,320.6
2024-06-10,NB-1065,307.0,0.0,19,320.6
2024-06-17,NB-1065,165.0,0.0,19,320.6
2024-06-24,NB-1065,420.0,0.0,19,320.6
2024-07-01,NB-1065,338.0,0.0,19,320.6
2024-07-08,NB-1065,706.0,443.0,19,320.6
2024-07-15,NB-1065,629.0,0.0,19,320.6
2024-07-22,NB-1065,539.0,0.0,19,320.6
2024-07-29,NB-1065,474.0,0.0,19,320.6
2024-08-05,NB-1065,389.0,0.0,19,320.6
2024-08-12,NB-1065,326.0,0.0,19,320.6
2024-08-19,NB-1065,222.0,0.0,19,320.6
2024-08-26,NB-1065,141.0,397.0,19,320.6
2024-09-02,NB-1065,453.0,0.0,19,320.6
2024-09-09,NB-1065,360.0,0.0,19,320.6
2024-09-16,NB-1065,287.0,0.0,19,320.6
2024-09-23,NB-1065,194.0,378.0,19,320.6
2024-09-30,NB-1065,515.0,0.0,19,320.6
2024-10-07,NB-1065,393.0,0.0,19,320.6
2024-10-14,NB-1065,298.0,374.0,19,320.6
2024-10-21,NB-1065,584.0,0.0,19,320.6
2024-10-28,NB-1065,490.0,0.0,19,320.6
2024-11-04,NB-1065,411.0,0.0,19,320.6
2024-11-11,NB-1065,271.0,0.0,19,320.6
2024-11-18,NB-1065,165.0,0.0,19,320.6
2024-11-25,NB-1065,18.0,297.0,19,320.6
2024-12-02,NB-1065,395.0,0.0,19,320.6
2024-12-09,NB-1065,235.0,341.0,19,320.6
2024-12-16,NB-1065,91.0,0.0,19,320.6
2024-12-23,NB-1065,0.0,0.0,19,320.6
2024-12-30,NB-1065,0.0,0.0,19,320.6
2025-01-06,NB-1065,0.0,442.0,19,320.6
2025-01-13,NB-1065,0.0,0.0,19,320.6
2025-01-20,NB-1065,0.0,0.0,19,320.6
2025-01-27,NB-1065,357.0,0.0,19,320.6
2025-02-03,NB-1065,225.0,0.0,19,320.6
2025-02-10,NB-1065,51.0,0.0,19,320.6
2025-02-17,NB-1065,0.0,0.0,19,320.6
2025-02-24,NB-1065,304.0,0.0,19,320.6
2025-03-03,NB-1065,456.0,0.0,19,320.6
2025-03-10,NB-1065,303.0,0.0,19,320.6
2025-03-17,NB-1065,118.0,0.0,19,320.6
2025-03-24,NB-1065,0.0,351.0,19,320.6
2025-03-31,NB-1065,0.0,0.0,19,320.6
2025-04-07,NB-1065,0.0,0.0,19,320.6
2025-04-14,NB-1065,0.0,0.0,19,320.6
2025-04-21,NB-1065,349.0,0.0,19,320.6
2025-04-28,NB-1065,188.0,0.0,19,320.6
2025-05-05,NB-1065,56.0,418.0,19,320.6
2025-05-12,NB-1065,0.0,0.0,19,320.6
2025-05-19,NB-1065,0.0,408.0,19,320.6
2025-05-26,NB-1065,0.0,340.0,19,320.6
2025-06-02,NB-1065,0.0,465.0,19,320.6
2025-06-09,NB-1065,401.0,0.0,19,320.6
2025-06-16,NB-1065,569.0,0.0,19,320.6
2025-06-23,NB-1065,474.0,0.0,19,320.6
2025-06-30,NB-1065,386.0,0.0,19,320.6
2025-07-07,NB-1065,249.0,0.0,19,320.6
2025-07-14,NB-1065,472.0,0.0,19,320.6
2025-07-21,NB-1065,325.0,0.0,19,320.6
2025-07-28,NB-1065,173.0,0.0,19,320.6
2025-08-04,NB-1065,429.0,0.0,19,320.6
2025-08-11,NB-1065,294.0,0.0,19,320.6
2025-08-18,NB-1065,215.0,484.0,19,320.6
2025-08-25,NB-1065,561.0,0.0,19,320.6
2025-09-01,NB-1065,419.0,0.0,19,320.6
2025-09-08,NB-1065,234.0,0.0,19,320.6
2025-09-15,NB-1065,117.0,338.0,19,320.6
2025-09-22,NB-1065,376.0,0.0,19,320.6
2025-09-29,NB-1065,251.0,0.0,19,320.6
2025-10-06,NB-1065,140.0,0.0,19,320.6
2025-10-13,NB-1065,430.0,423.0,19,320.6
2025-10-20,NB-1065,547.0,0.0,19,320.6
2025-10-27,NB-1065,394.0,0.0,19,320.6
2025-11-03,NB-1065,273.0,0.0,19,320.6
2025-11-10,NB-1065,134.0,471.0,19,320.6
2025-11-17,NB-1065,0.0,304.0,19,320.6
2025-11-24,NB-1065,0.0,0.0,19,320.6
2025-12-01,NB-1065,0.0,406.0,19,320.6
2025-12-08,NB-1065,0.0,0.0,19,320.6
2025-12-15,NB-1065,243.0,0.0,19,320.6
2025-12-22,NB-1065,426.0,0.0,19,320.6
2025-12-29,NB-1065,707.0,493.0,19,320.6
2024-01-01,NB-1066,193.0,0.0,15,337.6
2024-01-08,NB-1066,461.0,0.0,15,337.6
2024-01-15,NB-1066,323.0,333.0,15,337.6
2024-01-22,NB-1066,647.0,0.0,15,337.6
2024-01-29,NB-1066,515.0,0.0,15,337.6
2024-02-05,NB-1066,351.0,0.0,15,337.6
2024-02-12,NB-1066,207.0,0.0,15,337.6
2024-02-19,NB-1066,42.0,0.0,15,337.6
2024-02-26,NB-1066,311.0,0.0,15,337.6
2024-03-04,NB-1066,209.0,0.0,15,337.6
2024-03-11,NB-1066,103.0,0.0,15,337.6
2024-03-18,NB-1066,0.0,459.0,15,337.6
2024-03-25,NB-1066,376.0,0.0,15,337.6
2024-04-01,NB-1066,288.0,0.0,15,337.6
2024-04-08,NB-1066,177.0,0.0,15,337.6
2024-04-15,NB-1066,44.0,0.0,15,337.6
2024-04-22,NB-1066,0.0,0.0,15,337.6
2024-04-29,NB-1066,0.0,0.0,15,337.6
2024-05-06,NB-1066,0.0,0.0,15,337.6
2024-05-13,NB-1066,0.0,446.0,15,337.6
2024-05-20,NB-1066,437.0,0.0,15,337.6
2024-05-27,NB-1066,349.0,0.0,15,337.6
2024-06-03,NB-1066,260.0,0.0,15,337.6
2024-06-10,NB-1066,648.0,0.0,15,337.6
2024-06-17,NB-1066,505.0,0.0,15,337.6
2024-06-24,NB-1066,397.0,0.0,15,337.6
2024-07-01,NB-1066,323.0,0.0,15,337.6
2024-07-08,NB-1066,550.0,0.0,15,337.6
2024-07-15,NB-1066,450.0,0.0,15,337.6
2024-07-22,NB-1066,380.0,0.0,15,337.6
2024-07-29,NB-1066,287.0,413.0,15,337.6
2024-08-05,NB-1066,196.0,0.0,15,337.6
2024-08-12,NB-1066,581.0,0.0,15,337.6
2024-08-19,NB-1066,495.0,0.0,15,337.6
2024-08-26,NB-1066,402.0,0.0,15,337.6
2024-09-02,NB-1066,270.0,0.0,15,337.6
2024-09-09,NB-1066,159.0,0.0,15,337.6
2024-09-16,NB-1066,373.0,0.0,15,337.6
2024-09-23,NB-1066,602.0,0.0,15,337.6
2024-09-30,NB-1066,504.0,0.0,15,337.6
2024-10-07,NB-1066,391.0,0.0,15,337.6
2024-10-14,NB-1066,267.0,387.0,15,337.6
2024-10-21,NB-1066,614.0,0.0,15,337.6
2024-10-28,NB-1066,492.0,0.0,15,337.6
2024-11-04,NB-1066,359.0,0.0,15,337.6
2024-11-11,NB-1066,206.0,0.0,15,337.6
2024-11-18,NB-1066,397.0,0.0,15,337.6
2024-11-25,NB-1066,263.0,409.0,15,337.6
2024-12-02,NB-1066,671.0,0.0,15,337.6
2024-12-09,NB-1066,557.0,0.0,15,337.6
2024-12-16,NB-1066,420.0,0.0,15,337.6
2024-12-23,NB-1066,305.0,329.0,15,337.6
2024-12-30,NB-1066,156.0,0.0,15,337.6
2025-01-06,NB-1066,61.0,441.0,15,337.6
2025-01-13,NB-1066,413.0,0.0,15,337.6
2025-01-20,NB-1066,645.0,0.0,15,337.6
2025-01-27,NB-1066,516.0,0.0,15,337.6
2025-02-03,NB-1066,392.0,0.0,15,337.6
2025-02-10,NB-1066,246.0,0.0,15,337.6
2025-02-17,NB-1066,642.0,0.0,15,337.6
2025-02-24,NB-1066,520.0,0.0,15,337.6
2025-03-03,NB-1066,356.0,0.0,15,337.6
2025-03-10,NB-1066,228.0,465.0,15,337.6
2025-03-17,NB-1066,441.0,0.0,15,337.6
2025-03-24,NB-1066,330.0,0.0,15,337.6
2025-03-31,NB-1066,224.0,0.0,15,337.6
2025-04-07,NB-1066,103.0,0.0,15,337.6
2025-04-14,NB-1066,27.0,0.0,15,337.6
2025-04-21,NB-1066,0.0,0.0,15,337.6
2025-04-28,NB-1066,0.0,356.0,15,337.6
2025-05-05,NB-1066,0.0,0.0,15,337.6
2025-05-12,NB-1066,0.0,0.0,15,337.6
2025-05-19,NB-1066,0.0,0.0,15,337.6
2025-05-26,NB-1066,0.0,0.0,15,337.6
2025-06-02,NB-1066,429.0,0.0,15,337.6
2025-06-09,NB-1066,811.0,495.0,15,337.6
2025-06-16,NB-1066,711.0,0.0,15,337.6
2025-06-23,NB-1066,635.0,0.0,15,337.6
2025-06-30,NB-1066,567.0,0.0,15,337.6
2025-07-07,NB-1066,490.0,0.0,15,337.6
2025-07-14,NB-1066,412.0,0.0,15,337.6
2025-07-21,NB-1066,289.0,0.0,15,337.6
2025-07-28,NB-1066,199.0,0.0,15,337.6
2025-08-04,NB-1066,113.0,0.0,15,337.6
2025-08-11,NB-1066,2.0,0.0,15,337.6
2025-08-18,NB-1066,0.0,0.0,15,337.6
2025-08-25,NB-1066,476.0,0.0,15,337.6
2025-09-01,NB-1066,331.0,0.0,15,337.6
2025-09-08,NB-1066,193.0,448.0,15,337.6
2025-09-15,NB-1066,517.0,0.0,15,337.6
2025-09-22,NB-1066,428.0,0.0,15,337.6
2025-09-29,NB-1066,316.0,0.0,15,337.6
2025-10-06,NB-1066,200.0,0.0,15,337.6
2025-10-13,NB-1066,85.0,0.0,15,337.6
2025-10-20,NB-1066,0.0,330.0,15,337.6
2025-10-27,NB-1066,0.0,397.0,15,337.6
2025-11-03,NB-1066,439.0,0.0,15,337.6
2025-11-10,NB-1066,353.0,0.0,15,337.6
2025-11-17,NB-1066,560.0,0.0,15,337.6
2025-11-24,NB-1066,430.0,0.0,15,337.6
2025-12-01,NB-1066,738.0,0.0,15,337.6
2025-12-08,NB-1066,621.0,0.0,15,337.6
2025-12-15,NB-1066,510.0,0.0,15,337.6
2025-12-22,NB-1066,407.0,0.0,15,337.6
2025-12-29,NB-1066,288.0,0.0,15,337.6
2024-01-01,NB-1067,358.0,0.0,15,275.1
2024-01-08,NB-1067,258.0,0.0,15,275.1
2024-01-15,NB-1067,453.0,311.0,15,275.1
2024-01-22,NB-1067,347.0,0.0,15,275.1
2024-01-29,NB-1067,237.0,388.0,15,275.1
2024-02-05,NB-1067,124.0,0.0,15,275.1
2024-02-12,NB-1067,274.0,0.0,15,275.1
2024-02-19,NB-1067,145.0,0.0,15,275.1
2024-02-26,NB-1067,13.0,0.0,15,275.1
2024-03-04,NB-1067,236.0,0.0,15,275.1
2024-03-11,NB-1067,80.0,0.0,15,275.1
2024-03-18,NB-1067,227.0,274.0,15,275.1
2024-03-25,NB-1067,449.0,0.0,15,275.1
2024-04-01,NB-1067,312.0,0.0,15,275.1
2024-04-08,NB-1067,180.0,0.0,15,275.1
2024-04-15,NB-1067,352.0,0.0,15,275.1
2024-04-22,NB-1067,231.0,0.0,15,275.1
2024-04-29,NB-1067,85.0,0.0,15,275.1
2024-05-06,NB-1067,221.0,284.0,15,275.1
2024-05-13,NB-1067,479.0,0.0,15,275.1
2024-05-20,NB-1067,365.0,0.0,15,275.1
2024-05-27,NB-1067,249.0,0.0,15,275.1
2024-06-03,NB-1067,129.0,0.0,15,275.1
2024-06-10,NB-1067,307.0,0.0,15,275.1
2024-06-17,NB-1067,155.0,0.0,15,275.1
2024-06-24,NB-1067,2.0,0.0,15,275.1
2024-07-01,NB-1067,0.0,400.0,15,275.1
2024-07-08,NB-1067,268.0,268.0,15,275.1
2024-07-15,NB-1067,424.0,0.0,15,275.1
2024-07-22,NB-1067,342.0,0.0,15,275.1
2024-07-29,NB-1067,241.0,274.0,15,275.1
2024-08-05,NB-1067,157.0,0.0,15,275.1
2024-08-12,NB-1067,58.0,0.0,15,275.1
2024-08-19,NB-1067,525.0,0.0,15,275.1
2024-08-26,NB-1067,447.0,0.0,15,275.1
2024-09-02,NB-1067,352.0,0.0,15,275.1
2024-09-09,NB-1067,283.0,0.0,15,275.1
2024-09-16,NB-1067,203.0,0.0,15,275.1
2024-09-23,NB-1067,455.0,0.0,15,275.1
2024-09-30,NB-1067,360.0,0.0,15,275.1
2024-10-07,NB-1067,277.0,0.0,15,275.1
2024-10-14,NB-1067,458.0,0.0,15,275.1
2024-10-21,NB-1067,380.0,0.0,15,275.1
2024-10-28,NB-1067,294.0,0.0,15,275.1
2024-11-04,NB-1067,210.0,0.0,15,275.1
2024-11-11,NB-1067,108.0,0.0,15,275.1
2024-11-18,NB-1067,389.0,0.0,15,275.1
2024-11-25,NB-1067,302.0,0.0,15,275.1
2024-12-02,NB-1067,216.0,0.0,15,275.1
2024-12-09,NB-1067,104.0,0.0,15,275.1
2024-12-16,NB-1067,0.0,0.0,15,275.1
2024-12-23,NB-1067,0.0,399.0,15,275.1
2024-12-30,NB-1067,0.0,0.0,15,275.1
2025-01-06,NB-1067,0.0,0.0,15,275.1
2025-01-13,NB-1067,0.0,0.0,15,275.1
2025-01-20,NB-1067,0.0,385.0,15,275.1
2025-01-27,NB-1067,248.0,0.0,15,275.1
2025-02-03,NB-1067,352.0,0.0,15,275.1
2025-02-10,NB-1067,624.0,0.0,15,275.1
2025-02-17,NB-1067,466.0,0.0,15,275.1
2025-02-24,NB-1067,270.0,0.0,15,275.1
2025-03-03,NB-1067,318.0,0.0,15,275.1
2025-03-10,NB-1067,137.0,0.0,15,275.1
2025-03-17,NB-1067,218.0,285.0,15,275.1
2025-03-24,NB-1067,353.0,0.0,15,275.1
2025-03-31,NB-1067,143.0,0.0,15,275.1
2025-04-07,NB-1067,0.0,0.0,15,275.1
2025-04-14,NB-1067,0.0,0.0,15,275.1
2025-04-21,NB-1067,252.0,0.0,15,275.1
2025-04-28,NB-1067,67.0,0.0,15,275.1
2025-05-05,NB-1067,0.0,403.0,15,275.1
2025-05-12,NB-1067,0.0,0.0,15,275.1
2025-05-19,NB-1067,0.0,0.0,15,275.1
2025-05-26,NB-1067,219.0,0.0,15,275.1
2025-06-02,NB-1067,58.0,0.0,15,275.1
2025-06-09,NB-1067,320.0,0.0,15,275.1
2025-06-16,NB-1067,143.0,0.0,15,275.1
2025-06-23,NB-1067,307.0,0.0,15,275.1
2025-06-30,NB-1067,495.0,0.0,15,275.1
2025-07-07,NB-1067,334.0,0.0,15,275.1
2025-07-14,NB-1067,187.0,0.0,15,275.1
2025-07-21,NB-1067,351.0,0.0,15,275.1
2025-07-28,NB-1067,465.0,0.0,15,275.1
2025-08-04,NB-1067,336.0,0.0,15,275.1
2025-08-11,NB-1067,223.0,0.0,15,275.1
2025-08-18,NB-1067,103.0,366.0,15,275.1
2025-08-25,NB-1067,263.0,0.0,15,275.1
2025-09-01,NB-1067,105.0,0.0,15,275.1
2025-09-08,NB-1067,0.0,0.0,15,275.1
2025-09-15,NB-1067,0.0,394.0,15,275.1
2025-09-22,NB-1067,203.0,330.0,15,275.1
2025-09-29,NB-1067,76.0,0.0,15,275.1
2025-10-06,NB-1067,294.0,0.0,15,275.1
2025-10-13,NB-1067,571.0,0.0,15,275.1
2025-10-20,NB-1067,430.0,0.0,15,275.1
2025-10-27,NB-1067,313.0,0.0,15,275.1
2025-11-03,NB-1067,220.0,0.0,15,275.1
2025-11-10,NB-1067,113.0,405.0,15,275.1
2025-11-17,NB-1067,0.0,0.0,15,275.1
2025-11-24,NB-1067,0.0,0.0,15,275.1
2025-12-01,NB-1067,230.0,336.0,15,275.1
2025-12-08,NB-1067,95.0,0.0,15,275.1
2025-12-15,NB-1067,0.0,0.0,15,275.1
2025-12-22,NB-1067,0.0,0.0,15,275.1
2025-12-29,NB-1067,527.0,0.0,15,275.1
2024-01-01,NB-1068,80.0,0.0,6,240.7
2024-01-08,NB-1068,192.0,292.0,6,240.7
2024-01-15,NB-1068,266.0,0.0,6,240.7
2024-01-22,NB-1068,64.0,0.0,6,240.7
2024-01-29,NB-1068,268.0,268.0,6,240.7
2024-02-05,NB-1068,290.0,0.0,6,240.7
2024-02-12,NB-1068,313.0,0.0,6,240.7
2024-02-19,NB-1068,86.0,0.0,6,240.7
2024-02-26,NB-1068,0.0,0.0,6,240.7
2024-03-04,NB-1068,0.0,0.0,6,240.7
2024-03-11,NB-1068,309.0,0.0,6,240.7
2024-03-18,NB-1068,415.0,0.0,6,240.7
2024-03-25,NB-1068,144.0,0.0,6,240.7
2024-04-01,NB-1068,297.0,0.0,6,240.7
2024-04-08,NB-1068,46.0,0.0,6,240.7
2024-04-15,NB-1068,0.0,0.0,6,240.7
2024-04-22,NB-1068,0.0,314.0,6,240.7
2024-04-29,NB-1068,306.0,0.0,6,240.7
2024-05-06,NB-1068,431.0,0.0,6,240.7
2024-05-13,NB-1068,210.0,0.0,6,240.7
2024-05-20,NB-1068,0.0,243.0,6,240.7
2024-05-27,NB-1068,0.0,0.0,6,240.7
2024-06-03,NB-1068,0.0,0.0,6,240.7
2024-06-10,NB-1068,0.0,0.0,6,240.7
2024-06-17,NB-1068,0.0,0.0,6,240.7
2024-06-24,NB-1068,0.0,0.0,6,240.7
2024-07-01,NB-1068,0.0,0.0,6,240.7
2024-07-08,NB-1068,324.0,0.0,6,240.7
2024-07-15,NB-1068,64.0,0.0,6,240.7
2024-07-22,NB-1068,0.0,281.0,6,240.7
2024-07-29,NB-1068,371.0,0.0,6,240.7
2024-08-05,NB-1068,170.0,288.0,6,240.7
2024-08-12,NB-1068,0.0,333.0,6,240.7
2024-08-19,NB-1068,259.0,0.0,6,240.7
2024-08-26,NB-1068,80.0,0.0,6,240.7
2024-09-02,NB-1068,0.0,251.0,6,240.7
2024-09-09,NB-1068,210.0,311.0,6,240.7
2024-09-16,NB-1068,225.0,0.0,6,240.7
2024-09-23,NB-1068,62.0,0.0,6,240.7
2024-09-30,NB-1068,138.0,0.0,6,240.7
2024-10-07,NB-1068,204.0,0.0,6,240.7
2024-10-14,NB-1068,19.0,0.0,6,240.7
2024-10-21,NB-1068,205.0,0.0,6,240.7
2024-10-28,NB-1068,19.0,309.0,6,240.7
2024-11-04,NB-1068,0.0,0.0,6,240.7
2024-11-11,NB-1068,0.0,0.0,6,240.7
2024-11-18,NB-1068,101.0,359.0,6,240.7
2024-11-25,NB-1068,244.0,0.0,6,240.7
2024-12-02,NB-1068,30.0,0.0,6,240.7
2024-12-09,NB-1068,0.0,0.0,6,240.7
2024-12-16,NB-1068,241.0,0.0,6,240.7
2024-12-23,NB-1068,17.0,0.0,6,240.7
2024-12-30,NB-1068,0.0,0.0,6,240.7
2025-01-06,NB-1068,0.0,0.0,6,240.7
2025-01-13,NB-1068,0.0,0.0,6,240.7
2025-01-20,NB-1068,0.0,0.0,6,240.7
2025-01-27,NB-1068,0.0,293.0,6,240.7
2025-02-03,NB-1068,0.0,0.0,6,240.7
2025-02-10,NB-1068,0.0,0.0,6,240.7
2025-02-17,NB-1068,0.0,299.0,6,240.7
2025-02-24,NB-1068,0.0,320.0,6,240.7
2025-03-03,NB-1068,0.0,285.0,6,240.7
2025-03-10,NB-1068,339.0,339.0,6,240.7
2025-03-17,NB-1068,133.0,0.0,6,240.7
2025-03-24,NB-1068,556.0,335.0,6,240.7
2025-03-31,NB-1068,224.0,0.0,6,240.7
2025-04-07,NB-1068,179.0,0.0,6,240.7
2025-04-14,NB-1068,537.0,0.0,6,240.7
2025-04-21,NB-1068,232.0,0.0,6,240.7
2025-04-28,NB-1068,51.0,237.0,6,240.7
2025-05-05,NB-1068,0.0,0.0,6,240.7
2025-05-12,NB-1068,0.0,0.0,6,240.7
2025-05-19,NB-1068,0.0,0.0,6,240.7
2025-05-26,NB-1068,0.0,0.0,6,240.7
2025-06-02,NB-1068,267.0,267.0,6,240.7
2025-06-09,NB-1068,57.0,340.0,6,240.7
2025-06-16,NB-1068,0.0,271.0,6,240.7
2025-06-23,NB-1068,57.0,0.0,6,240.7
2025-06-30,NB-1068,295.0,0.0,6,240.7
2025-07-07,NB-1068,87.0,0.0,6,240.7
2025-07-14,NB-1068,358.0,358.0,6,240.7
2025-07-21,NB-1068,70.0,0.0,6,240.7
2025-07-28,NB-1068,99.0,0.0,6,240.7
2025-08-04,NB-1068,0.0,0.0,6,240.7
2025-08-11,NB-1068,0.0,0.0,6,240.7
2025-08-18,NB-1068,0.0,0.0,6,240.7
2025-08-25,NB-1068,0.0,234.0,6,240.7
2025-09-01,NB-1068,0.0,0.0,6,240.7
2025-09-08,NB-1068,0.0,363.0,6,240.7
2025-09-15,NB-1068,114.0,244.0,6,240.7
2025-09-22,NB-1068,0.0,0.0,6,240.7
2025-09-29,NB-1068,0.0,0.0,6,240.7
2025-10-06,NB-1068,0.0,360.0,6,240.7
2025-10-13,NB-1068,0.0,297.0,6,240.7
2025-10-20,NB-1068,0.0,0.0,6,240.7
2025-10-27,NB-1068,0.0,0.0,6,240.7
2025-11-03,NB-1068,0.0,0.0,6,240.7
2025-11-10,NB-1068,163.0,312.0,6,240.7
2025-11-17,NB-1068,338.0,338.0,6,240.7
2025-11-24,NB-1068,145.0,0.0,6,240.7
2025-12-01,NB-1068,0.0,243.0,6,240.7
2025-12-08,NB-1068,0.0,339.0,6,240.7
2025-12-15,NB-1068,0.0,244.0,6,240.7
2025-12-22,NB-1068,278.0,0.0,6,240.7
2025-12-29,NB-1068,37.0,0.0,6,240.7
2024-01-01,NB-1069,1191.0,1065.0,17,861.6
2024-01-08,NB-1069,977.0,0.0,17,861.6
2024-01-15,NB-1069,756.0,912.0,17,861.6
2024-01-22,NB-1069,1345.0,0.0,17,861.6
2024-01-29,NB-1069,1077.0,0.0,17,861.6
2024-02-05,NB-1069,831.0,0.0,17,861.6
2024-02-12,NB-1069,605.0,0.0,17,861.6
2024-02-19,NB-1069,241.0,0.0,17,861.6
2024-02-26,NB-1069,1031.0,0.0,17,861.6
2024-03-04,NB-1069,703.0,0.0,17,861.6
2024-03-11,NB-1069,1312.0,0.0,17,861.6
2024-03-18,NB-1069,941.0,0.0,17,861.6
2024-03-25,NB-1069,585.0,0.0,17,861.6
2024-04-01,NB-1069,209.0,0.0,17,861.6
2024-04-08,NB-1069,0.0,0.0,17,861.6
2024-04-15,NB-1069,0.0,0.0,17,861.6
2024-04-22,NB-1069,920.0,0.0,17,861.6
2024-04-29,NB-1069,586.0,1235.0,17,861.6
2024-05-06,NB-1069,1015.0,0.0,17,861.6
2024-05-13,NB-1069,1899.0,1264.0,17,861.6
2024-05-20,NB-1069,1499.0,0.0,17,861.6
2024-05-27,NB-1069,1127.0,0.0,17,861.6
2024-06-03,NB-1069,695.0,1306.0,17,861.6
2024-06-10,NB-1069,1248.0,0.0,17,861.6
2024-06-17,NB-1069,668.0,0.0,17,861.6
2024-06-24,NB-1069,230.0,0.0,17,861.6
2024-07-01,NB-1069,0.0,0.0,17,861.6
2024-07-08,NB-1069,0.0,1051.0,17,861.6
2024-07-15,NB-1069,0.0,0.0,17,861.6
2024-07-22,NB-1069,0.0,1255.0,17,861.6
2024-07-29,NB-1069,1144.0,0.0,17,861.6
2024-08-05,NB-1069,869.0,0.0,17,861.6
2024-08-12,NB-1069,1857.0,0.0,17,861.6
2024-08-19,NB-1069,1611.0,0.0,17,861.6
2024-08-26,NB-1069,1386.0,0.0,17,861.6
2024-09-02,NB-1069,1195.0,0.0,17,861.6
2024-09-09,NB-1069,1001.0,0.0,17,861.6
2024-09-16,NB-1069,818.0,0.0,17,861.6
2024-09-23,NB-1069,630.0,0.0,17,861.6
2024-09-30,NB-1069,458.0,0.0,17,861.6
2024-10-07,NB-1069,257.0,0.0,17,861.6
2024-10-14,NB-1069,111.0,0.0,17,861.6
2024-10-21,NB-1069,891.0,0.0,17,861.6
2024-10-28,NB-1069,682.0,0.0,17,861.6
2024-11-04,NB-1069,515.0,0.0,17,861.6
2024-11-11,NB-1069,1128.0,812.0,17,861.6
2024-11-18,NB-1069,951.0,0.0,17,861.6
2024-11-25,NB-1069,791.0,0.0,17,861.6
2024-12-02,NB-1069,610.0,0.0,17,861.6
2024-12-09,NB-1069,1525.0,1083.0,17,861.6
2024-12-16,NB-1069,1332.0,0.0,17,861.6
2024-12-23,NB-1069,1102.0,0.0,17,861.6
2024-12-30,NB-1069,892.0,0.0,17,861.6
2025-01-06,NB-1069,650.0,1299.0,17,861.6
2025-01-13,NB-1069,371.0,0.0,17,861.6
2025-01-20,NB-1069,114.0,1300.0,17,861.6
2025-01-27,NB-1069,0.0,0.0,17,861.6
2025-02-03,NB-1069,0.0,0.0,17,861.6
2025-02-10,NB-1069,0.0,0.0,17,861.6
2025-02-17,NB-1069,1705.0,852.0,17,861.6
2025-02-24,NB-1069,1266.0,0.0,17,861.6
2025-03-03,NB-1069,1716.0,0.0,17,861.6
2025-03-10,NB-1069,1369.0,0.0,17,861.6
2025-03-17,NB-1069,915.0,0.0,17,861.6
2025-03-24,NB-1069,506.0,0.0,17,861.6
2025-03-31,NB-1069,9.0,1143.0,17,861.6
2025-04-07,NB-1069,785.0,0.0,17,861.6
2025-04-14,NB-1069,351.0,0.0,17,861.6
2025-04-21,NB-1069,0.0,0.0,17,861.6
2025-04-28,NB-1069,955.0,0.0,17,861.6
2025-05-05,NB-1069,533.0,914.0,17,861.6
2025-05-12,NB-1069,1304.0,0.0,17,861.6
2025-05-19,NB-1069,781.0,0.0,17,861.6
2025-05-26,NB-1069,437.0,0.0,17,861.6
2025-06-02,NB-1069,1408.0,0.0,17,861.6
2025-06-09,NB-1069,1053.0,0.0,17,861.6
2025-06-16,NB-1069,1507.0,916.0,17,861.6
2025-06-23,NB-1069,1105.0,0.0,17,861.6
2025-06-30,NB-1069,762.0,1136.0,17,861.6
2025-07-07,NB-1069,1414.0,0.0,17,861.6
2025-07-14,NB-1069,1011.0,0.0,17,861.6
2025-07-21,NB-1069,628.0,964.0,17,861.6
2025-07-28,NB-1069,1342.0,0.0,17,861.6
2025-08-04,NB-1069,1038.0,0.0,17,861.6
2025-08-11,NB-1069,784.0,0.0,17,861.6
2025-08-18,NB-1069,486.0,0.0,17,861.6
2025-08-25,NB-1069,1091.0,0.0,17,861.6
2025-09-01,NB-1069,762.0,0.0,17,861.6
2025-09-08,NB-1069,434.0,0.0,17,861.6
2025-09-15,NB-1069,279.0,0.0,17,861.6
2025-09-22,NB-1069,114.0,0.0,17,861.6
2025-09-29,NB-1069,1116.0,0.0,17,861.6
2025-10-06,NB-1069,901.0,0.0,17,861.6
2025-10-13,NB-1069,1828.0,0.0,17,861.6
2025-10-20,NB-1069,1582.0,0.0,17,861.6
2025-10-27,NB-1069,1409.0,0.0,17,861.6
2025-11-03,NB-1069,1217.0,0.0,17,861.6
2025-11-10,NB-1069,1060.0,0.0,17,861.6
2025-11-17,NB-1069,837.0,808.0,17,861.6
2025-11-24,NB-1069,1458.0,0.0,17,861.6
2025-12-01,NB-1069,1252.0,0.0,17,861.6
2025-12-08,NB-1069,1042.0,0.0,17,861.6
2025-12-15,NB-1069,824.0,0.0,17,861.6
2025-12-22,NB-1069,1398.0,0.0,17,861.6
2025-12-29,NB-1069,1172.0,0.0,17,861.6
2024-01-01,NB-1070,111.0,0.0,6,280.7
2024-01-08,NB-1070,153.0,0.0,6,280.7
2024-01-15,NB-1070,142.0,339.0,6,280.7
2024-01-22,NB-1070,401.0,401.0,6,280.7
2024-01-29,NB-1070,407.0,0.0,6,280.7
2024-02-05,NB-1070,456.0,0.0,6,280.7
2024-02-12,NB-1070,69.0,0.0,6,280.7
2024-02-19,NB-1070,0.0,0.0,6,280.7
2024-02-26,NB-1070,0.0,0.0,6,280.7
2024-03-04,NB-1070,271.0,0.0,6,280.7
2024-03-11,NB-1070,283.0,283.0,6,280.7
2024-03-18,NB-1070,0.0,295.0,6,280.7
2024-03-25,NB-1070,0.0,0.0,6,280.7
2024-04-01,NB-1070,0.0,0.0,6,280.7
2024-04-08,NB-1070,0.0,423.0,6,280.7
2024-04-15,NB-1070,233.0,0.0,6,280.7
2024-04-22,NB-1070,0.0,398.0,6,280.7
2024-04-29,NB-1070,0.0,0.0,6,280.7
2024-05-06,NB-1070,0.0,0.0,6,280.7
2024-05-13,NB-1070,0.0,0.0,6,280.7
2024-05-20,NB-1070,0.0,328.0,6,280.7
2024-05-27,NB-1070,303.0,0.0,6,280.7
2024-06-03,NB-1070,389.0,0.0,6,280.7
2024-06-10,NB-1070,230.0,0.0,6,280.7
2024-06-17,NB-1070,0.0,0.0,6,280.7
2024-06-24,NB-1070,296.0,0.0,6,280.7
2024-07-01,NB-1070,147.0,0.0,6,280.7
2024-07-08,NB-1070,0.0,0.0,6,280.7
2024-07-15,NB-1070,315.0,0.0,6,280.7
2024-07-22,NB-1070,578.0,0.0,6,280.7
2024-07-29,NB-1070,452.0,0.0,6,280.7
2024-08-05,NB-1070,301.0,0.0,6,280.7
2024-08-12,NB-1070,166.0,0.0,6,280.7
2024-08-19,NB-1070,418.0,0.0,6,280.7
2024-08-26,NB-1070,255.0,0.0,6,280.7
2024-09-02,NB-1070,467.0,0.0,6,280.7
2024-09-09,NB-1070,313.0,0.0,6,280.7
2024-09-16,NB-1070,157.0,0.0,6,280.7
2024-09-23,NB-1070,34.0,0.0,6,280.7
2024-09-30,NB-1070,350.0,0.0,6,280.7
2024-10-07,NB-1070,154.0,0.0,6,280.7
2024-10-14,NB-1070,0.0,359.0,6,280.7
2024-10-21,NB-1070,0.0,0.0,6,280.7
2024-10-28,NB-1070,0.0,0.0,6,280.7
2024-11-04,NB-1070,0.0,0.0,6,280.7
2024-11-11,NB-1070,0.0,0.0,6,280.7
2024-11-18,NB-1070,546.0,0.0,6,280.7
2024-11-25,NB-1070,303.0,0.0,6,280.7
2024-12-02,NB-1070,40.0,0.0,6,280.7
2024-12-09,NB-1070,0.0,0.0,6,280.7
2024-12-16,NB-1070,0.0,0.0,6,280.7
2024-12-23,NB-1070,0.0,0.0,6,280.7
2024-12-30,NB-1070,0.0,0.0,6,280.7
2025-01-06,NB-1070,0.0,0.0,6,280.7
2025-01-13,NB-1070,88.0,0.0,6,280.7
2025-01-20,NB-1070,0.0,288.0,6,280.7
2025-01-27,NB-1070,166.0,0.0,6,280.7
2025-02-03,NB-1070,0.0,0.0,6,280.7
2025-02-10,NB-1070,0.0,424.0,6,280.7
2025-02-17,NB-1070,0.0,0.0,6,280.7
2025-02-24,NB-1070,202.0,0.0,6,280.7
2025-03-03,NB-1070,0.0,0.0,6,280.7
2025-03-10,NB-1070,0.0,327.0,6,280.7
2025-03-17,NB-1070,367.0,367.0,6,280.7
2025-03-24,NB-1070,0.0,0.0,6,280.7
2025-03-31,NB-1070,23.0,0.0,6,280.7
2025-04-07,NB-1070,360.0,360.0,6,280.7
2025-04-14,NB-1070,458.0,0.0,6,280.7
2025-04-21,NB-1070,529.0,0.0,6,280.7
2025-04-28,NB-1070,168.0,0.0,6,280.7
2025-05-05,NB-1070,0.0,282.0,6,280.7
2025-05-12,NB-1070,0.0,422.0,6,280.7
2025-05-19,NB-1070,0.0,0.0,6,280.7
2025-05-26,NB-1070,0.0,0.0,6,280.7
2025-06-02,NB-1070,0.0,0.0,6,280.7
2025-06-09,NB-1070,0.0,0.0,6,280.7
2025-06-16,NB-1070,0.0,427.0,6,280.7
2025-06-23,NB-1070,0.0,0.0,6,280.7
2025-06-30,NB-1070,0.0,287.0,6,280.7
2025-07-07,NB-1070,0.0,0.0,6,280.7
2025-07-14,NB-1070,0.0,320.0,6,280.7
2025-07-21,NB-1070,0.0,0.0,6,280.7
2025-07-28,NB-1070,0.0,0.0,6,280.7
2025-08-04,NB-1070,231.0,0.0,6,280.7
2025-08-11,NB-1070,494.0,0.0,6,280.7
2025-08-18,NB-1070,337.0,0.0,6,280.7
2025-08-25,NB-1070,197.0,0.0,6,280.7
2025-09-01,NB-1070,367.0,0.0,6,280.7
2025-09-08,NB-1070,152.0,0.0,6,280.7
2025-09-15,NB-1070,27.0,0.0,6,280.7
2025-09-22,NB-1070,346.0,0.0,6,280.7
2025-09-29,NB-1070,192.0,0.0,6,280.7
2025-10-06,NB-1070,270.0,0.0,6,280.7
2025-10-13,NB-1070,13.0,0.0,6,280.7
2025-10-20,NB-1070,276.0,276.0,6,280.7
2025-10-27,NB-1070,87.0,0.0,6,280.7
2025-11-03,NB-1070,0.0,0.0,6,280.7
2025-11-10,NB-1070,83.0,0.0,6,280.7
2025-11-17,NB-1070,0.0,0.0,6,280.7
2025-11-24,NB-1070,144.0,0.0,6,280.7
2025-12-01,NB-1070,0.0,0.0,6,280.7
2025-12-08,NB-1070,0.0,0.0,6,280.7
2025-12-15,NB-1070,0.0,0.0,6,280.7
2025-12-22,NB-1070,0.0,403.0,6,280.7
2025-12-29,NB-1070,0.0,0.0,6,280.7
2024-01-01,NB-1071,89.0,0.0,5,203.4
2024-01-08,NB-1071,0.0,0.0,5,203.4
2024-01-15,NB-1071,0.0,0.0,5,203.4
2024-01-22,NB-1071,0.0,0.0,5,203.4
2024-01-29,NB-1071,386.0,0.0,5,203.4
2024-02-05,NB-1071,194.0,0.0,5,203.4
2024-02-12,NB-1071,0.0,251.0,5,203.4
2024-02-19,NB-1071,0.0,0.0,5,203.4
2024-02-26,NB-1071,0.0,303.0,5,203.4
2024-03-04,NB-1071,0.0,0.0,5,203.4
2024-03-11,NB-1071,0.0,0.0,5,203.4
2024-03-18,NB-1071,0.0,0.0,5,203.4
2024-03-25,NB-1071,0.0,204.0,5,203.4
2024-04-01,NB-1071,109.0,0.0,5,203.4
2024-04-08,NB-1071,0.0,0.0,5,203.4
2024-04-15,NB-1071,229.0,229.0,5,203.4
2024-04-22,NB-1071,0.0,0.0,5,203.4
2024-04-29,NB-1071,0.0,0.0,5,203.4
2024-05-06,NB-1071,0.0,0.0,5,203.4
2024-05-13,NB-1071,0.0,0.0,5,203.4
2024-05-20,NB-1071,0.0,290.0,5,203.4
2024-05-27,NB-1071,0.0,0.0,5,203.4
2024-06-03,NB-1071,0.0,0.0,5,203.4
2024-06-10,NB-1071,0.0,276.0,5,203.4
2024-06-17,NB-1071,0.0,0.0,5,203.4
2024-06-24,NB-1071,222.0,0.0,5,203.4
2024-07-01,NB-1071,0.0,0.0,5,203.4
2024-07-08,NB-1071,174.0,0.0,5,203.4
2024-07-15,NB-1071,0.0,194.0,5,203.4
2024-07-22,NB-1071,184.0,0.0,5,203.4
2024-07-29,NB-1071,0.0,0.0,5,203.4
2024-08-05,NB-1071,0.0,0.0,5,203.4
2024-08-12,NB-1071,0.0,0.0,5,203.4
2024-08-19,NB-1071,137.0,307.0,5,203.4
2024-08-26,NB-1071,0.0,0.0,5,203.4
2024-09-02,NB-1071,255.0,255.0,5,203.4
2024-09-09,NB-1071,28.0,284.0,5,203.4
2024-09-16,NB-1071,0.0,0.0,5,203.4
2024-09-23,NB-1071,84.0,252.0,5,203.4
2024-09-30,NB-1071,0.0,209.0,5,203.4
2024-10-07,NB-1071,303.0,0.0,5,203.4
2024-10-14,NB-1071,80.0,0.0,5,203.4
2024-10-21,NB-1071,0.0,304.0,5,203.4
2024-10-28,NB-1071,0.0,0.0,5,203.4
2024-11-04,NB-1071,0.0,0.0,5,203.4
2024-11-11,NB-1071,186.0,0.0,5,203.4
2024-11-18,NB-1071,0.0,0.0,5,203.4
2024-11-25,NB-1071,0.0,0.0,5,203.4
2024-12-02,NB-1071,0.0,280.0,5,203.4
2024-12-09,NB-1071,309.0,309.0,5,203.4
2024-12-16,NB-1071,81.0,0.0,5,203.4
2024-12-23,NB-1071,0.0,0.0,5,203.4
2024-12-30,NB-1071,0.0,0.0,5,203.4
2025-01-06,NB-1071,0.0,0.0,5,203.4
2025-01-13,NB-1071,0.0,0.0,5,203.4
2025-01-20,NB-1071,0.0,0.0,5,203.4
2025-01-27,NB-1071,0.0,0.0,5,203.4
2025-02-03,NB-1071,0.0,0.0,5,203.4
2025-02-10,NB-1071,11.0,0.0,5,203.4
2025-02-17,NB-1071,0.0,0.0,5,203.4
2025-02-24,NB-1071,340.0,251.0,5,203.4
2025-03-03,NB-1071,0.0,258.0,5,203.4
2025-03-10,NB-1071,185.0,0.0,5,203.4
2025-03-17,NB-1071,0.0,0.0,5,203.4
2025-03-24,NB-1071,0.0,0.0,5,203.4
2025-03-31,NB-1071,0.0,0.0,5,203.4
2025-04-07,NB-1071,0.0,0.0,5,203.4
2025-04-14,NB-1071,0.0,0.0,5,203.4
2025-04-21,NB-1071,0.0,0.0,5,203.4
2025-04-28,NB-1071,117.0,266.0,5,203.4
2025-05-05,NB-1071,0.0,310.0,5,203.4
2025-05-12,NB-1071,0.0,0.0,5,203.4
2025-05-19,NB-1071,0.0,0.0,5,203.4
2025-05-26,NB-1071,0.0,0.0,5,203.4
2025-06-02,NB-1071,0.0,0.0,5,203.4
2025-06-09,NB-1071,0.0,0.0,5,203.4
2025-06-16,NB-1071,69.0,0.0,5,203.4
2025-06-23,NB-1071,102.0,0.0,5,203.4
2025-06-30,NB-1071,226.0,211.0,5,203.4
2025-07-07,NB-1071,111.0,251.0,5,203.4
2025-07-14,NB-1071,0.0,0.0,5,203.4
2025-07-21,NB-1071,207.0,207.0,5,203.4
2025-07-28,NB-1071,0.0,0.0,5,203.4
2025-08-04,NB-1071,0.0,256.0,5,203.4
2025-08-11,NB-1071,0.0,228.0,5,203.4
2025-08-18,NB-1071,0.0,196.0,5,203.4
2025-08-25,NB-1071,0.0,282.0,5,203.4
2025-09-01,NB-1071,0.0,0.0,5,203.4
2025-09-08,NB-1071,0.0,0.0,5,203.4
2025-09-15,NB-1071,106.0,0.0,5,203.4
2025-09-22,NB-1071,0.0,0.0,5,203.4
2025-09-29,NB-1071,0.0,0.0,5,203.4
2025-10-06,NB-1071,219.0,219.0,5,203.4
2025-10-13,NB-1071,0.0,0.0,5,203.4
2025-10-20,NB-1071,86.0,299.0,5,203.4
2025-10-27,NB-1071,0.0,190.0,5,203.4
2025-11-03,NB-1071,0.0,0.0,5,203.4
2025-11-10,NB-1071,0.0,0.0,5,203.4
2025-11-17,NB-1071,270.0,270.0,5,203.4
2025-11-24,NB-1071,0.0,196.0,5,203.4
2025-12-01,NB-1071,0.0,303.0,5,203.4
2025-12-08,NB-1071,197.0,0.0,5,203.4
2025-12-15,NB-1071,0.0,0.0,5,203.4
2025-12-22,NB-1071,185.0,304.0,5,203.4
2025-12-29,NB-1071,0.0,0.0,5,203.4
2024-01-01,NB-1072,156.0,0.0,11,72.8
2024-01-08,NB-1072,131.0,0.0,11,72.8
2024-01-15,NB-1072,105.0,0.0,11,72.8
2024-01-22,NB-1072,75.0,0.0,11,72.8
2024-01-29,NB-1072,45.0,0.0,11,72.8
2024-02-05,NB-1072,21.0,92.0,11,72.8
2024-02-12,NB-1072,97.0,95.0,11,72.8
2024-02-19,NB-1072,74.0,0.0,11,72.8
2024-02-26,NB-1072,57.0,97.0,11,72.8
2024-03-04,NB-1072,43.0,0.0,11,72.8
2024-03-11,NB-1072,15.0,112.0,11,72.8
2024-03-18,NB-1072,0.0,0.0,11,72.8
2024-03-25,NB-1072,0.0,0.0,11,72.8
2024-04-01,NB-1072,0.0,0.0,11,72.8
2024-04-08,NB-1072,0.0,0.0,11,72.8
2024-04-15,NB-1072,0.0,0.0,11,72.8
2024-04-22,NB-1072,101.0,0.0,11,72.8
2024-04-29,NB-1072,62.0,0.0,11,72.8
2024-05-06,NB-1072,33.0,0.0,11,72.8
2024-05-13,NB-1072,0.0,0.0,11,72.8
2024-05-20,NB-1072,0.0,0.0,11,72.8
2024-05-27,NB-1072,70.0,0.0,11,72.8
2024-06-03,NB-1072,44.0,79.0,11,72.8
2024-06-10,NB-1072,0.0,0.0,11,72.8
2024-06-17,NB-1072,0.0,0.0,11,72.8
2024-06-24,NB-1072,0.0,97.0,11,72.8
2024-07-01,NB-1072,0.0,0.0,11,72.8
2024-07-08,NB-1072,57.0,0.0,11,72.8
2024-07-15,NB-1072,0.0,0.0,11,72.8
2024-07-22,NB-1072,76.0,0.0,11,72.8
2024-07-29,NB-1072,35.0,0.0,11,72.8
2024-08-05,NB-1072,94.0,0.0,11,72.8
2024-08-12,NB-1072,27.0,0.0,11,72.8
2024-08-19,NB-1072,0.0,0.0,11,72.8
2024-08-26,NB-1072,0.0,0.0,11,72.8
2024-09-02,NB-1072,0.0,91.0,11,72.8
2024-09-09,NB-1072,0.0,79.0,11,72.8
2024-09-16,NB-1072,0.0,0.0,11,72.8
2024-09-23,NB-1072,0.0,82.0,11,72.8
2024-09-30,NB-1072,41.0,0.0,11,72.8
2024-10-07,NB-1072,0.0,0.0,11,72.8
2024-10-14,NB-1072,0.0,0.0,11,72.8
2024-10-21,NB-1072,60.0,0.0,11,72.8
2024-10-28,NB-1072,16.0,95.0,11,72.8
2024-11-04,NB-1072,0.0,77.0,11,72.8
2024-11-11,NB-1072,0.0,92.0,11,72.8
2024-11-18,NB-1072,34.0,0.0,11,72.8
2024-11-25,NB-1072,52.0,100.0,11,72.8
2024-12-02,NB-1072,101.0,0.0,11,72.8
2024-12-09,NB-1072,56.0,0.0,11,72.8
2024-12-16,NB-1072,0.0,81.0,11,72.8
2024-12-23,NB-1072,0.0,0.0,11,72.8
2024-12-30,NB-1072,0.0,0.0,11,72.8
2025-01-06,NB-1072,0.0,0.0,11,72.8
2025-01-13,NB-1072,0.0,0.0,11,72.8
2025-01-20,NB-1072,87.0,87.0,11,72.8
2025-01-27,NB-1072,149.0,0.0,11,72.8
2025-02-03,NB-1072,109.0,0.0,11,72.8
2025-02-10,NB-1072,78.0,0.0,11,72.8
2025-02-17,NB-1072,43.0,0.0,11,72.8
2025-02-24,NB-1072,1.0,0.0,11,72.8
2025-03-03,NB-1072,44.0,0.0,11,72.8
2025-03-10,NB-1072,113.0,0.0,11,72.8
2025-03-17,NB-1072,63.0,0.0,11,72.8
2025-03-24,NB-1072,18.0,0.0,11,72.8
2025-03-31,NB-1072,0.0,0.0,11,72.8
2025-04-07,NB-1072,0.0,0.0,11,72.8
2025-04-14,NB-1072,70.0,0.0,11,72.8
2025-04-21,NB-1072,49.0,0.0,11,72.8
2025-04-28,NB-1072,0.0,0.0,11,72.8
2025-05-05,NB-1072,0.0,0.0,11,72.8
2025-05-12,NB-1072,0.0,106.0,11,72.8
2025-05-19,NB-1072,0.0,0.0,11,72.8
2025-05-26,NB-1072,100.0,0.0,11,72.8
2025-06-02,NB-1072,138.0,0.0,11,72.8
2025-06-09,NB-1072,96.0,0.0,11,72.8
2025-06-16,NB-1072,47.0,106.0,11,72.8
2025-06-23,NB-1072,0.0,0.0,11,72.8
2025-06-30,NB-1072,44.0,82.0,11,72.8
2025-07-07,NB-1072,62.0,101.0,11,72.8
2025-07-14,NB-1072,0.0,0.0,11,72.8
2025-07-21,NB-1072,28.0,0.0,11,72.8
2025-07-28,NB-1072,0.0,83.0,11,72.8
2025-08-04,NB-1072,0.0,98.0,11,72.8
2025-08-11,NB-1072,0.0,0.0,11,72.8
2025-08-18,NB-1072,65.0,0.0,11,72.8
2025-08-25,NB-1072,90.0,0.0,11,72.8
2025-09-01,NB-1072,1.0,0.0,11,72.8
2025-09-08,NB-1072,0.0,0.0,11,72.8
2025-09-15,NB-1072,0.0,79.0,11,72.8
2025-09-22,NB-1072,0.0,110.0,11,72.8
2025-09-29,NB-1072,0.0,0.0,11,72.8
2025-10-06,NB-1072,0.0,0.0,11,72.8
2025-10-13,NB-1072,0.0,0.0,11,72.8
2025-10-20,NB-1072,0.0,0.0,11,72.8
2025-10-27,NB-1072,0.0,0.0,11,72.8
2025-11-03,NB-1072,0.0,0.0,11,72.8
2025-11-10,NB-1072,0.0,0.0,11,72.8
2025-11-17,NB-1072,0.0,87.0,11,72.8
2025-11-24,NB-1072,0.0,0.0,11,72.8
2025-12-01,NB-1072,0.0,0.0,11,72.8
2025-12-08,NB-1072,0.0,0.0,11,72.8
2025-12-15,NB-1072,0.0,103.0,11,72.8
2025-12-22,NB-1072,116.0,0.0,11,72.8
2025-12-29,NB-1072,65.0,0.0,11,72.8
2024-01-01,NB-1073,190.0,0.0,5,112.2
2024-01-08,NB-1073,230.0,162.0,5,112.2
2024-01-15,NB-1073,142.0,0.0,5,112.2
2024-01-22,NB-1073,13.0,0.0,5,112.2
2024-01-29,NB-1073,0.0,163.0,5,112.2
2024-02-05,NB-1073,0.0,0.0,5,112.2
2024-02-12,NB-1073,0.0,0.0,5,112.2
2024-02-19,NB-1073,167.0,105.0,5,112.2
2024-02-26,NB-1073,14.0,0.0,5,112.2
2024-03-04,NB-1073,0.0,0.0,5,112.2
2024-03-11,NB-1073,0.0,0.0,5,112.2
2024-03-18,NB-1073,0.0,0.0,5,112.2
2024-03-25,NB-1073,0.0,0.0,5,112.2
2024-04-01,NB-1073,0.0,0.0,5,112.2
2024-04-08,NB-1073,122.0,0.0,5,112.2
2024-04-15,NB-1073,146.0,146.0,5,112.2
2024-04-22,NB-1073,141.0,0.0,5,112.2
2024-04-29,NB-1073,0.0,0.0,5,112.2
2024-05-06,NB-1073,0.0,150.0,5,112.2
2024-05-13,NB-1073,47.0,0.0,5,112.2
2024-05-20,NB-1073,0.0,130.0,5,112.2
2024-05-27,NB-1073,0.0,0.0,5,112.2
2024-06-03,NB-1073,0.0,0.0,5,112.2
2024-06-10,NB-1073,0.0,159.0,5,112.2
2024-06-17,NB-1073,111.0,111.0,5,112.2
2024-06-24,NB-1073,51.0,139.0,5,112.2
2024-07-01,NB-1073,0.0,154.0,5,112.2
2024-07-08,NB-1073,0.0,159.0,5,112.2
2024-07-15,NB-1073,0.0,0.0,5,112.2
2024-07-22,NB-1073,40.0,113.0,5,112.2
2024-07-29,NB-1073,125.0,0.0,5,112.2
2024-08-05,NB-1073,139.0,0.0,5,112.2
2024-08-12,NB-1073,41.0,0.0,5,112.2
2024-08-19,NB-1073,0.0,161.0,5,112.2
2024-08-26,NB-1073,0.0,0.0,5,112.2
2024-09-02,NB-1073,0.0,154.0,5,112.2
2024-09-09,NB-1073,0.0,0.0,5,112.2
2024-09-16,NB-1073,0.0,0.0,5,112.2
2024-09-23,NB-1073,0.0,0.0,5,112.2
2024-09-30,NB-1073,34.0,0.0,5,112.2
2024-10-07,NB-1073,0.0,0.0,5,112.2
2024-10-14,NB-1073,140.0,0.0,5,112.2
2024-10-21,NB-1073,13.0,171.0,5,112.2
2024-10-28,NB-1073,0.0,0.0,5,112.2
2024-11-04,NB-1073,0.0,0.0,5,112.2
2024-11-11,NB-1073,0.0,0.0,5,112.2
2024-11-18,NB-1073,0.0,0.0,5,112.2
2024-11-25,NB-1073,0.0,0.0,5,112.2
2024-12-02,NB-1073,0.0,0.0,5,112.2
2024-12-09,NB-1073,23.0,159.0,5,112.2
2024-12-16,NB-1073,0.0,104.0,5,112.2
2024-12-23,NB-1073,0.0,0.0,5,112.2
2024-12-30,NB-1073,0.0,0.0,5,112.2
2025-01-06,NB-1073,0.0,0.0,5,112.2
2025-01-13,NB-1073,109.0,0.0,5,112.2
2025-01-20,NB-1073,144.0,144.0,5,112.2
2025-01-27,NB-1073,0.0,0.0,5,112.2
2025-02-03,NB-1073,65.0,0.0,5,112.2
2025-02-10,NB-1073,0.0,0.0,5,112.2
2025-02-17,NB-1073,0.0,113.0,5,112.2
2025-02-24,NB-1073,50.0,0.0,5,112.2
2025-03-03,NB-1073,0.0,0.0,5,112.2
2025-03-10,NB-1073,0.0,0.0,5,112.2
2025-03-17,NB-1073,207.0,168.0,5,112.2
2025-03-24,NB-1073,47.0,0.0,5,112.2
2025-03-31,NB-1073,0.0,0.0,5,112.2
2025-04-07,NB-1073,140.0,0.0,5,112.2
2025-04-14,NB-1073,112.0,0.0,5,112.2
2025-04-21,NB-1073,99.0,0.0,5,112.2
2025-04-28,NB-1073,85.0,131.0,5,112.2
2025-05-05,NB-1073,230.0,0.0,5,112.2
2025-05-12,NB-1073,103.0,167.0,5,112.2
2025-05-19,NB-1073,0.0,0.0,5,112.2
2025-05-26,NB-1073,0.0,0.0,5,112.2
2025-06-02,NB-1073,0.0,0.0,5,112.2
2025-06-09,NB-1073,0.0,128.0,5,112.2
2025-06-16,NB-1073,0.0,162.0,5,112.2
2025-06-23,NB-1073,0.0,0.0,5,112.2
2025-06-30,NB-1073,87.0,0.0,5,112.2
2025-07-07,NB-1073,256.0,0.0,5,112.2
2025-07-14,NB-1073,134.0,0.0,5,112.2
2025-07-21,NB-1073,0.0,0.0,5,112.2
2025-07-28,NB-1073,166.0,0.0,5,112.2
2025-08-04,NB-1073,27.0,122.0,5,112.2
2025-08-11,NB-1073,0.0,141.0,5,112.2
2025-08-18,NB-1073,73.0,0.0,5,112.2
2025-08-25,NB-1073,0.0,0.0,5,112.2
2025-09-01,NB-1073,0.0,0.0,5,112.2
2025-09-08,NB-1073,0.0,0.0,5,112.2
2025-09-15,NB-1073,0.0,0.0,5,112.2
2025-09-22,NB-1073,0.0,0.0,5,112.2
2025-09-29,NB-1073,174.0,0.0,5,112.2
2025-10-06,NB-1073,141.0,0.0,5,112.2
2025-10-13,NB-1073,137.0,0.0,5,112.2
2025-10-20,NB-1073,0.0,0.0,5,112.2
2025-10-27,NB-1073,210.0,0.0,5,112.2
2025-11-03,NB-1073,75.0,0.0,5,112.2
2025-11-10,NB-1073,0.0,0.0,5,112.2
2025-11-17,NB-1073,0.0,0.0,5,112.2
2025-11-24,NB-1073,0.0,0.0,5,112.2
2025-12-01,NB-1073,170.0,170.0,5,112.2
2025-12-08,NB-1073,26.0,0.0,5,112.2
2025-12-15,NB-1073,0.0,0.0,5,112.2
2025-12-22,NB-1073,0.0,0.0,5,112.2
2025-12-29,NB-1073,0.0,0.0,5,112.2
2024-01-01,NB-1074,120.0,0.0,9,373.7
2024-01-08,NB-1074,0.0,0.0,9,373.7
2024-01-15,NB-1074,0.0,369.0,9,373.7
2024-01-22,NB-1074,0.0,0.0,9,373.7
2024-01-29,NB-1074,517.0,0.0,9,373.7
2024-02-05,NB-1074,187.0,0.0,9,373.7
2024-02-12,NB-1074,0.0,0.0,9,373.7
2024-02-19,NB-1074,0.0,458.0,9,373.7
2024-02-26,NB-1074,0.0,0.0,9,373.7
2024-03-04,NB-1074,0.0,390.0,9,373.7
2024-03-11,NB-1074,86.0,0.0,9,373.7
2024-03-18,NB-1074,0.0,564.0,9,373.7
2024-03-25,NB-1074,312.0,490.0,9,373.7
2024-04-01,NB-1074,109.0,0.0,9,373.7
2024-04-08,NB-1074,331.0,0.0,9,373.7
2024-04-15,NB-1074,109.0,0.0,9,373.7
2024-04-22,NB-1074,0.0,0.0,9,373.7
2024-04-29,NB-1074,0.0,0.0,9,373.7
2024-05-06,NB-1074,0.0,510.0,9,373.7
2024-05-13,NB-1074,373.0,0.0,9,373.7
2024-05-20,NB-1074,652.0,0.0,9,373.7
2024-05-27,NB-1074,507.0,0.0,9,373.7
2024-06-03,NB-1074,372.0,0.0,9,373.7
2024-06-10,NB-1074,210.0,0.0,9,373.7
2024-06-17,NB-1074,5.0,0.0,9,373.7
2024-06-24,NB-1074,0.0,0.0,9,373.7
2024-07-01,NB-1074,0.0,0.0,9,373.7
2024-07-08,NB-1074,296.0,0.0,9,373.7
2024-07-15,NB-1074,140.0,500.0,9,373.7
2024-07-22,NB-1074,4.0,444.0,9,373.7
2024-07-29,NB-1074,835.0,0.0,9,373.7
2024-08-05,NB-1074,684.0,0.0,9,373.7
2024-08-12,NB-1074,520.0,0.0,9,373.7
2024-08-19,NB-1074,868.0,0.0,9,373.7
2024-08-26,NB-1074,683.0,0.0,9,373.7
2024-09-02,NB-1074,453.0,0.0,9,373.7
2024-09-09,NB-1074,534.0,0.0,9,373.7
2024-09-16,NB-1074,641.0,378.0,9,373.7
2024-09-23,NB-1074,422.0,0.0,9,373.7
2024-09-30,NB-1074,173.0,0.0,9,373.7
2024-10-07,NB-1074,0.0,0.0,9,373.7
2024-10-14,NB-1074,376.0,0.0,9,373.7
2024-10-21,NB-1074,9.0,0.0,9,373.7
2024-10-28,NB-1074,0.0,0.0,9,373.7
2024-11-04,NB-1074,0.0,0.0,9,373.7
2024-11-11,NB-1074,0.0,557.0,9,373.7
2024-11-18,NB-1074,0.0,0.0,9,373.7
2024-11-25,NB-1074,0.0,556.0,9,373.7
2024-12-02,NB-1074,139.0,0.0,9,373.7
2024-12-09,NB-1074,429.0,429.0,9,373.7
2024-12-16,NB-1074,39.0,520.0,9,373.7
2024-12-23,NB-1074,281.0,0.0,9,373.7
2024-12-30,NB-1074,0.0,0.0,9,373.7
2025-01-06,NB-1074,176.0,0.0,9,373.7
2025-01-13,NB-1074,466.0,0.0,9,373.7
2025-01-20,NB-1074,55.0,570.0,9,373.7
2025-01-27,NB-1074,438.0,0.0,9,373.7
2025-02-03,NB-1074,549.0,0.0,9,373.7
2025-02-10,NB-1074,725.0,0.0,9,373.7
2025-02-17,NB-1074,321.0,0.0,9,373.7
2025-02-24,NB-1074,400.0,0.0,9,373.7
2025-03-03,NB-1074,0.0,0.0,9,373.7
2025-03-10,NB-1074,0.0,0.0,9,373.7
2025-03-17,NB-1074,0.0,0.0,9,373.7
2025-03-24,NB-1074,0.0,0.0,9,373.7
2025-03-31,NB-1074,0.0,0.0,9,373.7
2025-04-07,NB-1074,405.0,0.0,9,373.7
2025-04-14,NB-1074,162.0,0.0,9,373.7
2025-04-21,NB-1074,0.0,0.0,9,373.7
2025-04-28,NB-1074,0.0,0.0,9,373.7
2025-05-05,NB-1074,323.0,0.0,9,373.7
2025-05-12,NB-1074,556.0,0.0,9,373.7
2025-05-19,NB-1074,192.0,0.0,9,373.7
2025-05-26,NB-1074,10.0,0.0,9,373.7
2025-06-02,NB-1074,300.0,0.0,9,373.7
2025-06-09,NB-1074,32.0,0.0,9,373.7
2025-06-16,NB-1074,0.0,0.0,9,373.7
2025-06-23,NB-1074,422.0,422.0,9,373.7
2025-06-30,NB-1074,268.0,0.0,9,373.7
2025-07-07,NB-1074,97.0,0.0,9,373.7
2025-07-14,NB-1074,391.0,0.0,9,373.7
2025-07-21,NB-1074,164.0,412.0,9,373.7
2025-07-28,NB-1074,317.0,0.0,9,373.7
2025-08-04,NB-1074,118.0,356.0,9,373.7
2025-08-11,NB-1074,414.0,0.0,9,373.7
2025-08-18,NB-1074,159.0,0.0,9,373.7
2025-08-25,NB-1074,425.0,0.0,9,373.7
2025-09-01,NB-1074,150.0,349.0,9,373.7
2025-09-08,NB-1074,0.0,0.0,9,373.7
2025-09-15,NB-1074,0.0,0.0,9,373.7
2025-09-22,NB-1074,0.0,532.0,9,373.7
2025-09-29,NB-1074,232.0,0.0,9,373.7
2025-10-06,NB-1074,0.0,0.0,9,373.7
2025-10-13,NB-1074,0.0,0.0,9,373.7
2025-10-20,NB-1074,247.0,0.0,9,373.7
2025-10-27,NB-1074,0.0,0.0,9,373.7
2025-11-03,NB-1074,89.0,0.0,9,373.7
2025-11-10,NB-1074,0.0,0.0,9,373.7
2025-11-17,NB-1074,0.0,0.0,9,373.7
2025-11-24,NB-1074,381.0,0.0,9,373.7
2025-12-01,NB-1074,0.0,0.0,9,373.7
2025-12-08,NB-1074,0.0,361.0,9,373.7
2025-12-15,NB-1074,0.0,0.0,9,373.7
2025-12-22,NB-1074,342.0,0.0,9,373.7
2025-12-29,NB-1074,0.0,0.0,9,373.7
2024-01-01,NB-1075,114.0,0.0,9,463.8
2024-01-08,NB-1075,485.0,0.0,9,463.8
2024-01-15,NB-1075,951.0,0.0,9,463.8
2024-01-22,NB-1075,730.0,0.0,9,463.8
2024-01-29,NB-1075,420.0,0.0,9,463.8
2024-02-05,NB-1075,194.0,524.0,9,463.8
2024-02-12,NB-1075,631.0,0.0,9,463.8
2024-02-19,NB-1075,464.0,0.0,9,463.8
2024-02-26,NB-1075,241.0,0.0,9,463.8
2024-03-04,NB-1075,35.0,614.0,9,463.8
2024-03-11,NB-1075,700.0,0.0,9,463.8
2024-03-18,NB-1075,525.0,0.0,9,463.8
2024-03-25,NB-1075,389.0,0.0,9,463.8
2024-04-01,NB-1075,731.0,0.0,9,463.8
2024-04-08,NB-1075,578.0,0.0,9,463.8
2024-04-15,NB-1075,377.0,0.0,9,463.8
2024-04-22,NB-1075,702.0,0.0,9,463.8
2024-04-29,NB-1075,529.0,0.0,9,463.8
2024-05-06,NB-1075,354.0,0.0,9,463.8
2024-05-13,NB-1075,808.0,0.0,9,463.8
2024-05-20,NB-1075,621.0,0.0,9,463.8
2024-05-27,NB-1075,426.0,0.0,9,463.8
2024-06-03,NB-1075,712.0,0.0,9,463.8
2024-06-10,NB-1075,465.0,0.0,9,463.8
2024-06-17,NB-1075,767.0,0.0,9,463.8
2024-06-24,NB-1075,473.0,0.0,9,463.8
2024-07-01,NB-1075,957.0,0.0,9,463.8
2024-07-08,NB-1075,701.0,0.0,9,463.8
2024-07-15,NB-1075,428.0,566.0,9,463.8
2024-07-22,NB-1075,116.0,449.0,9,463.8
2024-07-29,NB-1075,1027.0,712.0,9,463.8
2024-08-05,NB-1075,686.0,0.0,9,463.8
2024-08-12,NB-1075,281.0,0.0,9,463.8
2024-08-19,NB-1075,0.0,518.0,9,463.8
2024-08-26,NB-1075,0.0,0.0,9,463.8
2024-09-02,NB-1075,0.0,0.0,9,463.8
2024-09-09,NB-1075,309.0,0.0,9,463.8
2024-09-16,NB-1075,0.0,0.0,9,463.8
2024-09-23,NB-1075,0.0,0.0,9,463.8
2024-09-30,NB-1075,673.0,673.0,9,463.8
2024-10-07,NB-1075,300.0,0.0,9,463.8
2024-10-14,NB-1075,0.0,0.0,9,463.8
2024-10-21,NB-1075,402.0,0.0,9,463.8
2024-10-28,NB-1075,0.0,0.0,9,463.8
2024-11-04,NB-1075,0.0,0.0,9,463.8
2024-11-11,NB-1075,0.0,0.0,9,463.8
2024-11-18,NB-1075,0.0,0.0,9,463.8
2024-11-25,NB-1075,0.0,0.0,9,463.8
2024-12-02,NB-1075,220.0,0.0,9,463.8
2024-12-09,NB-1075,953.0,0.0,9,463.8
2024-12-16,NB-1075,580.0,0.0,9,463.8
2024-12-23,NB-1075,171.0,438.0,9,463.8
2024-12-30,NB-1075,0.0,0.0,9,463.8
2025-01-06,NB-1075,0.0,0.0,9,463.8
2025-01-13,NB-1075,500.0,0.0,9,463.8
2025-01-20,NB-1075,239.0,0.0,9,463.8
2025-01-27,NB-1075,426.0,0.0,9,463.8
2025-02-03,NB-1075,143.0,0.0,9,463.8
2025-02-10,NB-1075,620.0,0.0,9,463.8
2025-02-17,NB-1075,380.0,0.0,9,463.8
2025-02-24,NB-1075,115.0,0.0,9,463.8
2025-03-03,NB-1075,573.0,0.0,9,463.8
2025-03-10,NB-1075,370.0,0.0,9,463.8
2025-03-17,NB-1075,850.0,678.0,9,463.8
2025-03-24,NB-1075,678.0,0.0,9,463.8
2025-03-31,NB-1075,494.0,0.0,9,463.8
2025-04-07,NB-1075,734.0,0.0,9,463.8
2025-04-14,NB-1075,547.0,0.0,9,463.8
2025-04-21,NB-1075,373.0,0.0,9,463.8
2025-04-28,NB-1075,915.0,0.0,9,463.8
2025-05-05,NB-1075,752.0,0.0,9,463.8
2025-05-12,NB-1075,584.0,0.0,9,463.8
2025-05-19,NB-1075,385.0,0.0,9,463.8
2025-05-26,NB-1075,200.0,0.0,9,463.8
2025-06-02,NB-1075,669.0,0.0,9,463.8
2025-06-09,NB-1075,439.0,0.0,9,463.8
2025-06-16,NB-1075,218.0,684.0,9,463.8
2025-06-23,NB-1075,0.0,0.0,9,463.8
2025-06-30,NB-1075,0.0,0.0,9,463.8
2025-07-07,NB-1075,0.0,0.0,9,463.8
2025-07-14,NB-1075,673.0,673.0,9,463.8
2025-07-21,NB-1075,294.0,547.0,9,463.8
2025-07-28,NB-1075,374.0,0.0,9,463.8
2025-08-04,NB-1075,13.0,0.0,9,463.8
2025-08-11,NB-1075,374.0,665.0,9,463.8
2025-08-18,NB-1075,50.0,0.0,9,463.8
2025-08-25,NB-1075,0.0,0.0,9,463.8
2025-09-01,NB-1075,0.0,0.0,9,463.8
2025-09-08,NB-1075,210.0,0.0,9,463.8
2025-09-15,NB-1075,0.0,0.0,9,463.8
2025-09-22,NB-1075,0.0,0.0,9,463.8
2025-09-29,NB-1075,0.0,710.0,9,463.8
2025-10-06,NB-1075,0.0,0.0,9,463.8
2025-10-13,NB-1075,0.0,466.0,9,463.8
2025-10-20,NB-1075,307.0,0.0,9,463.8
2025-10-27,NB-1075,0.0,570.0,9,463.8
2025-11-03,NB-1075,789.0,0.0,9,463.8
2025-11-10,NB-1075,322.0,559.0,9,463.8
2025-11-17,NB-1075,0.0,545.0,9,463.8
2025-11-24,NB-1075,0.0,0.0,9,463.8
2025-12-01,NB-1075,574.0,0.0,9,463.8
2025-12-08,NB-1075,901.0,0.0,9,463.8
2025-12-15,NB-1075,532.0,0.0,9,463.8
2025-12-22,NB-1075,208.0,0.0,9,463.8
2025-12-29,NB-1075,0.0,564.0,9,463.8
2024-01-01,NB-1076,273.0,0.0,8,251.1
2024-01-08,NB-1076,172.0,0.0,8,251.1
2024-01-15,NB-1076,30.0,0.0,8,251.1
2024-01-22,NB-1076,0.0,286.0,8,251.1
2024-01-29,NB-1076,212.0,0.0,8,251.1
2024-02-05,NB-1076,34.0,236.0,8,251.1
2024-02-12,NB-1076,0.0,0.0,8,251.1
2024-02-19,NB-1076,0.0,0.0,8,251.1
2024-02-26,NB-1076,0.0,0.0,8,251.1
2024-03-04,NB-1076,0.0,0.0,8,251.1
2024-03-11,NB-1076,0.0,0.0,8,251.1
2024-03-18,NB-1076,0.0,0.0,8,251.1
2024-03-25,NB-1076,0.0,0.0,8,251.1
2024-04-01,NB-1076,0.0,247.0,8,251.1
2024-04-08,NB-1076,0.0,0.0,8,251.1
2024-04-15,NB-1076,0.0,0.0,8,251.1
2024-04-22,NB-1076,157.0,0.0,8,251.1
2024-04-29,NB-1076,0.0,0.0,8,251.1
2024-05-06,NB-1076,0.0,233.0,8,251.1
2024-05-13,NB-1076,0.0,0.0,8,251.1
2024-05-20,NB-1076,0.0,0.0,8,251.1
2024-05-27,NB-1076,0.0,0.0,8,251.1
2024-06-03,NB-1076,61.0,0.0,8,251.1
2024-06-10,NB-1076,440.0,288.0,8,251.1
2024-06-17,NB-1076,126.0,284.0,8,251.1
2024-06-24,NB-1076,0.0,0.0,8,251.1
2024-07-01,NB-1076,0.0,310.0,8,251.1
2024-07-08,NB-1076,282.0,0.0,8,251.1
2024-07-15,NB-1076,73.0,0.0,8,251.1
2024-07-22,NB-1076,0.0,239.0,8,251.1
2024-07-29,NB-1076,0.0,0.0,8,251.1
2024-08-05,NB-1076,0.0,0.0,8,251.1
2024-08-12,NB-1076,271.0,0.0,8,251.1
2024-08-19,NB-1076,56.0,363.0,8,251.1
2024-08-26,NB-1076,0.0,0.0,8,251.1
2024-09-02,NB-1076,0.0,0.0,8,251.1
2024-09-09,NB-1076,0.0,298.0,8,251.1
2024-09-16,NB-1076,0.0,0.0,8,251.1
2024-09-23,NB-1076,0.0,386.0,8,251.1
2024-09-30,NB-1076,143.0,294.0,8,251.1
2024-10-07,NB-1076,217.0,0.0,8,251.1
2024-10-14,NB-1076,55.0,326.0,8,251.1
2024-10-21,NB-1076,307.0,307.0,8,251.1
2024-10-28,NB-1076,124.0,0.0,8,251.1
2024-11-04,NB-1076,0.0,234.0,8,251.1
2024-11-11,NB-1076,0.0,0.0,8,251.1
2024-11-18,NB-1076,0.0,0.0,8,251.1
2024-11-25,NB-1076,0.0,247.0,8,251.1
2024-12-02,NB-1076,234.0,0.0,8,251.1
2024-12-09,NB-1076,74.0,0.0,8,251.1
2024-12-16,NB-1076,282.0,282.0,8,251.1
2024-12-23,NB-1076,471.0,0.0,8,251.1
2024-12-30,NB-1076,346.0,0.0,8,251.1
2025-01-06,NB-1076,229.0,0.0,8,251.1
2025-01-13,NB-1076,299.0,0.0,8,251.1
2025-01-20,NB-1076,120.0,0.0,8,251.1
2025-01-27,NB-1076,0.0,239.0,8,251.1
2025-02-03,NB-1076,309.0,0.0,8,251.1
2025-02-10,NB-1076,106.0,0.0,8,251.1
2025-02-17,NB-1076,0.0,0.0,8,251.1
2025-02-24,NB-1076,0.0,0.0,8,251.1
2025-03-03,NB-1076,196.0,0.0,8,251.1
2025-03-10,NB-1076,0.0,0.0,8,251.1
2025-03-17,NB-1076,0.0,0.0,8,251.1
2025-03-24,NB-1076,0.0,0.0,8,251.1
2025-03-31,NB-1076,314.0,0.0,8,251.1
2025-04-07,NB-1076,221.0,0.0,8,251.1
2025-04-14,NB-1076,0.0,0.0,8,251.1
2025-04-21,NB-1076,155.0,0.0,8,251.1
2025-04-28,NB-1076,0.0,0.0,8,251.1
2025-05-05,NB-1076,344.0,344.0,8,251.1
2025-05-12,NB-1076,67.0,0.0,8,251.1
2025-05-19,NB-1076,142.0,0.0,8,251.1
2025-05-26,NB-1076,0.0,0.0,8,251.1
2025-06-02,NB-1076,0.0,0.0,8,251.1
2025-06-09,NB-1076,0.0,0.0,8,251.1
2025-06-16,NB-1076,0.0,0.0,8,251.1
2025-06-23,NB-1076,161.0,0.0,8,251.1
2025-06-30,NB-1076,0.0,235.0,8,251.1
2025-07-07,NB-1076,0.0,0.0,8,251.1
2025-07-14,NB-1076,381.0,381.0,8,251.1
2025-07-21,NB-1076,46.0,0.0,8,251.1
2025-07-28,NB-1076,0.0,0.0,8,251.1
2025-08-04,NB-1076,0.0,375.0,8,251.1
2025-08-11,NB-1076,203.0,0.0,8,251.1
2025-08-18,NB-1076,0.0,0.0,8,251.1
2025-08-25,NB-1076,470.0,0.0,8,251.1
2025-09-01,NB-1076,127.0,379.0,8,251.1
2025-09-08,NB-1076,0.0,0.0,8,251.1
2025-09-15,NB-1076,0.0,0.0,8,251.1
2025-09-22,NB-1076,0.0,0.0,8,251.1
2025-09-29,NB-1076,130.0,346.0,8,251.1
2025-10-06,NB-1076,220.0,0.0,8,251.1
2025-10-13,NB-1076,294.0,0.0,8,251.1
2025-10-20,NB-1076,267.0,0.0,8,251.1
2025-10-27,NB-1076,79.0,0.0,8,251.1
2025-11-03,NB-1076,0.0,0.0,8,251.1
2025-11-10,NB-1076,0.0,0.0,8,251.1
2025-11-17,NB-1076,0.0,0.0,8,251.1
2025-11-24,NB-1076,0.0,0.0,8,251.1
2025-12-01,NB-1076,172.0,0.0,8,251.1
2025-12-08,NB-1076,239.0,254.0,8,251.1
2025-12-15,NB-1076,364.0,0.0,8,251.1
2025-12-22,NB-1076,233.0,0.0,8,251.1
2025-12-29,NB-1076,388.0,0.0,8,251.1
2024-01-01,NB-1077,179.0,0.0,18,669.1
2024-01-08,NB-1077,0.0,772.0,18,669.1
2024-01-15,NB-1077,846.0,0.0,18,669.1
2024-01-22,NB-1077,663.0,0.0,18,669.1
2024-01-29,NB-1077,481.0,0.0,18,669.1
2024-02-05,NB-1077,336.0,0.0,18,669.1
2024-02-12,NB-1077,179.0,0.0,18,669.1
2024-02-19,NB-1077,747.0,0.0,18,669.1
2024-02-26,NB-1077,609.0,0.0,18,669.1
2024-03-04,NB-1077,468.0,745.0,18,669.1
2024-03-11,NB-1077,1331.0,0.0,18,669.1
2024-03-18,NB-1077,1228.0,0.0,18,669.1
2024-03-25,NB-1077,1113.0,0.0,18,669.1
2024-04-01,NB-1077,1016.0,0.0,18,669.1
2024-04-08,NB-1077,909.0,0.0,18,669.1
2024-04-15,NB-1077,772.0,0.0,18,669.1
2024-04-22,NB-1077,660.0,1012.0,18,669.1
2024-04-29,NB-1077,555.0,0.0,18,669.1
2024-05-06,NB-1077,1396.0,0.0,18,669.1
2024-05-13,NB-1077,1262.0,0.0,18,669.1
2024-05-20,NB-1077,1128.0,0.0,18,669.1
2024-05-27,NB-1077,990.0,0.0,18,669.1
2024-06-03,NB-1077,808.0,0.0,18,669.1
2024-06-10,NB-1077,633.0,0.0,18,669.1
2024-06-17,NB-1077,367.0,0.0,18,669.1
2024-06-24,NB-1077,159.0,640.0,18,669.1
2024-07-01,NB-1077,0.0,915.0,18,669.1
2024-07-08,NB-1077,0.0,877.0,18,669.1
2024-07-15,NB-1077,0.0,0.0,18,669.1
2024-07-22,NB-1077,772.0,0.0,18,669.1
2024-07-29,NB-1077,585.0,836.0,18,669.1
2024-08-05,NB-1077,387.0,0.0,18,669.1
2024-08-12,NB-1077,110.0,0.0,18,669.1
2024-08-19,NB-1077,0.0,912.0,18,669.1
2024-08-26,NB-1077,0.0,0.0,18,669.1
2024-09-02,NB-1077,0.0,0.0,18,669.1
2024-09-09,NB-1077,0.0,763.0,18,669.1
2024-09-16,NB-1077,0.0,0.0,18,669.1
2024-09-23,NB-1077,0.0,0.0,18,669.1
2024-09-30,NB-1077,0.0,0.0,18,669.1
2024-10-07,NB-1077,0.0,833.0,18,669.1
2024-10-14,NB-1077,536.0,0.0,18,669.1
2024-10-21,NB-1077,1200.0,0.0,18,669.1
2024-10-28,NB-1077,905.0,0.0,18,669.1
2024-11-04,NB-1077,614.0,0.0,18,669.1
2024-11-11,NB-1077,1124.0,0.0,18,669.1
2024-11-18,NB-1077,857.0,0.0,18,669.1
2024-11-25,NB-1077,596.0,818.0,18,669.1
2024-12-02,NB-1077,309.0,794.0,18,669.1
2024-12-09,NB-1077,66.0,0.0,18,669.1
2024-12-16,NB-1077,851.0,0.0,18,669.1
2024-12-23,NB-1077,600.0,0.0,18,669.1
2024-12-30,NB-1077,355.0,0.0,18,669.1
2025-01-06,NB-1077,832.0,0.0,18,669.1
2025-01-13,NB-1077,609.0,0.0,18,669.1
2025-01-20,NB-1077,1415.0,0.0,18,669.1
2025-01-27,NB-1077,1214.0,0.0,18,669.1
2025-02-03,NB-1077,1030.0,0.0,18,669.1
2025-02-10,NB-1077,855.0,0.0,18,669.1
2025-02-17,NB-1077,697.0,0.0,18,669.1
2025-02-24,NB-1077,546.0,0.0,18,669.1
2025-03-03,NB-1077,1143.0,0.0,18,669.1
2025-03-10,NB-1077,1002.0,0.0,18,669.1
2025-03-17,NB-1077,879.0,0.0,18,669.1
2025-03-24,NB-1077,757.0,0.0,18,669.1
2025-03-31,NB-1077,572.0,659.0,18,669.1
2025-04-07,NB-1077,410.0,0.0,18,669.1
2025-04-14,NB-1077,294.0,0.0,18,669.1
2025-04-21,NB-1077,159.0,0.0,18,669.1
2025-04-28,NB-1077,35.0,877.0,18,669.1
2025-05-05,NB-1077,0.0,0.0,18,669.1
2025-05-12,NB-1077,835.0,0.0,18,669.1
2025-05-19,NB-1077,1357.0,0.0,18,669.1
2025-05-26,NB-1077,1213.0,0.0,18,669.1
2025-06-02,NB-1077,1065.0,0.0,18,669.1
2025-06-09,NB-1077,871.0,0.0,18,669.1
2025-06-16,NB-1077,678.0,0.0,18,669.1
2025-06-23,NB-1077,485.0,823.0,18,669.1
2025-06-30,NB-1077,1274.0,976.0,18,669.1
2025-07-07,NB-1077,1051.0,0.0,18,669.1
2025-07-14,NB-1077,812.0,0.0,18,669.1
2025-07-21,NB-1077,473.0,0.0,18,669.1
2025-07-28,NB-1077,136.0,0.0,18,669.1
2025-08-04,NB-1077,0.0,0.0,18,669.1
2025-08-11,NB-1077,0.0,0.0,18,669.1
2025-08-18,NB-1077,0.0,952.0,18,669.1
2025-08-25,NB-1077,835.0,0.0,18,669.1
2025-09-01,NB-1077,424.0,0.0,18,669.1
2025-09-08,NB-1077,731.0,0.0,18,669.1
2025-09-15,NB-1077,438.0,0.0,18,669.1
2025-09-22,NB-1077,112.0,0.0,18,669.1
2025-09-29,NB-1077,974.0,0.0,18,669.1
2025-10-06,NB-1077,669.0,0.0,18,669.1
2025-10-13,NB-1077,337.0,0.0,18,669.1
2025-10-20,NB-1077,0.0,0.0,18,669.1
2025-10-27,NB-1077,0.0,0.0,18,669.1
2025-11-03,NB-1077,0.0,0.0,18,669.1
2025-11-10,NB-1077,948.0,948.0,18,669.1
2025-11-17,NB-1077,425.0,0.0,18,669.1
2025-11-24,NB-1077,781.0,0.0,18,669.1
2025-12-01,NB-1077,480.0,874.0,18,669.1
2025-12-08,NB-1077,980.0,0.0,18,669.1
2025-12-15,NB-1077,674.0,0.0,18,669.1
2025-12-22,NB-1077,1279.0,0.0,18,669.1
2025-12-29,NB-1077,1002.0,0.0,18,669.1
2024-01-01,NB-1078,153.0,0.0,20,527.7
2024-01-08,NB-1078,628.0,0.0,20,527.7
2024-01-15,NB-1078,485.0,0.0,20,527.7
2024-01-22,NB-1078,1137.0,0.0,20,527.7
2024-01-29,NB-1078,1027.0,0.0,20,527.7
2024-02-05,NB-1078,869.0,0.0,20,527.7
2024-02-12,NB-1078,738.0,0.0,20,527.7
2024-02-19,NB-1078,600.0,0.0,20,527.7
2024-02-26,NB-1078,451.0,0.0,20,527.7
2024-03-04,NB-1078,256.0,0.0,20,527.7
2024-03-11,NB-1078,603.0,0.0,20,527.7
2024-03-18,NB-1078,396.0,0.0,20,527.7
2024-03-25,NB-1078,294.0,0.0,20,527.7
2024-04-01,NB-1078,174.0,0.0,20,527.7
2024-04-08,NB-1078,679.0,0.0,20,527.7
2024-04-15,NB-1078,529.0,0.0,20,527.7
2024-04-22,NB-1078,352.0,0.0,20,527.7
2024-04-29,NB-1078,181.0,0.0,20,527.7
2024-05-06,NB-1078,10.0,0.0,20,527.7
2024-05-13,NB-1078,0.0,0.0,20,527.7
2024-05-20,NB-1078,647.0,647.0,20,527.7
2024-05-27,NB-1078,480.0,683.0,20,527.7
2024-06-03,NB-1078,290.0,0.0,20,527.7
2024-06-10,NB-1078,763.0,0.0,20,527.7
2024-06-17,NB-1078,486.0,0.0,20,527.7
2024-06-24,NB-1078,268.0,0.0,20,527.7
2024-07-01,NB-1078,117.0,528.0,20,527.7
2024-07-08,NB-1078,9.0,0.0,20,527.7
2024-07-15,NB-1078,0.0,0.0,20,527.7
2024-07-22,NB-1078,665.0,0.0,20,527.7
2024-07-29,NB-1078,511.0,0.0,20,527.7
2024-08-05,NB-1078,372.0,0.0,20,527.7
2024-08-12,NB-1078,247.0,0.0,20,527.7
2024-08-19,NB-1078,101.0,635.0,20,527.7
2024-08-26,NB-1078,0.0,0.0,20,527.7
2024-09-02,NB-1078,505.0,0.0,20,527.7
2024-09-09,NB-1078,375.0,0.0,20,527.7
2024-09-16,NB-1078,875.0,0.0,20,527.7
2024-09-23,NB-1078,741.0,0.0,20,527.7
2024-09-30,NB-1078,630.0,0.0,20,527.7
2024-10-07,NB-1078,540.0,0.0,20,527.7
2024-10-14,NB-1078,1025.0,0.0,20,527.7
2024-10-21,NB-1078,897.0,0.0,20,527.7
2024-10-28,NB-1078,803.0,0.0,20,527.7
2024-11-04,NB-1078,654.0,0.0,20,527.7
2024-11-11,NB-1078,529.0,0.0,20,527.7
2024-11-18,NB-1078,401.0,800.0,20,527.7
2024-11-25,NB-1078,270.0,582.0,20,527.7
2024-12-02,NB-1078,133.0,0.0,20,527.7
2024-12-09,NB-1078,0.0,0.0,20,527.7
2024-12-16,NB-1078,0.0,527.0,20,527.7
2024-12-23,NB-1078,0.0,713.0,20,527.7
2024-12-30,NB-1078,0.0,0.0,20,527.7
2025-01-06,NB-1078,0.0,0.0,20,527.7
2025-01-13,NB-1078,0.0,706.0,20,527.7
2025-01-20,NB-1078,0.0,0.0,20,527.7
2025-01-27,NB-1078,0.0,0.0,20,527.7
2025-02-03,NB-1078,0.0,0.0,20,527.7
2025-02-10,NB-1078,0.0,0.0,20,527.7
2025-02-17,NB-1078,424.0,0.0,20,527.7
2025-02-24,NB-1078,222.0,497.0,20,527.7
2025-03-03,NB-1078,590.0,0.0,20,527.7
2025-03-10,NB-1078,412.0,0.0,20,527.7
2025-03-17,NB-1078,258.0,0.0,20,527.7
2025-03-24,NB-1078,95.0,0.0,20,527.7
2025-03-31,NB-1078,0.0,0.0,20,527.7
2025-04-07,NB-1078,0.0,0.0,20,527.7
2025-04-14,NB-1078,0.0,0.0,20,527.7
2025-04-21,NB-1078,619.0,0.0,20,527.7
2025-04-28,NB-1078,1007.0,539.0,20,527.7
2025-05-05,NB-1078,805.0,0.0,20,527.7
2025-05-12,NB-1078,619.0,0.0,20,527.7
2025-05-19,NB-1078,1178.0,0.0,20,527.7
2025-05-26,NB-1078,1007.0,0.0,20,527.7
2025-06-02,NB-1078,794.0,0.0,20,527.7
2025-06-09,NB-1078,626.0,0.0,20,527.7
2025-06-16,NB-1078,1063.0,557.0,20,527.7
2025-06-23,NB-1078,892.0,0.0,20,527.7
2025-06-30,NB-1078,720.0,0.0,20,527.7
2025-07-07,NB-1078,559.0,0.0,20,527.7
2025-07-14,NB-1078,426.0,0.0,20,527.7
2025-07-21,NB-1078,211.0,670.0,20,527.7
2025-07-28,NB-1078,0.0,0.0,20,527.7
2025-08-04,NB-1078,1182.0,0.0,20,527.7
2025-08-11,NB-1078,1031.0,0.0,20,527.7
2025-08-18,NB-1078,880.0,0.0,20,527.7
2025-08-25,NB-1078,706.0,0.0,20,527.7
2025-09-01,NB-1078,488.0,0.0,20,527.7
2025-09-08,NB-1078,367.0,0.0,20,527.7
2025-09-15,NB-1078,217.0,0.0,20,527.7
2025-09-22,NB-1078,719.0,0.0,20,527.7
2025-09-29,NB-1078,574.0,0.0,20,527.7
2025-10-06,NB-1078,444.0,607.0,20,527.7
2025-10-13,NB-1078,843.0,0.0,20,527.7
2025-10-20,NB-1078,655.0,0.0,20,527.7
2025-10-27,NB-1078,532.0,0.0,20,527.7
2025-11-03,NB-1078,1072.0,0.0,20,527.7
2025-11-10,NB-1078,952.0,0.0,20,527.7
2025-11-17,NB-1078,784.0,0.0,20,527.7
2025-11-24,NB-1078,628.0,0.0,20,527.7
2025-12-01,NB-1078,524.0,749.0,20,527.7
2025-12-08,NB-1078,378.0,0.0,20,527.7
2025-12-15,NB-1078,255.0,720.0,20,527.7
2025-12-22,NB-1078,95.0,639.0,20,527.7
2025-12-29,NB-1078,0.0,0.0,20,527.7
2024-01-01,NB-1079,254.0,0.0,7,47.1
2024-01-08,NB-1079,236.0,0.0,7,47.1
2024-01-15,NB-1079,200.0,0.0,7,47.1
2024-01-22,NB-1079,178.0,0.0,7,47.1
2024-01-29,NB-1079,135.0,0.0,7,47.1
2024-02-05,NB-1079,106.0,0.0,7,47.1
2024-02-12,NB-1079,78.0,0.0,7,47.1
2024-02-19,NB-1079,91.0,49.0,7,47.1
2024-02-26,NB-1079,63.0,0.0,7,47.1
2024-03-04,NB-1079,44.0,0.0,7,47.1
2024-03-11,NB-1079,12.0,0.0,7,47.1
2024-03-18,NB-1079,46.0,0.0,7,47.1
2024-03-25,NB-1079,16.0,0.0,7,47.1
2024-04-01,NB-1079,0.0,0.0,7,47.1
2024-04-08,NB-1079,0.0,0.0,7,47.1
2024-04-15,NB-1079,56.0,0.0,7,47.1
2024-04-22,NB-1079,21.0,70.0,7,47.1
2024-04-29,NB-1079,0.0,0.0,7,47.1
2024-05-06,NB-1079,0.0,47.0,7,47.1
2024-05-13,NB-1079,0.0,63.0,7,47.1
2024-05-20,NB-1079,0.0,46.0,7,47.1
2024-05-27,NB-1079,0.0,0.0,7,47.1
2024-06-03,NB-1079,41.0,0.0,7,47.1
2024-06-10,NB-1079,59.0,0.0,7,47.1
2024-06-17,NB-1079,79.0,0.0,7,47.1
2024-06-24,NB-1079,33.0,0.0,7,47.1
2024-07-01,NB-1079,55.0,55.0,7,47.1
2024-07-08,NB-1079,2.0,0.0,7,47.1
2024-07-15,NB-1079,34.0,0.0,7,47.1
2024-07-22,NB-1079,0.0,0.0,7,47.1
2024-07-29,NB-1079,0.0,0.0,7,47.1
2024-08-05,NB-1079,0.0,46.0,7,47.1
2024-08-12,NB-1079,0.0,0.0,7,47.1
2024-08-19,NB-1079,0.0,0.0,7,47.1
2024-08-26,NB-1079,0.0,0.0,7,47.1
2024-09-02,NB-1079,0.0,0.0,7,47.1
2024-09-09,NB-1079,0.0,0.0,7,47.1
2024-09-16,NB-1079,65.0,0.0,7,47.1
2024-09-23,NB-1079,48.0,0.0,7,47.1
2024-09-30,NB-1079,1.0,55.0,7,47.1
2024-10-07,NB-1079,51.0,0.0,7,47.1
2024-10-14,NB-1079,0.0,57.0,7,47.1
2024-10-21,NB-1079,0.0,0.0,7,47.1
2024-10-28,NB-1079,0.0,50.0,7,47.1
2024-11-04,NB-1079,49.0,0.0,7,47.1
2024-11-11,NB-1079,0.0,0.0,7,47.1
2024-11-18,NB-1079,0.0,0.0,7,47.1
2024-11-25,NB-1079,0.0,70.0,7,47.1
2024-12-02,NB-1079,0.0,0.0,7,47.1
2024-12-09,NB-1079,19.0,0.0,7,47.1
2024-12-16,NB-1079,0.0,69.0,7,47.1
2024-12-23,NB-1079,0.0,0.0,7,47.1
2024-12-30,NB-1079,0.0,65.0,7,47.1
2025-01-06,NB-1079,0.0,49.0,7,47.1
2025-01-13,NB-1079,0.0,0.0,7,47.1
2025-01-20,NB-1079,0.0,0.0,7,47.1
2025-01-27,NB-1079,0.0,0.0,7,47.1
2025-02-03,NB-1079,0.0,0.0,7,47.1
2025-02-10,NB-1079,0.0,0.0,7,47.1
2025-02-17,NB-1079,0.0,0.0,7,47.1
2025-02-24,NB-1079,68.0,68.0,7,47.1
2025-03-03,NB-1079,12.0,0.0,7,47.1
2025-03-10,NB-1079,0.0,0.0,7,47.1
2025-03-17,NB-1079,0.0,0.0,7,47.1
2025-03-24,NB-1079,0.0,56.0,7,47.1
2025-03-31,NB-1079,0.0,0.0,7,47.1
2025-04-07,NB-1079,0.0,0.0,7,47.1
2025-04-14,NB-1079,0.0,0.0,7,47.1
2025-04-21,NB-1079,96.0,0.0,7,47.1
2025-04-28,NB-1079,67.0,0.0,7,47.1
2025-05-05,NB-1079,38.0,0.0,7,47.1
2025-05-12,NB-1079,0.0,0.0,7,47.1
2025-05-19,NB-1079,48.0,0.0,7,47.1
2025-05-26,NB-1079,24.0,0.0,7,47.1
2025-06-02,NB-1079,1.0,0.0,7,47.1
2025-06-09,NB-1079,89.0,49.0,7,47.1
2025-06-16,NB-1079,49.0,0.0,7,47.1
2025-06-23,NB-1079,12.0,0.0,7,47.1
2025-06-30,NB-1079,0.0,0.0,7,47.1
2025-07-07,NB-1079,0.0,0.0,7,47.1
2025-07-14,NB-1079,32.0,0.0,7,47.1
2025-07-21,NB-1079,0.0,0.0,7,47.1
2025-07-28,NB-1079,0.0,0.0,7,47.1
2025-08-04,NB-1079,0.0,0.0,7,47.1
2025-08-11,NB-1079,0.0,0.0,7,47.1
2025-08-18,NB-1079,0.0,0.0,7,47.1
2025-08-25,NB-1079,0.0,0.0,7,47.1
2025-09-01,NB-1079,56.0,0.0,7,47.1
2025-09-08,NB-1079,0.0,0.0,7,47.1
2025-09-15,NB-1079,23.0,0.0,7,47.1
2025-09-22,NB-1079,0.0,48.0,7,47.1
2025-09-29,NB-1079,0.0,0.0,7,47.1
2025-10-06,NB-1079,9.0,0.0,7,47.1
2025-10-13,NB-1079,37.0,0.0,7,47.1
2025-10-20,NB-1079,4.0,0.0,7,47.1
2025-10-27,NB-1079,0.0,46.0,7,47.1
2025-11-03,NB-1079,0.0,0.0,7,47.1
2025-11-10,NB-1079,0.0,0.0,7,47.1
2025-11-17,NB-1079,0.0,0.0,7,47.1
2025-11-24,NB-1079,0.0,72.0,7,47.1
2025-12-01,NB-1079,0.0,0.0,7,47.1
2025-12-08,NB-1079,0.0,0.0,7,47.1
2025-12-15,NB-1079,37.0,0.0,7,47.1
2025-12-22,NB-1079,54.0,54.0,7,47.1
2025-12-29,NB-1079,12.0,51.0,7,47.1
2024-01-01,NB-1080,56.0,0.0,18,518.7
2024-01-08,NB-1080,533.0,0.0,18,518.7
2024-01-15,NB-1080,416.0,479.0,18,518.7
2024-01-22,NB-1080,283.0,529.0,18,518.7
2024-01-29,NB-1080,120.0,755.0,18,518.7
2024-02-05,NB-1080,0.0,634.0,18,518.7
2024-02-12,NB-1080,0.0,0.0,18,518.7
2024-02-19,NB-1080,0.0,0.0,18,518.7
2024-02-26,NB-1080,0.0,626.0,18,518.7
2024-03-04,NB-1080,0.0,0.0,18,518.7
2024-03-11,NB-1080,0.0,0.0,18,518.7
2024-03-18,NB-1080,0.0,0.0,18,518.7
2024-03-25,NB-1080,0.0,729.0,18,518.7
2024-04-01,NB-1080,0.0,0.0,18,518.7
2024-04-08,NB-1080,0.0,0.0,18,518.7
2024-04-15,NB-1080,434.0,535.0,18,518.7
2024-04-22,NB-1080,214.0,0.0,18,518.7
2024-04-29,NB-1080,696.0,0.0,18,518.7
2024-05-06,NB-1080,536.0,0.0,18,518.7
2024-05-13,NB-1080,353.0,517.0,18,518.7
2024-05-20,NB-1080,173.0,0.0,18,518.7
2024-05-27,NB-1080,0.0,0.0,18,518.7
2024-06-03,NB-1080,0.0,0.0,18,518.7
2024-06-10,NB-1080,0.0,0.0,18,518.7
2024-06-17,NB-1080,579.0,579.0,18,518.7
2024-06-24,NB-1080,372.0,726.0,18,518.7
2024-07-01,NB-1080,201.0,702.0,18,518.7
2024-07-08,NB-1080,703.0,0.0,18,518.7
2024-07-15,NB-1080,536.0,0.0,18,518.7
2024-07-22,NB-1080,360.0,0.0,18,518.7
2024-07-29,NB-1080,227.0,0.0,18,518.7
2024-08-05,NB-1080,82.0,0.0,18,518.7
2024-08-12,NB-1080,0.0,589.0,18,518.7
2024-08-19,NB-1080,0.0,0.0,18,518.7
2024-08-26,NB-1080,0.0,653.0,18,518.7
2024-09-02,NB-1080,0.0,724.0,18,518.7
2024-09-09,NB-1080,0.0,514.0,18,518.7
2024-09-16,NB-1080,674.0,0.0,18,518.7
2024-09-23,NB-1080,558.0,0.0,18,518.7
2024-09-30,NB-1080,432.0,0.0,18,518.7
2024-10-07,NB-1080,316.0,701.0,18,518.7
2024-10-14,NB-1080,204.0,0.0,18,518.7
2024-10-21,NB-1080,123.0,570.0,18,518.7
2024-10-28,NB-1080,0.0,0.0,18,518.7
2024-11-04,NB-1080,0.0,0.0,18,518.7
2024-11-11,NB-1080,0.0,0.0,18,518.7
2024-11-18,NB-1080,603.0,0.0,18,518.7
2024-11-25,NB-1080,511.0,789.0,18,518.7
2024-12-02,NB-1080,1126.0,0.0,18,518.7
2024-12-09,NB-1080,1009.0,0.0,18,518.7
2024-12-16,NB-1080,924.0,0.0,18,518.7
2024-12-23,NB-1080,815.0,0.0,18,518.7
2024-12-30,NB-1080,687.0,0.0,18,518.7
2025-01-06,NB-1080,584.0,0.0,18,518.7
2025-01-13,NB-1080,499.0,0.0,18,518.7
2025-01-20,NB-1080,373.0,566.0,18,518.7
2025-01-27,NB-1080,260.0,0.0,18,518.7
2025-02-03,NB-1080,822.0,0.0,18,518.7
2025-02-10,NB-1080,701.0,0.0,18,518.7
2025-02-17,NB-1080,600.0,0.0,18,518.7
2025-02-24,NB-1080,463.0,0.0,18,518.7
2025-03-03,NB-1080,789.0,0.0,18,518.7
2025-03-10,NB-1080,603.0,0.0,18,518.7
2025-03-17,NB-1080,456.0,0.0,18,518.7
2025-03-24,NB-1080,836.0,0.0,18,518.7
2025-03-31,NB-1080,618.0,0.0,18,518.7
2025-04-07,NB-1080,420.0,0.0,18,518.7
2025-04-14,NB-1080,172.0,749.0,18,518.7
2025-04-21,NB-1080,741.0,0.0,18,518.7
2025-04-28,NB-1080,563.0,0.0,18,518.7
2025-05-05,NB-1080,370.0,0.0,18,518.7
2025-05-12,NB-1080,804.0,0.0,18,518.7
2025-05-19,NB-1080,548.0,0.0,18,518.7
2025-05-26,NB-1080,422.0,562.0,18,518.7
2025-06-02,NB-1080,249.0,0.0,18,518.7
2025-06-09,NB-1080,100.0,0.0,18,518.7
2025-06-16,NB-1080,0.0,0.0,18,518.7
2025-06-23,NB-1080,0.0,0.0,18,518.7
2025-06-30,NB-1080,0.0,522.0,18,518.7
2025-07-07,NB-1080,0.0,579.0,18,518.7
2025-07-14,NB-1080,0.0,0.0,18,518.7
2025-07-21,NB-1080,470.0,0.0,18,518.7
2025-07-28,NB-1080,268.0,0.0,18,518.7
2025-08-04,NB-1080,886.0,0.0,18,518.7
2025-08-11,NB-1080,737.0,0.0,18,518.7
2025-08-18,NB-1080,606.0,0.0,18,518.7
2025-08-25,NB-1080,518.0,620.0,18,518.7
2025-09-01,NB-1080,361.0,0.0,18,518.7
2025-09-08,NB-1080,733.0,0.0,18,518.7
2025-09-15,NB-1080,604.0,0.0,18,518.7
2025-09-22,NB-1080,478.0,627.0,18,518.7
2025-09-29,NB-1080,939.0,0.0,18,518.7
2025-10-06,NB-1080,848.0,0.0,18,518.7
2025-10-13,NB-1080,723.0,0.0,18,518.7
2025-10-20,NB-1080,588.0,0.0,18,518.7
2025-10-27,NB-1080,473.0,0.0,18,518.7
2025-11-03,NB-1080,391.0,0.0,18,518.7
2025-11-10,NB-1080,935.0,0.0,18,518.7
2025-11-17,NB-1080,841.0,0.0,18,518.7
2025-11-24,NB-1080,736.0,0.0,18,518.7
2025-12-01,NB-1080,660.0,0.0,18,518.7
2025-12-08,NB-1080,580.0,0.0,18,518.7
2025-12-15,NB-1080,499.0,0.0,18,518.7
2025-12-22,NB-1080,925.0,0.0,18,518.7
2025-12-29,NB-1080,822.0,0.0,18,518.7
2024-01-01,NB-1081,360.0,0.0,8,261.2
2024-01-08,NB-1081,136.0,0.0,8,261.2
2024-01-15,NB-1081,0.0,0.0,8,261.2
2024-01-22,NB-1081,0.0,0.0,8,261.2
2024-01-29,NB-1081,0.0,387.0,8,261.2
2024-02-05,NB-1081,179.0,0.0,8,261.2
2024-02-12,NB-1081,21.0,0.0,8,261.2
2024-02-19,NB-1081,0.0,0.0,8,261.2
2024-02-26,NB-1081,0.0,0.0,8,261.2
2024-03-04,NB-1081,0.0,291.0,8,261.2
2024-03-11,NB-1081,292.0,0.0,8,261.2
2024-03-18,NB-1081,143.0,0.0,8,261.2
2024-03-25,NB-1081,0.0,0.0,8,261.2
2024-04-01,NB-1081,0.0,0.0,8,261.2
2024-04-08,NB-1081,0.0,0.0,8,261.2
2024-04-15,NB-1081,308.0,0.0,8,261.2
2024-04-22,NB-1081,164.0,0.0,8,261.2
2024-04-29,NB-1081,20.0,0.0,8,261.2
2024-05-06,NB-1081,0.0,261.0,8,261.2
2024-05-13,NB-1081,0.0,0.0,8,261.2
2024-05-20,NB-1081,488.0,0.0,8,261.2
2024-05-27,NB-1081,352.0,0.0,8,261.2
2024-06-03,NB-1081,221.0,0.0,8,261.2
2024-06-10,NB-1081,81.0,0.0,8,261.2
2024-06-17,NB-1081,220.0,0.0,8,261.2
2024-06-24,NB-1081,75.0,336.0,8,261.2
2024-07-01,NB-1081,0.0,0.0,8,261.2
2024-07-08,NB-1081,0.0,320.0,8,261.2
2024-07-15,NB-1081,144.0,259.0,8,261.2
2024-07-22,NB-1081,366.0,0.0,8,261.2
2024-07-29,NB-1081,205.0,276.0,8,261.2
2024-08-05,NB-1081,36.0,0.0,8,261.2
2024-08-12,NB-1081,321.0,0.0,8,261.2
2024-08-19,NB-1081,135.0,0.0,8,261.2
2024-08-26,NB-1081,0.0,0.0,8,261.2
2024-09-02,NB-1081,252.0,0.0,8,261.2
2024-09-09,NB-1081,305.0,0.0,8,261.2
2024-09-16,NB-1081,135.0,395.0,8,261.2
2024-09-23,NB-1081,0.0,0.0,8,261.2
2024-09-30,NB-1081,0.0,0.0,8,261.2
2024-10-07,NB-1081,0.0,0.0,8,261.2
2024-10-14,NB-1081,0.0,0.0,8,261.2
2024-10-21,NB-1081,0.0,382.0,8,261.2
2024-10-28,NB-1081,0.0,0.0,8,261.2
2024-11-04,NB-1081,324.0,324.0,8,261.2
2024-11-11,NB-1081,114.0,0.0,8,261.2
2024-11-18,NB-1081,185.0,0.0,8,261.2
2024-11-25,NB-1081,0.0,0.0,8,261.2
2024-12-02,NB-1081,253.0,253.0,8,261.2
2024-12-09,NB-1081,373.0,0.0,8,261.2
2024-12-16,NB-1081,183.0,0.0,8,261.2
2024-12-23,NB-1081,392.0,392.0,8,261.2
2024-12-30,NB-1081,208.0,0.0,8,261.2
2025-01-06,NB-1081,31.0,0.0,8,261.2
2025-01-13,NB-1081,118.0,364.0,8,261.2
2025-01-20,NB-1081,237.0,0.0,8,261.2
2025-01-27,NB-1081,27.0,0.0,8,261.2
2025-02-03,NB-1081,0.0,377.0,8,261.2
2025-02-10,NB-1081,0.0,0.0,8,261.2
2025-02-17,NB-1081,0.0,0.0,8,261.2
2025-02-24,NB-1081,371.0,371.0,8,261.2
2025-03-03,NB-1081,462.0,0.0,8,261.2
2025-03-10,NB-1081,255.0,0.0,8,261.2
2025-03-17,NB-1081,113.0,0.0,8,261.2
2025-03-24,NB-1081,296.0,0.0,8,261.2
2025-03-31,NB-1081,132.0,338.0,8,261.2
2025-04-07,NB-1081,0.0,0.0,8,261.2
2025-04-14,NB-1081,0.0,0.0,8,261.2
2025-04-21,NB-1081,0.0,0.0,8,261.2
2025-04-28,NB-1081,388.0,388.0,8,261.2
2025-05-05,NB-1081,220.0,265.0,8,261.2
2025-05-12,NB-1081,33.0,0.0,8,261.2
2025-05-19,NB-1081,552.0,335.0,8,261.2
2025-05-26,NB-1081,429.0,0.0,8,261.2
2025-06-02,NB-1081,278.0,0.0,8,261.2
2025-06-09,NB-1081,159.0,0.0,8,261.2
2025-06-16,NB-1081,16.0,0.0,8,261.2
2025-06-23,NB-1081,0.0,0.0,8,261.2
2025-06-30,NB-1081,0.0,283.0,8,261.2
2025-07-07,NB-1081,0.0,0.0,8,261.2
2025-07-14,NB-1081,264.0,0.0,8,261.2
2025-07-21,NB-1081,386.0,315.0,8,261.2
2025-07-28,NB-1081,209.0,0.0,8,261.2
2025-08-04,NB-1081,59.0,306.0,8,261.2
2025-08-11,NB-1081,0.0,0.0,8,261.2
2025-08-18,NB-1081,401.0,401.0,8,261.2
2025-08-25,NB-1081,636.0,383.0,8,261.2
2025-09-01,NB-1081,385.0,0.0,8,261.2
2025-09-08,NB-1081,511.0,0.0,8,261.2
2025-09-15,NB-1081,315.0,0.0,8,261.2
2025-09-22,NB-1081,122.0,0.0,8,261.2
2025-09-29,NB-1081,0.0,0.0,8,261.2
2025-10-06,NB-1081,336.0,0.0,8,261.2
2025-10-13,NB-1081,371.0,0.0,8,261.2
2025-10-20,NB-1081,308.0,0.0,8,261.2
2025-10-27,NB-1081,90.0,0.0,8,261.2
2025-11-03,NB-1081,0.0,0.0,8,261.2
2025-11-10,NB-1081,0.0,377.0,8,261.2
2025-11-17,NB-1081,98.0,0.0,8,261.2
2025-11-24,NB-1081,337.0,0.0,8,261.2
2025-12-01,NB-1081,114.0,381.0,8,261.2
2025-12-08,NB-1081,0.0,0.0,8,261.2
2025-12-15,NB-1081,0.0,352.0,8,261.2
2025-12-22,NB-1081,0.0,0.0,8,261.2
2025-12-29,NB-1081,0.0,399.0,8,261.2
2024-01-01,NB-1082,119.0,0.0,7,78.0
2024-01-08,NB-1082,85.0,0.0,7,78.0
2024-01-15,NB-1082,39.0,0.0,7,78.0
2024-01-22,NB-1082,103.0,0.0,7,78.0
2024-01-29,NB-1082,61.0,0.0,7,78.0
2024-02-05,NB-1082,120.0,95.0,7,78.0
2024-02-12,NB-1082,84.0,0.0,7,78.0
2024-02-19,NB-1082,55.0,0.0,7,78.0
2024-02-26,NB-1082,108.0,0.0,7,78.0
2024-03-04,NB-1082,74.0,0.0,7,78.0
2024-03-11,NB-1082,116.0,0.0,7,78.0
2024-03-18,NB-1082,84.0,0.0,7,78.0
2024-03-25,NB-1082,39.0,0.0,7,78.0
2024-04-01,NB-1082,0.0,0.0,7,78.0
2024-04-08,NB-1082,0.0,0.0,7,78.0
2024-04-15,NB-1082,0.0,103.0,7,78.0
2024-04-22,NB-1082,107.0,107.0,7,78.0
2024-04-29,NB-1082,70.0,0.0,7,78.0
2024-05-06,NB-1082,17.0,0.0,7,78.0
2024-05-13,NB-1082,0.0,0.0,7,78.0
2024-05-20,NB-1082,0.0,0.0,7,78.0
2024-05-27,NB-1082,0.0,103.0,7,78.0
2024-06-03,NB-1082,0.0,0.0,7,78.0
2024-06-10,NB-1082,26.0,90.0,7,78.0
2024-06-17,NB-1082,0.0,0.0,7,78.0
2024-06-24,NB-1082,129.0,0.0,7,78.0
2024-07-01,NB-1082,76.0,0.0,7,78.0
2024-07-08,NB-1082,0.0,0.0,7,78.0
2024-07-15,NB-1082,0.0,0.0,7,78.0
2024-07-22,NB-1082,0.0,0.0,7,78.0
2024-07-29,NB-1082,125.0,100.0,7,78.0
2024-08-05,NB-1082,0.0,0.0,7,78.0
2024-08-12,NB-1082,0.0,0.0,7,78.0
2024-08-19,NB-1082,43.0,0.0,7,78.0
2024-08-26,NB-1082,0.0,0.0,7,78.0
2024-09-02,NB-1082,0.0,0.0,7,78.0
2024-09-09,NB-1082,53.0,99.0,7,78.0
2024-09-16,NB-1082,63.0,0.0,7,78.0
2024-09-23,NB-1082,89.0,0.0,7,78.0
2024-09-30,NB-1082,13.0,0.0,7,78.0
2024-10-07,NB-1082,0.0,108.0,7,78.0
2024-10-14,NB-1082,90.0,0.0,7,78.0
2024-10-21,NB-1082,0.0,0.0,7,78.0
2024-10-28,NB-1082,0.0,0.0,7,78.0
2024-11-04,NB-1082,0.0,86.0,7,78.0
2024-11-11,NB-1082,0.0,0.0,7,78.0
2024-11-18,NB-1082,97.0,97.0,7,78.0
2024-11-25,NB-1082,27.0,0.0,7,78.0
2024-12-02,NB-1082,0.0,0.0,7,78.0
2024-12-09,NB-1082,0.0,0.0,7,78.0
2024-12-16,NB-1082,0.0,80.0,7,78.0
2024-12-23,NB-1082,0.0,0.0,7,78.0
2024-12-30,NB-1082,0.0,91.0,7,78.0
2025-01-06,NB-1082,104.0,0.0,7,78.0
2025-01-13,NB-1082,155.0,112.0,7,78.0
2025-01-20,NB-1082,101.0,0.0,7,78.0
2025-01-27,NB-1082,137.0,0.0,7,78.0
2025-02-03,NB-1082,78.0,0.0,7,78.0
2025-02-10,NB-1082,101.0,0.0,7,78.0
2025-02-17,NB-1082,123.0,0.0,7,78.0
2025-02-24,NB-1082,72.0,0.0,7,78.0
2025-03-03,NB-1082,0.0,0.0,7,78.0
2025-03-10,NB-1082,0.0,0.0,7,78.0
2025-03-17,NB-1082,0.0,110.0,7,78.0
2025-03-24,NB-1082,0.0,90.0,7,78.0
2025-03-31,NB-1082,46.0,89.0,7,78.0
2025-04-07,NB-1082,0.0,109.0,7,78.0
2025-04-14,NB-1082,0.0,0.0,7,78.0
2025-04-21,NB-1082,118.0,118.0,7,78.0
2025-04-28,NB-1082,39.0,0.0,7,78.0
2025-05-05,NB-1082,0.0,0.0,7,78.0
2025-05-12,NB-1082,0.0,0.0,7,78.0
2025-05-19,NB-1082,0.0,0.0,7,78.0
2025-05-26,NB-1082,0.0,0.0,7,78.0
2025-06-02,NB-1082,0.0,0.0,7,78.0
2025-06-09,NB-1082,0.0,0.0,7,78.0
2025-06-16,NB-1082,83.0,83.0,7,78.0
2025-06-23,NB-1082,0.0,0.0,7,78.0
2025-06-30,NB-1082,0.0,99.0,7,78.0
2025-07-07,NB-1082,0.0,0.0,7,78.0
2025-07-14,NB-1082,0.0,106.0,7,78.0
2025-07-21,NB-1082,0.0,0.0,7,78.0
2025-07-28,NB-1082,0.0,117.0,7,78.0
2025-08-04,NB-1082,0.0,100.0,7,78.0
2025-08-11,NB-1082,0.0,0.0,7,78.0
2025-08-18,NB-1082,0.0,0.0,7,78.0
2025-08-25,NB-1082,0.0,0.0,7,78.0
2025-09-01,NB-1082,0.0,116.0,7,78.0
2025-09-08,NB-1082,0.0,0.0,7,78.0
2025-09-15,NB-1082,0.0,0.0,7,78.0
2025-09-22,NB-1082,0.0,0.0,7,78.0
2025-09-29,NB-1082,0.0,104.0,7,78.0
2025-10-06,NB-1082,53.0,0.0,7,78.0
2025-10-13,NB-1082,0.0,0.0,7,78.0
2025-10-20,NB-1082,0.0,0.0,7,78.0
2025-10-27,NB-1082,0.0,86.0,7,78.0
2025-11-03,NB-1082,0.0,0.0,7,78.0
2025-11-10,NB-1082,0.0,81.0,7,78.0
2025-11-17,NB-1082,0.0,88.0,7,78.0
2025-11-24,NB-1082,0.0,0.0,7,78.0
2025-12-01,NB-1082,13.0,0.0,7,78.0
2025-12-08,NB-1082,0.0,116.0,7,78.0
2025-12-15,NB-1082,39.0,0.0,7,78.0
2025-12-22,NB-1082,0.0,0.0,7,78.0
2025-12-29,NB-1082,0.0,0.0,7,78.0
2024-01-01,NB-1083,230.0,0.0,20,133.5
2024-01-08,NB-1083,200.0,0.0,20,133.5
2024-01-15,NB-1083,160.0,0.0,20,133.5
2024-01-22,NB-1083,119.0,167.0,20,133.5
2024-01-29,NB-1083,88.0,0.0,20,133.5
2024-02-05,NB-1083,251.0,200.0,20,133.5
2024-02-12,NB-1083,210.0,0.0,20,133.5
2024-02-19,NB-1083,180.0,0.0,20,133.5
2024-02-26,NB-1083,152.0,0.0,20,133.5
2024-03-04,NB-1083,120.0,0.0,20,133.5
2024-03-11,NB-1083,90.0,0.0,20,133.5
2024-03-18,NB-1083,181.0,0.0,20,133.5
2024-03-25,NB-1083,168.0,0.0,20,133.5
2024-04-01,NB-1083,143.0,0.0,20,133.5
2024-04-08,NB-1083,89.0,0.0,20,133.5
2024-04-15,NB-1083,70.0,0.0,20,133.5
2024-04-22,NB-1083,27.0,129.0,20,133.5
2024-04-29,NB-1083,9.0,0.0,20,133.5
2024-05-06,NB-1083,0.0,0.0,20,133.5
2024-05-13,NB-1083,0.0,181.0,20,133.5
2024-05-20,NB-1083,0.0,0.0,20,133.5
2024-05-27,NB-1083,0.0,0.0,20,133.5
2024-06-03,NB-1083,0.0,0.0,20,133.5
2024-06-10,NB-1083,0.0,146.0,20,133.5
2024-06-17,NB-1083,0.0,0.0,20,133.5
2024-06-24,NB-1083,0.0,0.0,20,133.5
2024-07-01,NB-1083,138.0,0.0,20,133.5
2024-07-08,NB-1083,98.0,0.0,20,133.5
2024-07-15,NB-1083,268.0,0.0,20,133.5
2024-07-22,NB-1083,238.0,0.0,20,133.5
2024-07-29,NB-1083,210.0,0.0,20,133.5
2024-08-05,NB-1083,179.0,0.0,20,133.5
2024-08-12,NB-1083,137.0,0.0,20,133.5
2024-08-19,NB-1083,233.0,0.0,20,133.5
2024-08-26,NB-1083,195.0,0.0,20,133.5
2024-09-02,NB-1083,136.0,0.0,20,133.5
2024-09-09,NB-1083,231.0,0.0,20,133.5
2024-09-16,NB-1083,184.0,0.0,20,133.5
2024-09-23,NB-1083,141.0,0.0,20,133.5
2024-09-30,NB-1083,241.0,0.0,20,133.5
2024-10-07,NB-1083,195.0,0.0,20,133.5
2024-10-14,NB-1083,157.0,0.0,20,133.5
2024-10-21,NB-1083,104.0,0.0,20,133.5
2024-10-28,NB-1083,59.0,0.0,20,133.5
2024-11-04,NB-1083,21.0,204.0,20,133.5
2024-11-11,NB-1083,0.0,171.0,20,133.5
2024-11-18,NB-1083,162.0,162.0,20,133.5
2024-11-25,NB-1083,93.0,178.0,20,133.5
2024-12-02,NB-1083,24.0,198.0,20,133.5
2024-12-09,NB-1083,146.0,0.0,20,133.5
2024-12-16,NB-1083,110.0,0.0,20,133.5
2024-12-23,NB-1083,66.0,0.0,20,133.5
2024-12-30,NB-1083,210.0,0.0,20,133.5
2025-01-06,NB-1083,142.0,0.0,20,133.5
2025-01-13,NB-1083,81.0,170.0,20,133.5
2025-01-20,NB-1083,54.0,0.0,20,133.5
2025-01-27,NB-1083,7.0,0.0,20,133.5
2025-02-03,NB-1083,0.0,0.0,20,133.5
2025-02-10,NB-1083,92.0,0.0,20,133.5
2025-02-17,NB-1083,228.0,0.0,20,133.5
2025-02-24,NB-1083,163.0,0.0,20,133.5
2025-03-03,NB-1083,97.0,131.0,20,133.5
2025-03-10,NB-1083,66.0,191.0,20,133.5
2025-03-17,NB-1083,25.0,0.0,20,133.5
2025-03-24,NB-1083,0.0,0.0,20,133.5
2025-03-31,NB-1083,0.0,0.0,20,133.5
2025-04-07,NB-1083,99.0,141.0,20,133.5
2025-04-14,NB-1083,202.0,0.0,20,133.5
2025-04-21,NB-1083,163.0,0.0,20,133.5
2025-04-28,NB-1083,102.0,172.0,20,133.5
2025-05-05,NB-1083,207.0,0.0,20,133.5
2025-05-12,NB-1083,174.0,0.0,20,133.5
2025-05-19,NB-1083,111.0,0.0,20,133.5
2025-05-26,NB-1083,218.0,0.0,20,133.5
2025-06-02,NB-1083,175.0,0.0,20,133.5
2025-06-09,NB-1083,136.0,0.0,20,133.5
2025-06-16,NB-1083,252.0,0.0,20,133.5
2025-06-23,NB-1083,220.0,0.0,20,133.5
2025-06-30,NB-1083,191.0,0.0,20,133.5
2025-07-07,NB-1083,148.0,0.0,20,133.5
2025-07-14,NB-1083,270.0,0.0,20,133.5
2025-07-21,NB-1083,228.0,0.0,20,133.5
2025-07-28,NB-1083,165.0,0.0,20,133.5
2025-08-04,NB-1083,103.0,0.0,20,133.5
2025-08-11,NB-1083,182.0,0.0,20,133.5
2025-08-18,NB-1083,113.0,0.0,20,133.5
2025-08-25,NB-1083,237.0,0.0,20,133.5
2025-09-01,NB-1083,155.0,0.0,20,133.5
2025-09-08,NB-1083,53.0,0.0,20,133.5
2025-09-15,NB-1083,0.0,136.0,20,133.5
2025-09-22,NB-1083,122.0,0.0,20,133.5
2025-09-29,NB-1083,214.0,0.0,20,133.5
2025-10-06,NB-1083,152.0,0.0,20,133.5
2025-10-13,NB-1083,76.0,0.0,20,133.5
2025-10-20,NB-1083,0.0,0.0,20,133.5
2025-10-27,NB-1083,0.0,0.0,20,133.5
2025-11-03,NB-1083,129.0,0.0,20,133.5
2025-11-10,NB-1083,67.0,0.0,20,133.5
2025-11-17,NB-1083,140.0,140.0,20,133.5
2025-11-24,NB-1083,211.0,0.0,20,133.5
2025-12-01,NB-1083,144.0,0.0,20,133.5
2025-12-08,NB-1083,87.0,160.0,20,133.5
2025-12-15,NB-1083,156.0,0.0,20,133.5
2025-12-22,NB-1083,274.0,0.0,20,133.5
2025-12-29,NB-1083,208.0,0.0,20,133.5
2024-01-01,NB-1084,274.0,0.0,13,182.8
2024-01-08,NB-1084,201.0,0.0,13,182.8
2024-01-15,NB-1084,348.0,0.0,13,182.8
2024-01-22,NB-1084,282.0,0.0,13,182.8
2024-01-29,NB-1084,220.0,0.0,13,182.8
2024-02-05,NB-1084,166.0,0.0,13,182.8
2024-02-12,NB-1084,118.0,185.0,13,182.8
2024-02-19,NB-1084,66.0,215.0,13,182.8
2024-02-26,NB-1084,262.0,0.0,13,182.8
2024-03-04,NB-1084,212.0,0.0,13,182.8
2024-03-11,NB-1084,159.0,0.0,13,182.8
2024-03-18,NB-1084,100.0,0.0,13,182.8
2024-03-25,NB-1084,236.0,0.0,13,182.8
2024-04-01,NB-1084,183.0,0.0,13,182.8
2024-04-08,NB-1084,373.0,0.0,13,182.8
2024-04-15,NB-1084,332.0,0.0,13,182.8
2024-04-22,NB-1084,288.0,0.0,13,182.8
2024-04-29,NB-1084,216.0,0.0,13,182.8
2024-05-06,NB-1084,374.0,0.0,13,182.8
2024-05-13,NB-1084,299.0,0.0,13,182.8
2024-05-20,NB-1084,237.0,0.0,13,182.8
2024-05-27,NB-1084,153.0,225.0,13,182.8
2024-06-03,NB-1084,81.0,0.0,13,182.8
2024-06-10,NB-1084,8.0,0.0,13,182.8
2024-06-17,NB-1084,0.0,0.0,13,182.8
2024-06-24,NB-1084,180.0,0.0,13,182.8
2024-07-01,NB-1084,85.0,232.0,13,182.8
2024-07-08,NB-1084,0.0,0.0,13,182.8
2024-07-15,NB-1084,0.0,0.0,13,182.8
2024-07-22,NB-1084,0.0,0.0,13,182.8
2024-07-29,NB-1084,132.0,0.0,13,182.8
2024-08-05,NB-1084,229.0,0.0,13,182.8
2024-08-12,NB-1084,99.0,0.0,13,182.8
2024-08-19,NB-1084,0.0,250.0,13,182.8
2024-08-26,NB-1084,0.0,0.0,13,182.8
2024-09-02,NB-1084,0.0,0.0,13,182.8
2024-09-09,NB-1084,0.0,234.0,13,182.8
2024-09-16,NB-1084,247.0,247.0,13,182.8
2024-09-23,NB-1084,118.0,0.0,13,182.8
2024-09-30,NB-1084,0.0,186.0,13,182.8
2024-10-07,NB-1084,93.0,0.0,13,182.8
2024-10-14,NB-1084,0.0,251.0,13,182.8
2024-10-21,NB-1084,0.0,0.0,13,182.8
2024-10-28,NB-1084,0.0,241.0,13,182.8
2024-11-04,NB-1084,0.0,0.0,13,182.8
2024-11-11,NB-1084,0.0,221.0,13,182.8
2024-11-18,NB-1084,114.0,0.0,13,182.8
2024-11-25,NB-1084,177.0,0.0,13,182.8
2024-12-02,NB-1084,63.0,0.0,13,182.8
2024-12-09,NB-1084,170.0,0.0,13,182.8
2024-12-16,NB-1084,304.0,0.0,13,182.8
2024-12-23,NB-1084,207.0,0.0,13,182.8
2024-12-30,NB-1084,309.0,0.0,13,182.8
2025-01-06,NB-1084,205.0,0.0,13,182.8
2025-01-13,NB-1084,118.0,0.0,13,182.8
2025-01-20,NB-1084,28.0,0.0,13,182.8
2025-01-27,NB-1084,198.0,0.0,13,182.8
2025-02-03,NB-1084,120.0,0.0,13,182.8
2025-02-10,NB-1084,234.0,0.0,13,182.8
2025-02-17,NB-1084,159.0,0.0,13,182.8
2025-02-24,NB-1084,80.0,0.0,13,182.8
2025-03-03,NB-1084,0.0,0.0,13,182.8
2025-03-10,NB-1084,219.0,219.0,13,182.8
2025-03-17,NB-1084,147.0,0.0,13,182.8
2025-03-24,NB-1084,338.0,258.0,13,182.8
2025-03-31,NB-1084,261.0,0.0,13,182.8
2025-04-07,NB-1084,175.0,221.0,13,182.8
2025-04-14,NB-1084,342.0,254.0,13,182.8
2025-04-21,NB-1084,279.0,0.0,13,182.8
2025-04-28,NB-1084,220.0,0.0,13,182.8
2025-05-05,NB-1084,148.0,0.0,13,182.8
2025-05-12,NB-1084,254.0,0.0,13,182.8
2025-05-19,NB-1084,124.0,0.0,13,182.8
2025-05-26,NB-1084,19.0,0.0,13,182.8
2025-06-02,NB-1084,0.0,0.0,13,182.8
2025-06-09,NB-1084,144.0,0.0,13,182.8
2025-06-16,NB-1084,23.0,0.0,13,182.8
2025-06-23,NB-1084,142.0,270.0,13,182.8
2025-06-30,NB-1084,228.0,0.0,13,182.8
2025-07-07,NB-1084,72.0,0.0,13,182.8
2025-07-14,NB-1084,0.0,0.0,13,182.8
2025-07-21,NB-1084,0.0,204.0,13,182.8
2025-07-28,NB-1084,0.0,0.0,13,182.8
2025-08-04,NB-1084,125.0,0.0,13,182.8
2025-08-11,NB-1084,0.0,0.0,13,182.8
2025-08-18,NB-1084,0.0,0.0,13,182.8
2025-08-25,NB-1084,85.0,0.0,13,182.8
2025-09-01,NB-1084,0.0,0.0,13,182.8
2025-09-08,NB-1084,0.0,213.0,13,182.8
2025-09-15,NB-1084,0.0,0.0,13,182.8
2025-09-22,NB-1084,0.0,0.0,13,182.8
2025-09-29,NB-1084,0.0,206.0,13,182.8
2025-10-06,NB-1084,181.0,181.0,13,182.8
2025-10-13,NB-1084,268.0,247.0,13,182.8
2025-10-20,NB-1084,34.0,0.0,13,182.8
2025-10-27,NB-1084,183.0,0.0,13,182.8
2025-11-03,NB-1084,229.0,0.0,13,182.8
2025-11-10,NB-1084,83.0,0.0,13,182.8
2025-11-17,NB-1084,0.0,172.0,13,182.8
2025-11-24,NB-1084,0.0,274.0,13,182.8
2025-12-01,NB-1084,205.0,0.0,13,182.8
2025-12-08,NB-1084,85.0,0.0,13,182.8
2025-12-15,NB-1084,0.0,0.0,13,182.8
2025-12-22,NB-1084,0.0,0.0,13,182.8
2025-12-29,NB-1084,0.0,197.0,13,182.8
2024-01-01,NB-1085,207.0,0.0,7,294.1
2024-01-08,NB-1085,96.0,0.0,7,294.1
2024-01-15,NB-1085,0.0,0.0,7,294.1
2024-01-22,NB-1085,0.0,0.0,7,294.1
2024-01-29,NB-1085,0.0,0.0,7,294.1
2024-02-05,NB-1085,0.0,0.0,7,294.1
2024-02-12,NB-1085,0.0,364.0,7,294.1
2024-02-19,NB-1085,0.0,0.0,7,294.1
2024-02-26,NB-1085,310.0,0.0,7,294.1
2024-03-04,NB-1085,102.0,0.0,7,294.1
2024-03-11,NB-1085,0.0,369.0,7,294.1
2024-03-18,NB-1085,557.0,275.0,7,294.1
2024-03-25,NB-1085,273.0,272.0,7,294.1
2024-04-01,NB-1085,0.0,0.0,7,294.1
2024-04-08,NB-1085,0.0,0.0,7,294.1
2024-04-15,NB-1085,0.0,316.0,7,294.1
2024-04-22,NB-1085,0.0,0.0,7,294.1
2024-04-29,NB-1085,0.0,361.0,7,294.1
2024-05-06,NB-1085,305.0,0.0,7,294.1
2024-05-13,NB-1085,347.0,0.0,7,294.1
2024-05-20,NB-1085,52.0,0.0,7,294.1
2024-05-27,NB-1085,0.0,0.0,7,294.1
2024-06-03,NB-1085,262.0,0.0,7,294.1
2024-06-10,NB-1085,0.0,0.0,7,294.1
2024-06-17,NB-1085,0.0,335.0,7,294.1
2024-06-24,NB-1085,224.0,0.0,7,294.1
2024-07-01,NB-1085,419.0,419.0,7,294.1
2024-07-08,NB-1085,441.0,0.0,7,294.1
2024-07-15,NB-1085,31.0,0.0,7,294.1
2024-07-22,NB-1085,273.0,389.0,7,294.1
2024-07-29,NB-1085,0.0,0.0,7,294.1
2024-08-05,NB-1085,0.0,0.0,7,294.1
2024-08-12,NB-1085,0.0,0.0,7,294.1
2024-08-19,NB-1085,0.0,0.0,7,294.1
2024-08-26,NB-1085,0.0,404.0,7,294.1
2024-09-02,NB-1085,0.0,0.0,7,294.1
2024-09-09,NB-1085,0.0,0.0,7,294.1
2024-09-16,NB-1085,0.0,0.0,7,294.1
2024-09-23,NB-1085,382.0,382.0,7,294.1
2024-09-30,NB-1085,116.0,379.0,7,294.1
2024-10-07,NB-1085,444.0,444.0,7,294.1
2024-10-14,NB-1085,501.0,0.0,7,294.1
2024-10-21,NB-1085,276.0,0.0,7,294.1
2024-10-28,NB-1085,97.0,0.0,7,294.1
2024-11-04,NB-1085,0.0,0.0,7,294.1
2024-11-11,NB-1085,369.0,0.0,7,294.1
2024-11-18,NB-1085,209.0,0.0,7,294.1
2024-11-25,NB-1085,28.0,0.0,7,294.1
2024-12-02,NB-1085,0.0,0.0,7,294.1
2024-12-09,NB-1085,0.0,400.0,7,294.1
2024-12-16,NB-1085,351.0,0.0,7,294.1
2024-12-23,NB-1085,228.0,0.0,7,294.1
2024-12-30,NB-1085,91.0,0.0,7,294.1
2025-01-06,NB-1085,0.0,0.0,7,294.1
2025-01-13,NB-1085,209.0,0.0,7,294.1
2025-01-20,NB-1085,483.0,0.0,7,294.1
2025-01-27,NB-1085,295.0,0.0,7,294.1
2025-02-03,NB-1085,78.0,0.0,7,294.1
2025-02-10,NB-1085,0.0,0.0,7,294.1
2025-02-17,NB-1085,146.0,0.0,7,294.1
2025-02-24,NB-1085,0.0,0.0,7,294.1
2025-03-03,NB-1085,313.0,0.0,7,294.1
2025-03-10,NB-1085,340.0,0.0,7,294.1
2025-03-17,NB-1085,425.0,0.0,7,294.1
2025-03-24,NB-1085,98.0,287.0,7,294.1
2025-03-31,NB-1085,0.0,0.0,7,294.1
2025-04-07,NB-1085,87.0,0.0,7,294.1
2025-04-14,NB-1085,0.0,402.0,7,294.1
2025-04-21,NB-1085,0.0,430.0,7,294.1
2025-04-28,NB-1085,0.0,0.0,7,294.1
2025-05-05,NB-1085,0.0,0.0,7,294.1
2025-05-12,NB-1085,0.0,0.0,7,294.1
2025-05-19,NB-1085,0.0,0.0,7,294.1
2025-05-26,NB-1085,0.0,0.0,7,294.1
2025-06-02,NB-1085,0.0,349.0,7,294.1
2025-06-09,NB-1085,0.0,0.0,7,294.1
2025-06-16,NB-1085,0.0,0.0,7,294.1
2025-06-23,NB-1085,0.0,0.0,7,294.1
2025-06-30,NB-1085,0.0,0.0,7,294.1
2025-07-07,NB-1085,0.0,0.0,7,294.1
2025-07-14,NB-1085,0.0,0.0,7,294.1
2025-07-21,NB-1085,0.0,0.0,7,294.1
2025-07-28,NB-1085,0.0,0.0,7,294.1
2025-08-04,NB-1085,0.0,0.0,7,294.1
2025-08-11,NB-1085,0.0,0.0,7,294.1
2025-08-18,NB-1085,0.0,0.0,7,294.1
2025-08-25,NB-1085,0.0,359.0,7,294.1
2025-09-01,NB-1085,394.0,394.0,7,294.1
2025-09-08,NB-1085,0.0,0.0,7,294.1
2025-09-15,NB-1085,0.0,314.0,7,294.1
2025-09-22,NB-1085,291.0,430.0,7,294.1
2025-09-29,NB-1085,357.0,357.0,7,294.1
2025-10-06,NB-1085,498.0,0.0,7,294.1
2025-10-13,NB-1085,228.0,0.0,7,294.1
2025-10-20,NB-1085,0.0,0.0,7,294.1
2025-10-27,NB-1085,225.0,328.0,7,294.1
2025-11-03,NB-1085,7.0,344.0,7,294.1
2025-11-10,NB-1085,0.0,0.0,7,294.1
2025-11-17,NB-1085,32.0,338.0,7,294.1
2025-11-24,NB-1085,0.0,0.0,7,294.1
2025-12-01,NB-1085,298.0,0.0,7,294.1
2025-12-08,NB-1085,118.0,0.0,7,294.1
2025-12-15,NB-1085,0.0,0.0,7,294.1
2025-12-22,NB-1085,0.0,0.0,7,294.1
2025-12-29,NB-1085,232.0,382.0,7,294.1
2024-01-01,NB-1086,585.0,323.0,6,299.6
2024-01-08,NB-1086,398.0,0.0,6,299.6
2024-01-15,NB-1086,263.0,371.0,6,299.6
2024-01-22,NB-1086,533.0,0.0,6,299.6
2024-01-29,NB-1086,315.0,0.0,6,299.6
2024-02-05,NB-1086,402.0,295.0,6,299.6
2024-02-12,NB-1086,211.0,0.0,6,299.6
2024-02-19,NB-1086,484.0,0.0,6,299.6
2024-02-26,NB-1086,723.0,438.0,6,299.6
2024-03-04,NB-1086,539.0,0.0,6,299.6
2024-03-11,NB-1086,330.0,0.0,6,299.6
2024-03-18,NB-1086,146.0,405.0,6,299.6
2024-03-25,NB-1086,0.0,0.0,6,299.6
2024-04-01,NB-1086,403.0,0.0,6,299.6
2024-04-08,NB-1086,127.0,0.0,6,299.6
2024-04-15,NB-1086,0.0,0.0,6,299.6
2024-04-22,NB-1086,0.0,0.0,6,299.6
2024-04-29,NB-1086,269.0,0.0,6,299.6
2024-05-06,NB-1086,0.0,285.0,6,299.6
2024-05-13,NB-1086,0.0,0.0,6,299.6
2024-05-20,NB-1086,0.0,0.0,6,299.6
2024-05-27,NB-1086,0.0,0.0,6,299.6
2024-06-03,NB-1086,280.0,0.0,6,299.6
2024-06-10,NB-1086,192.0,415.0,6,299.6
2024-06-17,NB-1086,0.0,0.0,6,299.6
2024-06-24,NB-1086,0.0,0.0,6,299.6
2024-07-01,NB-1086,316.0,0.0,6,299.6
2024-07-08,NB-1086,627.0,362.0,6,299.6
2024-07-15,NB-1086,160.0,0.0,6,299.6
2024-07-22,NB-1086,0.0,0.0,6,299.6
2024-07-29,NB-1086,270.0,0.0,6,299.6
2024-08-05,NB-1086,302.0,0.0,6,299.6
2024-08-12,NB-1086,0.0,409.0,6,299.6
2024-08-19,NB-1086,179.0,0.0,6,299.6
2024-08-26,NB-1086,335.0,0.0,6,299.6
2024-09-02,NB-1086,6.0,302.0,6,299.6
2024-09-09,NB-1086,0.0,397.0,6,299.6
2024-09-16,NB-1086,554.0,301.0,6,299.6
2024-09-23,NB-1086,325.0,0.0,6,299.6
2024-09-30,NB-1086,473.0,0.0,6,299.6
2024-10-07,NB-1086,190.0,0.0,6,299.6
2024-10-14,NB-1086,345.0,0.0,6,299.6
2024-10-21,NB-1086,136.0,0.0,6,299.6
2024-10-28,NB-1086,0.0,389.0,6,299.6
2024-11-04,NB-1086,366.0,0.0,6,299.6
2024-11-11,NB-1086,176.0,0.0,6,299.6
2024-11-18,NB-1086,279.0,0.0,6,299.6
2024-11-25,NB-1086,69.0,0.0,6,299.6
2024-12-02,NB-1086,0.0,0.0,6,299.6
2024-12-09,NB-1086,254.0,0.0,6,299.6
2024-12-16,NB-1086,94.0,408.0,6,299.6
2024-12-23,NB-1086,0.0,0.0,6,299.6
2024-12-30,NB-1086,0.0,0.0,6,299.6
2025-01-06,NB-1086,0.0,0.0,6,299.6
2025-01-13,NB-1086,0.0,356.0,6,299.6
2025-01-20,NB-1086,408.0,408.0,6,299.6
2025-01-27,NB-1086,667.0,408.0,6,299.6
2025-02-03,NB-1086,507.0,0.0,6,299.6
2025-02-10,NB-1086,339.0,0.0,6,299.6
2025-02-17,NB-1086,584.0,0.0,6,299.6
2025-02-24,NB-1086,360.0,0.0,6,299.6
2025-03-03,NB-1086,496.0,0.0,6,299.6
2025-03-10,NB-1086,315.0,0.0,6,299.6
2025-03-17,NB-1086,99.0,316.0,6,299.6
2025-03-24,NB-1086,358.0,0.0,6,299.6
2025-03-31,NB-1086,59.0,0.0,6,299.6
2025-04-07,NB-1086,312.0,312.0,6,299.6
2025-04-14,NB-1086,83.0,0.0,6,299.6
2025-04-21,NB-1086,0.0,0.0,6,299.6
2025-04-28,NB-1086,0.0,347.0,6,299.6
2025-05-05,NB-1086,0.0,420.0,6,299.6
2025-05-12,NB-1086,443.0,443.0,6,299.6
2025-05-19,NB-1086,71.0,386.0,6,299.6
2025-05-26,NB-1086,0.0,0.0,6,299.6
2025-06-02,NB-1086,0.0,0.0,6,299.6
2025-06-09,NB-1086,0.0,381.0,6,299.6
2025-06-16,NB-1086,0.0,0.0,6,299.6
2025-06-23,NB-1086,213.0,0.0,6,299.6
2025-06-30,NB-1086,0.0,0.0,6,299.6
2025-07-07,NB-1086,0.0,399.0,6,299.6
2025-07-14,NB-1086,0.0,449.0,6,299.6
2025-07-21,NB-1086,0.0,0.0,6,299.6
2025-07-28,NB-1086,0.0,421.0,6,299.6
2025-08-04,NB-1086,0.0,0.0,6,299.6
2025-08-11,NB-1086,0.0,298.0,6,299.6
2025-08-18,NB-1086,0.0,0.0,6,299.6
2025-08-25,NB-1086,0.0,394.0,6,299.6
2025-09-01,NB-1086,0.0,0.0,6,299.6
2025-09-08,NB-1086,264.0,0.0,6,299.6
2025-09-15,NB-1086,0.0,404.0,6,299.6
2025-09-22,NB-1086,0.0,0.0,6,299.6
2025-09-29,NB-1086,361.0,0.0,6,299.6
2025-10-06,NB-1086,95.0,307.0,6,299.6
2025-10-13,NB-1086,0.0,0.0,6,299.6
2025-10-20,NB-1086,117.0,0.0,6,299.6
2025-10-27,NB-1086,0.0,0.0,6,299.6
2025-11-03,NB-1086,0.0,369.0,6,299.6
2025-11-10,NB-1086,242.0,306.0,6,299.6
2025-11-17,NB-1086,339.0,0.0,6,299.6
2025-11-24,NB-1086,133.0,367.0,6,299.6
2025-12-01,NB-1086,446.0,0.0,6,299.6
2025-12-08,NB-1086,295.0,285.0,6,299.6
2025-12-15,NB-1086,136.0,0.0,6,299.6
2025-12-22,NB-1086,436.0,0.0,6,299.6
2025-12-29,NB-1086,280.0,0.0,6,299.6
2024-01-01,NB-1087,91.0,0.0,10,421.1
2024-01-08,NB-1087,0.0,0.0,10,421.1
2024-01-15,NB-1087,0.0,0.0,10,421.1
2024-01-22,NB-1087,0.0,0.0,10,421.1
2024-01-29,NB-1087,0.0,0.0,10,421.1
2024-02-05,NB-1087,0.0,0.0,10,421.1
2024-02-12,NB-1087,469.0,469.0,10,421.1
2024-02-19,NB-1087,200.0,527.0,10,421.1
2024-02-26,NB-1087,0.0,0.0,10,421.1
2024-03-04,NB-1087,0.0,454.0,10,421.1
2024-03-11,NB-1087,521.0,521.0,10,421.1
2024-03-18,NB-1087,190.0,0.0,10,421.1
2024-03-25,NB-1087,0.0,0.0,10,421.1
2024-04-01,NB-1087,190.0,573.0,10,421.1
2024-04-08,NB-1087,0.0,0.0,10,421.1
2024-04-15,NB-1087,0.0,417.0,10,421.1
2024-04-22,NB-1087,263.0,577.0,10,421.1
2024-04-29,NB-1087,625.0,0.0,10,421.1
2024-05-06,NB-1087,342.0,0.0,10,421.1
2024-05-13,NB-1087,612.0,0.0,10,421.1
2024-05-20,NB-1087,354.0,0.0,10,421.1
2024-05-27,NB-1087,631.0,0.0,10,421.1
2024-06-03,NB-1087,402.0,0.0,10,421.1
2024-06-10,NB-1087,203.0,0.0,10,421.1
2024-06-17,NB-1087,397.0,0.0,10,421.1
2024-06-24,NB-1087,87.0,0.0,10,421.1
2024-07-01,NB-1087,0.0,0.0,10,421.1
2024-07-08,NB-1087,0.0,0.0,10,421.1
2024-07-15,NB-1087,0.0,0.0,10,421.1
2024-07-22,NB-1087,529.0,0.0,10,421.1
2024-07-29,NB-1087,789.0,0.0,10,421.1
2024-08-05,NB-1087,538.0,0.0,10,421.1
2024-08-12,NB-1087,301.0,0.0,10,421.1
2024-08-19,NB-1087,625.0,0.0,10,421.1
2024-08-26,NB-1087,417.0,0.0,10,421.1
2024-09-02,NB-1087,183.0,0.0,10,421.1
2024-09-09,NB-1087,0.0,0.0,10,421.1
2024-09-16,NB-1087,848.0,537.0,10,421.1
2024-09-23,NB-1087,556.0,0.0,10,421.1
2024-09-30,NB-1087,252.0,0.0,10,421.1
2024-10-07,NB-1087,0.0,427.0,10,421.1
2024-10-14,NB-1087,0.0,438.0,10,421.1
2024-10-21,NB-1087,455.0,0.0,10,421.1
2024-10-28,NB-1087,667.0,0.0,10,421.1
2024-11-04,NB-1087,387.0,519.0,10,421.1
2024-11-11,NB-1087,26.0,0.0,10,421.1
2024-11-18,NB-1087,0.0,0.0,10,421.1
2024-11-25,NB-1087,0.0,468.0,10,421.1
2024-12-02,NB-1087,344.0,0.0,10,421.1
2024-12-09,NB-1087,607.0,0.0,10,421.1
2024-12-16,NB-1087,810.0,0.0,10,421.1
2024-12-23,NB-1087,459.0,0.0,10,421.1
2024-12-30,NB-1087,506.0,0.0,10,421.1
2025-01-06,NB-1087,112.0,445.0,10,421.1
2025-01-13,NB-1087,0.0,0.0,10,421.1
2025-01-20,NB-1087,0.0,0.0,10,421.1
2025-01-27,NB-1087,0.0,0.0,10,421.1
2025-02-03,NB-1087,0.0,542.0,10,421.1
2025-02-10,NB-1087,0.0,0.0,10,421.1
2025-02-17,NB-1087,0.0,0.0,10,421.1
2025-02-24,NB-1087,0.0,0.0,10,421.1
2025-03-03,NB-1087,0.0,0.0,10,421.1
2025-03-10,NB-1087,0.0,0.0,10,421.1
2025-03-17,NB-1087,274.0,0.0,10,421.1
2025-03-24,NB-1087,303.0,0.0,10,421.1
2025-03-31,NB-1087,0.0,0.0,10,421.1
2025-04-07,NB-1087,555.0,0.0,10,421.1
2025-04-14,NB-1087,194.0,394.0,10,421.1
2025-04-21,NB-1087,436.0,0.0,10,421.1
2025-04-28,NB-1087,29.0,416.0,10,421.1
2025-05-05,NB-1087,0.0,0.0,10,421.1
2025-05-12,NB-1087,372.0,478.0,10,421.1
2025-05-19,NB-1087,0.0,0.0,10,421.1
2025-05-26,NB-1087,0.0,0.0,10,421.1
2025-06-02,NB-1087,217.0,406.0,10,421.1
2025-06-09,NB-1087,470.0,0.0,10,421.1
2025-06-16,NB-1087,140.0,0.0,10,421.1
2025-06-23,NB-1087,0.0,0.0,10,421.1
2025-06-30,NB-1087,0.0,0.0,10,421.1
2025-07-07,NB-1087,0.0,0.0,10,421.1
2025-07-14,NB-1087,508.0,0.0,10,421.1
2025-07-21,NB-1087,78.0,553.0,10,421.1
2025-07-28,NB-1087,0.0,0.0,10,421.1
2025-08-04,NB-1087,0.0,0.0,10,421.1
2025-08-11,NB-1087,385.0,0.0,10,421.1
2025-08-18,NB-1087,419.0,419.0,10,421.1
2025-08-25,NB-1087,67.0,0.0,10,421.1
2025-09-01,NB-1087,0.0,0.0,10,421.1
2025-09-08,NB-1087,0.0,482.0,10,421.1
2025-09-15,NB-1087,0.0,0.0,10,421.1
2025-09-22,NB-1087,0.0,0.0,10,421.1
2025-09-29,NB-1087,0.0,0.0,10,421.1
2025-10-06,NB-1087,0.0,0.0,10,421.1
2025-10-13,NB-1087,532.0,0.0,10,421.1
2025-10-20,NB-1087,20.0,0.0,10,421.1
2025-10-27,NB-1087,112.0,0.0,10,421.1
2025-11-03,NB-1087,445.0,0.0,10,421.1
2025-11-10,NB-1087,0.0,622.0,10,421.1
2025-11-17,NB-1087,0.0,392.0,10,421.1
2025-11-24,NB-1087,0.0,0.0,10,421.1
2025-12-01,NB-1087,0.0,0.0,10,421.1
2025-12-08,NB-1087,0.0,0.0,10,421.1
2025-12-15,NB-1087,0.0,0.0,10,421.1
2025-12-22,NB-1087,0.0,0.0,10,421.1
2025-12-29,NB-1087,464.0,0.0,10,421.1
2024-01-01,NB-1088,286.0,0.0,15,117.8
2024-01-08,NB-1088,221.0,0.0,15,117.8
2024-01-15,NB-1088,193.0,0.0,15,117.8
2024-01-22,NB-1088,141.0,0.0,15,117.8
2024-01-29,NB-1088,88.0,154.0,15,117.8
2024-02-05,NB-1088,46.0,0.0,15,117.8
2024-02-12,NB-1088,136.0,0.0,15,117.8
2024-02-19,NB-1088,101.0,0.0,15,117.8
2024-02-26,NB-1088,63.0,0.0,15,117.8
2024-03-04,NB-1088,201.0,0.0,15,117.8
2024-03-11,NB-1088,145.0,0.0,15,117.8
2024-03-18,NB-1088,112.0,0.0,15,117.8
2024-03-25,NB-1088,70.0,0.0,15,117.8
2024-04-01,NB-1088,195.0,0.0,15,117.8
2024-04-08,NB-1088,149.0,0.0,15,117.8
2024-04-15,NB-1088,122.0,0.0,15,117.8
2024-04-22,NB-1088,76.0,0.0,15,117.8
2024-04-29,NB-1088,43.0,0.0,15,117.8
2024-05-06,NB-1088,11.0,0.0,15,117.8
2024-05-13,NB-1088,122.0,122.0,15,117.8
2024-05-20,NB-1088,93.0,0.0,15,117.8
2024-05-27,NB-1088,65.0,120.0,15,117.8
2024-06-03,NB-1088,18.0,0.0,15,117.8
2024-06-10,NB-1088,113.0,0.0,15,117.8
2024-06-17,NB-1088,56.0,0.0,15,117.8
2024-06-24,NB-1088,18.0,0.0,15,117.8
2024-07-01,NB-1088,111.0,165.0,15,117.8
2024-07-08,NB-1088,62.0,136.0,15,117.8
2024-07-15,NB-1088,27.0,169.0,15,117.8
2024-07-22,NB-1088,144.0,0.0,15,117.8
2024-07-29,NB-1088,105.0,0.0,15,117.8
2024-08-05,NB-1088,49.0,0.0,15,117.8
2024-08-12,NB-1088,23.0,0.0,15,117.8
2024-08-19,NB-1088,0.0,0.0,15,117.8
2024-08-26,NB-1088,103.0,0.0,15,117.8
2024-09-02,NB-1088,64.0,0.0,15,117.8
2024-09-09,NB-1088,1.0,0.0,15,117.8
2024-09-16,NB-1088,0.0,0.0,15,117.8
2024-09-23,NB-1088,131.0,0.0,15,117.8
2024-09-30,NB-1088,80.0,123.0,15,117.8
2024-10-07,NB-1088,0.0,0.0,15,117.8
2024-10-14,NB-1088,0.0,0.0,15,117.8
2024-10-21,NB-1088,170.0,0.0,15,117.8
2024-10-28,NB-1088,124.0,0.0,15,117.8
2024-11-04,NB-1088,234.0,0.0,15,117.8
2024-11-11,NB-1088,179.0,0.0,15,117.8
2024-11-18,NB-1088,124.0,0.0,15,117.8
2024-11-25,NB-1088,168.0,0.0,15,117.8
2024-12-02,NB-1088,111.0,0.0,15,117.8
2024-12-09,NB-1088,180.0,0.0,15,117.8
2024-12-16,NB-1088,261.0,153.0,15,117.8
2024-12-23,NB-1088,157.0,0.0,15,117.8
2024-12-30,NB-1088,73.0,0.0,15,117.8
2025-01-06,NB-1088,19.0,0.0,15,117.8
2025-01-13,NB-1088,0.0,0.0,15,117.8
2025-01-20,NB-1088,0.0,0.0,15,117.8
2025-01-27,NB-1088,134.0,0.0,15,117.8
2025-02-03,NB-1088,152.0,0.0,15,117.8
2025-02-10,NB-1088,268.0,173.0,15,117.8
2025-02-17,NB-1088,213.0,0.0,15,117.8
2025-02-24,NB-1088,119.0,0.0,15,117.8
2025-03-03,NB-1088,131.0,0.0,15,117.8
2025-03-10,NB-1088,164.0,0.0,15,117.8
2025-03-17,NB-1088,124.0,0.0,15,117.8
2025-03-24,NB-1088,76.0,137.0,15,117.8
2025-03-31,NB-1088,114.0,0.0,15,117.8
2025-04-07,NB-1088,31.0,154.0,15,117.8
2025-04-14,NB-1088,0.0,0.0,15,117.8
2025-04-21,NB-1088,0.0,168.0,15,117.8
2025-04-28,NB-1088,93.0,0.0,15,117.8
2025-05-05,NB-1088,200.0,0.0,15,117.8
2025-05-12,NB-1088,139.0,0.0,15,117.8
2025-05-19,NB-1088,39.0,147.0,15,117.8
2025-05-26,NB-1088,0.0,148.0,15,117.8
2025-06-02,NB-1088,0.0,0.0,15,117.8
2025-06-09,NB-1088,73.0,0.0,15,117.8
2025-06-16,NB-1088,186.0,0.0,15,117.8
2025-06-23,NB-1088,136.0,0.0,15,117.8
2025-06-30,NB-1088,246.0,0.0,15,117.8
2025-07-07,NB-1088,194.0,0.0,15,117.8
2025-07-14,NB-1088,137.0,0.0,15,117.8
2025-07-21,NB-1088,55.0,0.0,15,117.8
2025-07-28,NB-1088,0.0,0.0,15,117.8
2025-08-04,NB-1088,113.0,0.0,15,117.8
2025-08-11,NB-1088,170.0,0.0,15,117.8
2025-08-18,NB-1088,108.0,0.0,15,117.8
2025-08-25,NB-1088,55.0,0.0,15,117.8
2025-09-01,NB-1088,0.0,0.0,15,117.8
2025-09-08,NB-1088,0.0,0.0,15,117.8
2025-09-15,NB-1088,97.0,121.0,15,117.8
2025-09-22,NB-1088,14.0,0.0,15,117.8
2025-09-29,NB-1088,109.0,0.0,15,117.8
2025-10-06,NB-1088,164.0,0.0,15,117.8
2025-10-13,NB-1088,77.0,0.0,15,117.8
2025-10-20,NB-1088,0.0,0.0,15,117.8
2025-10-27,NB-1088,0.0,178.0,15,117.8
2025-11-03,NB-1088,0.0,0.0,15,117.8
2025-11-10,NB-1088,57.0,127.0,15,117.8
2025-11-17,NB-1088,0.0,0.0,15,117.8
2025-11-24,NB-1088,138.0,0.0,15,117.8
2025-12-01,NB-1088,48.0,0.0,15,117.8
2025-12-08,NB-1088,0.0,177.0,15,117.8
2025-12-15,NB-1088,0.0,0.0,15,117.8
2025-12-22,NB-1088,0.0,0.0,15,117.8
2025-12-29,NB-1088,114.0,114.0,15,117.8
2024-01-01,NB-1089,254.0,0.0,15,507.0
2024-01-08,NB-1089,0.0,498.0,15,507.0
2024-01-15,NB-1089,0.0,0.0,15,507.0
2024-01-22,NB-1089,0.0,0.0,15,507.0
2024-01-29,NB-1089,0.0,0.0,15,507.0
2024-02-05,NB-1089,0.0,0.0,15,507.0
2024-02-12,NB-1089,0.0,0.0,15,507.0
2024-02-19,NB-1089,0.0,0.0,15,507.0
2024-02-26,NB-1089,0.0,0.0,15,507.0
2024-03-04,NB-1089,0.0,647.0,15,507.0
2024-03-11,NB-1089,0.0,0.0,15,507.0
2024-03-18,NB-1089,0.0,747.0,15,507.0
2024-03-25,NB-1089,1158.0,679.0,15,507.0
2024-04-01,NB-1089,891.0,0.0,15,507.0
2024-04-08,NB-1089,625.0,0.0,15,507.0
2024-04-15,NB-1089,1023.0,0.0,15,507.0
2024-04-22,NB-1089,757.0,0.0,15,507.0
2024-04-29,NB-1089,442.0,0.0,15,507.0
2024-05-06,NB-1089,261.0,566.0,15,507.0
2024-05-13,NB-1089,10.0,556.0,15,507.0
2024-05-20,NB-1089,492.0,472.0,15,507.0
2024-05-27,NB-1089,256.0,0.0,15,507.0
2024-06-03,NB-1089,641.0,0.0,15,507.0
2024-06-10,NB-1089,392.0,0.0,15,507.0
2024-06-17,NB-1089,828.0,0.0,15,507.0
2024-06-24,NB-1089,605.0,0.0,15,507.0
2024-07-01,NB-1089,436.0,0.0,15,507.0
2024-07-08,NB-1089,306.0,0.0,15,507.0
2024-07-15,NB-1089,104.0,665.0,15,507.0
2024-07-22,NB-1089,0.0,0.0,15,507.0
2024-07-29,NB-1089,0.0,702.0,15,507.0
2024-08-05,NB-1089,0.0,0.0,15,507.0
2024-08-12,NB-1089,623.0,0.0,15,507.0
2024-08-19,NB-1089,438.0,0.0,15,507.0
2024-08-26,NB-1089,297.0,0.0,15,507.0
2024-09-02,NB-1089,636.0,0.0,15,507.0
2024-09-09,NB-1089,491.0,0.0,15,507.0
2024-09-16,NB-1089,317.0,642.0,15,507.0
2024-09-23,NB-1089,740.0,0.0,15,507.0
2024-09-30,NB-1089,540.0,0.0,15,507.0
2024-10-07,NB-1089,323.0,722.0,15,507.0
2024-10-14,NB-1089,160.0,0.0,15,507.0
2024-10-21,NB-1089,702.0,0.0,15,507.0
2024-10-28,NB-1089,526.0,0.0,15,507.0
2024-11-04,NB-1089,371.0,0.0,15,507.0
2024-11-11,NB-1089,836.0,0.0,15,507.0
2024-11-18,NB-1089,627.0,0.0,15,507.0
2024-11-25,NB-1089,398.0,0.0,15,507.0
2024-12-02,NB-1089,664.0,0.0,15,507.0
2024-12-09,NB-1089,415.0,0.0,15,507.0
2024-12-16,NB-1089,162.0,0.0,15,507.0
2024-12-23,NB-1089,0.0,0.0,15,507.0
2024-12-30,NB-1089,0.0,0.0,15,507.0
2025-01-06,NB-1089,779.0,779.0,15,507.0
2025-01-13,NB-1089,328.0,0.0,15,507.0
2025-01-20,NB-1089,32.0,549.0,15,507.0
2025-01-27,NB-1089,0.0,0.0,15,507.0
2025-02-03,NB-1089,469.0,656.0,15,507.0
2025-02-10,NB-1089,663.0,0.0,15,507.0
2025-02-17,NB-1089,245.0,0.0,15,507.0
2025-02-24,NB-1089,575.0,0.0,15,507.0
2025-03-03,NB-1089,31.0,0.0,15,507.0
2025-03-10,NB-1089,0.0,0.0,15,507.0
2025-03-17,NB-1089,0.0,0.0,15,507.0
2025-03-24,NB-1089,951.0,704.0,15,507.0
2025-03-31,NB-1089,946.0,485.0,15,507.0
2025-04-07,NB-1089,516.0,0.0,15,507.0
2025-04-14,NB-1089,615.0,0.0,15,507.0
2025-04-21,NB-1089,170.0,0.0,15,507.0
2025-04-28,NB-1089,0.0,0.0,15,507.0
2025-05-05,NB-1089,663.0,663.0,15,507.0
2025-05-12,NB-1089,255.0,0.0,15,507.0
2025-05-19,NB-1089,494.0,0.0,15,507.0
2025-05-26,NB-1089,154.0,0.0,15,507.0
2025-06-02,NB-1089,593.0,0.0,15,507.0
2025-06-09,NB-1089,768.0,0.0,15,507.0
2025-06-16,NB-1089,513.0,0.0,15,507.0
2025-06-23,NB-1089,952.0,0.0,15,507.0
2025-06-30,NB-1089,732.0,0.0,15,507.0
2025-07-07,NB-1089,496.0,0.0,15,507.0
2025-07-14,NB-1089,276.0,697.0,15,507.0
2025-07-21,NB-1089,0.0,0.0,15,507.0
2025-07-28,NB-1089,346.0,0.0,15,507.0
2025-08-04,NB-1089,145.0,0.0,15,507.0
2025-08-11,NB-1089,383.0,0.0,15,507.0
2025-08-18,NB-1089,207.0,0.0,15,507.0
2025-08-25,NB-1089,41.0,0.0,15,507.0
2025-09-01,NB-1089,410.0,547.0,15,507.0
2025-09-08,NB-1089,119.0,0.0,15,507.0
2025-09-15,NB-1089,503.0,503.0,15,507.0
2025-09-22,NB-1089,263.0,0.0,15,507.0
2025-09-29,NB-1089,754.0,754.0,15,507.0
2025-10-06,NB-1089,520.0,0.0,15,507.0
2025-10-13,NB-1089,1003.0,0.0,15,507.0
2025-10-20,NB-1089,469.0,685.0,15,507.0
2025-10-27,NB-1089,669.0,0.0,15,507.0
2025-11-03,NB-1089,324.0,0.0,15,507.0
2025-11-10,NB-1089,0.0,725.0,15,507.0
2025-11-17,NB-1089,118.0,744.0,15,507.0
2025-11-24,NB-1089,0.0,0.0,15,507.0
2025-12-01,NB-1089,0.0,0.0,15,507.0
2025-12-08,NB-1089,0.0,0.0,15,507.0
2025-12-15,NB-1089,0.0,0.0,15,507.0
2025-12-22,NB-1089,0.0,0.0,15,507.0
2025-12-29,NB-1089,0.0,0.0,15,507.0
2024-01-01,NB-1090,84.0,0.0,12,466.6
2024-01-08,NB-1090,0.0,0.0,12,466.6
2024-01-15,NB-1090,0.0,0.0,12,466.6
2024-01-22,NB-1090,0.0,0.0,12,466.6
2024-01-29,NB-1090,0.0,0.0,12,466.6
2024-02-05,NB-1090,0.0,0.0,12,466.6
2024-02-12,NB-1090,0.0,710.0,12,466.6
2024-02-19,NB-1090,0.0,0.0,12,466.6
2024-02-26,NB-1090,413.0,0.0,12,466.6
2024-03-04,NB-1090,666.0,0.0,12,466.6
2024-03-11,NB-1090,382.0,0.0,12,466.6
2024-03-18,NB-1090,130.0,0.0,12,466.6
2024-03-25,NB-1090,0.0,0.0,12,466.6
2024-04-01,NB-1090,0.0,0.0,12,466.6
2024-04-08,NB-1090,324.0,0.0,12,466.6
2024-04-15,NB-1090,0.0,570.0,12,466.6
2024-04-22,NB-1090,412.0,512.0,12,466.6
2024-04-29,NB-1090,114.0,0.0,12,466.6
2024-05-06,NB-1090,380.0,646.0,12,466.6
2024-05-13,NB-1090,577.0,0.0,12,466.6
2024-05-20,NB-1090,294.0,665.0,12,466.6
2024-05-27,NB-1090,609.0,0.0,12,466.6
2024-06-03,NB-1090,868.0,0.0,12,466.6
2024-06-10,NB-1090,664.0,0.0,12,466.6
2024-06-17,NB-1090,275.0,616.0,12,466.6
2024-06-24,NB-1090,0.0,0.0,12,466.6
2024-07-01,NB-1090,0.0,0.0,12,466.6
2024-07-08,NB-1090,578.0,578.0,12,466.6
2024-07-15,NB-1090,342.0,0.0,12,466.6
2024-07-22,NB-1090,113.0,0.0,12,466.6
2024-07-29,NB-1090,644.0,0.0,12,466.6
2024-08-05,NB-1090,326.0,0.0,12,466.6
2024-08-12,NB-1090,117.0,0.0,12,466.6
2024-08-19,NB-1090,0.0,0.0,12,466.6
2024-08-26,NB-1090,0.0,0.0,12,466.6
2024-09-02,NB-1090,0.0,0.0,12,466.6
2024-09-09,NB-1090,0.0,0.0,12,466.6
2024-09-16,NB-1090,0.0,0.0,12,466.6
2024-09-23,NB-1090,0.0,521.0,12,466.6
2024-09-30,NB-1090,355.0,0.0,12,466.6
2024-10-07,NB-1090,150.0,0.0,12,466.6
2024-10-14,NB-1090,0.0,0.0,12,466.6
2024-10-21,NB-1090,700.0,700.0,12,466.6
2024-10-28,NB-1090,528.0,0.0,12,466.6
2024-11-04,NB-1090,918.0,0.0,12,466.6
2024-11-11,NB-1090,700.0,0.0,12,466.6
2024-11-18,NB-1090,453.0,0.0,12,466.6
2024-11-25,NB-1090,272.0,0.0,12,466.6
2024-12-02,NB-1090,753.0,0.0,12,466.6
2024-12-09,NB-1090,504.0,0.0,12,466.6
2024-12-16,NB-1090,216.0,0.0,12,466.6
2024-12-23,NB-1090,0.0,0.0,12,466.6
2024-12-30,NB-1090,0.0,0.0,12,466.6
2025-01-06,NB-1090,0.0,710.0,12,466.6
2025-01-13,NB-1090,375.0,535.0,12,466.6
2025-01-20,NB-1090,47.0,0.0,12,466.6
2025-01-27,NB-1090,0.0,624.0,12,466.6
2025-02-03,NB-1090,370.0,0.0,12,466.6
2025-02-10,NB-1090,0.0,459.0,12,466.6
2025-02-17,NB-1090,0.0,708.0,12,466.6
2025-02-24,NB-1090,0.0,0.0,12,466.6
2025-03-03,NB-1090,0.0,0.0,12,466.6
2025-03-10,NB-1090,0.0,630.0,12,466.6
2025-03-17,NB-1090,0.0,0.0,12,466.6
2025-03-24,NB-1090,0.0,0.0,12,466.6
2025-03-31,NB-1090,12.0,0.0,12,466.6
2025-04-07,NB-1090,555.0,0.0,12,466.6
2025-04-14,NB-1090,72.0,0.0,12,466.6
2025-04-21,NB-1090,494.0,0.0,12,466.6
2025-04-28,NB-1090,497.0,0.0,12,466.6
2025-05-05,NB-1090,83.0,0.0,12,466.6
2025-05-12,NB-1090,0.0,0.0,12,466.6
2025-05-19,NB-1090,0.0,0.0,12,466.6
2025-05-26,NB-1090,0.0,521.0,12,466.6
2025-06-02,NB-1090,0.0,0.0,12,466.6
2025-06-09,NB-1090,0.0,0.0,12,466.6
2025-06-16,NB-1090,0.0,0.0,12,466.6
2025-06-23,NB-1090,0.0,0.0,12,466.6
2025-06-30,NB-1090,356.0,0.0,12,466.6
2025-07-07,NB-1090,531.0,0.0,12,466.6
2025-07-14,NB-1090,176.0,0.0,12,466.6
2025-07-21,NB-1090,376.0,0.0,12,466.6
2025-07-28,NB-1090,0.0,544.0,12,466.6
2025-08-04,NB-1090,0.0,0.0,12,466.6
2025-08-11,NB-1090,523.0,523.0,12,466.6
2025-08-18,NB-1090,936.0,684.0,12,466.6
2025-08-25,NB-1090,659.0,0.0,12,466.6
2025-09-01,NB-1090,388.0,0.0,12,466.6
2025-09-08,NB-1090,75.0,0.0,12,466.6
2025-09-15,NB-1090,432.0,0.0,12,466.6
2025-09-22,NB-1090,172.0,581.0,12,466.6
2025-09-29,NB-1090,552.0,0.0,12,466.6
2025-10-06,NB-1090,289.0,0.0,12,466.6
2025-10-13,NB-1090,18.0,0.0,12,466.6
2025-10-20,NB-1090,0.0,0.0,12,466.6
2025-10-27,NB-1090,433.0,0.0,12,466.6
2025-11-03,NB-1090,789.0,0.0,12,466.6
2025-11-10,NB-1090,506.0,0.0,12,466.6
2025-11-17,NB-1090,114.0,0.0,12,466.6
2025-11-24,NB-1090,0.0,0.0,12,466.6
2025-12-01,NB-1090,0.0,0.0,12,466.6
2025-12-08,NB-1090,0.0,522.0,12,466.6
2025-12-15,NB-1090,574.0,0.0,12,466.6
2025-12-22,NB-1090,195.0,0.0,12,466.6
2025-12-29,NB-1090,473.0,0.0,12,466.6
2024-01-01,NB-1091,306.0,0.0,6,131.5
2024-01-08,NB-1091,172.0,0.0,6,131.5
2024-01-15,NB-1091,37.0,176.0,6,131.5
2024-01-22,NB-1091,0.0,0.0,6,131.5
2024-01-29,NB-1091,0.0,0.0,6,131.5
2024-02-05,NB-1091,0.0,139.0,6,131.5
2024-02-12,NB-1091,79.0,0.0,6,131.5
2024-02-19,NB-1091,0.0,181.0,6,131.5
2024-02-26,NB-1091,201.0,201.0,6,131.5
2024-03-04,NB-1091,16.0,0.0,6,131.5
2024-03-11,NB-1091,0.0,133.0,6,131.5
2024-03-18,NB-1091,14.0,0.0,6,131.5
2024-03-25,NB-1091,135.0,135.0,6,131.5
2024-04-01,NB-1091,151.0,0.0,6,131.5
2024-04-08,NB-1091,187.0,0.0,6,131.5
2024-04-15,NB-1091,34.0,0.0,6,131.5
2024-04-22,NB-1091,0.0,0.0,6,131.5
2024-04-29,NB-1091,0.0,0.0,6,131.5
2024-05-06,NB-1091,33.0,0.0,6,131.5
2024-05-13,NB-1091,0.0,0.0,6,131.5
2024-05-20,NB-1091,151.0,151.0,6,131.5
2024-05-27,NB-1091,0.0,123.0,6,131.5
2024-06-03,NB-1091,101.0,0.0,6,131.5
2024-06-10,NB-1091,196.0,196.0,6,131.5
2024-06-17,NB-1091,0.0,200.0,6,131.5
2024-06-24,NB-1091,0.0,0.0,6,131.5
2024-07-01,NB-1091,0.0,0.0,6,131.5
2024-07-08,NB-1091,0.0,188.0,6,131.5
2024-07-15,NB-1091,0.0,0.0,6,131.5
2024-07-22,NB-1091,139.0,0.0,6,131.5
2024-07-29,NB-1091,174.0,0.0,6,131.5
2024-08-05,NB-1091,48.0,162.0,6,131.5
2024-08-12,NB-1091,0.0,0.0,6,131.5
2024-08-19,NB-1091,76.0,189.0,6,131.5
2024-08-26,NB-1091,0.0,161.0,6,131.5
2024-09-02,NB-1091,53.0,0.0,6,131.5
2024-09-09,NB-1091,0.0,145.0,6,131.5
2024-09-16,NB-1091,0.0,0.0,6,131.5
2024-09-23,NB-1091,67.0,0.0,6,131.5
2024-09-30,NB-1091,0.0,0.0,6,131.5
2024-10-07,NB-1091,146.0,0.0,6,131.5
2024-10-14,NB-1091,20.0,0.0,6,131.5
2024-10-21,NB-1091,0.0,0.0,6,131.5
2024-10-28,NB-1091,0.0,0.0,6,131.5
2024-11-04,NB-1091,0.0,0.0,6,131.5
2024-11-11,NB-1091,0.0,0.0,6,131.5
2024-11-18,NB-1091,0.0,0.0,6,131.5
2024-11-25,NB-1091,0.0,0.0,6,131.5
2024-12-02,NB-1091,0.0,176.0,6,131.5
2024-12-09,NB-1091,0.0,0.0,6,131.5
2024-12-16,NB-1091,0.0,0.0,6,131.5
2024-12-23,NB-1091,0.0,0.0,6,131.5
2024-12-30,NB-1091,0.0,0.0,6,131.5
2025-01-06,NB-1091,0.0,129.0,6,131.5
2025-01-13,NB-1091,0.0,0.0,6,131.5
2025-01-20,NB-1091,0.0,124.0,6,131.5
2025-01-27,NB-1091,53.0,192.0,6,131.5
2025-02-03,NB-1091,0.0,148.0,6,131.5
2025-02-10,NB-1091,143.0,0.0,6,131.5
2025-02-17,NB-1091,0.0,172.0,6,131.5
2025-02-24,NB-1091,0.0,0.0,6,131.5
2025-03-03,NB-1091,0.0,0.0,6,131.5
2025-03-10,NB-1091,144.0,144.0,6,131.5
2025-03-17,NB-1091,0.0,0.0,6,131.5
2025-03-24,NB-1091,0.0,0.0,6,131.5
2025-03-31,NB-1091,175.0,175.0,6,131.5
2025-04-07,NB-1091,0.0,0.0,6,131.5
2025-04-14,NB-1091,0.0,0.0,6,131.5
2025-04-21,NB-1091,0.0,174.0,6,131.5
2025-04-28,NB-1091,0.0,187.0,6,131.5
2025-05-05,NB-1091,0.0,173.0,6,131.5
2025-05-12,NB-1091,27.0,0.0,6,131.5
2025-05-19,NB-1091,0.0,0.0,6,131.5
2025-05-26,NB-1091,36.0,0.0,6,131.5
2025-06-02,NB-1091,0.0,0.0,6,131.5
2025-06-09,NB-1091,0.0,143.0,6,131.5
2025-06-16,NB-1091,0.0,0.0,6,131.5
2025-06-23,NB-1091,0.0,0.0,6,131.5
2025-06-30,NB-1091,0.0,0.0,6,131.5
2025-07-07,NB-1091,0.0,0.0,6,131.5
2025-07-14,NB-1091,174.0,174.0,6,131.5
2025-07-21,NB-1091,0.0,0.0,6,131.5
2025-07-28,NB-1091,0.0,0.0,6,131.5
2025-08-04,NB-1091,0.0,0.0,6,131.5
2025-08-11,NB-1091,0.0,0.0,6,131.5
2025-08-18,NB-1091,53.0,0.0,6,131.5
2025-08-25,NB-1091,0.0,0.0,6,131.5
2025-09-01,NB-1091,0.0,0.0,6,131.5
2025-09-08,NB-1091,124.0,124.0,6,131.5
2025-09-15,NB-1091,0.0,0.0,6,131.5
2025-09-22,NB-1091,84.0,0.0,6,131.5
2025-09-29,NB-1091,0.0,164.0,6,131.5
2025-10-06,NB-1091,0.0,0.0,6,131.5
2025-10-13,NB-1091,0.0,160.0,6,131.5
2025-10-20,NB-1091,0.0,0.0,6,131.5
2025-10-27,NB-1091,0.0,0.0,6,131.5
2025-11-03,NB-1091,0.0,172.0,6,131.5
2025-11-10,NB-1091,0.0,180.0,6,131.5
2025-11-17,NB-1091,0.0,162.0,6,131.5
2025-11-24,NB-1091,0.0,160.0,6,131.5
2025-12-01,NB-1091,0.0,0.0,6,131.5
2025-12-08,NB-1091,38.0,175.0,6,131.5
2025-12-15,NB-1091,159.0,159.0,6,131.5
2025-12-22,NB-1091,0.0,129.0,6,131.5
2025-12-29,NB-1091,171.0,0.0,6,131.5
2024-01-01,NB-1092,280.0,0.0,5,87.8
2024-01-08,NB-1092,192.0,0.0,5,87.8
2024-01-15,NB-1092,85.0,99.0,5,87.8
2024-01-22,NB-1092,10.0,0.0,5,87.8
2024-01-29,NB-1092,0.0,0.0,5,87.8
2024-02-05,NB-1092,23.0,121.0,5,87.8
2024-02-12,NB-1092,83.0,83.0,5,87.8
2024-02-19,NB-1092,119.0,0.0,5,87.8
2024-02-26,NB-1092,10.0,0.0,5,87.8
2024-03-04,NB-1092,0.0,114.0,5,87.8
2024-03-11,NB-1092,81.0,81.0,5,87.8
2024-03-18,NB-1092,102.0,0.0,5,87.8
2024-03-25,NB-1092,10.0,0.0,5,87.8
2024-04-01,NB-1092,0.0,0.0,5,87.8
2024-04-08,NB-1092,18.0,0.0,5,87.8
2024-04-15,NB-1092,0.0,0.0,5,87.8
2024-04-22,NB-1092,0.0,0.0,5,87.8
2024-04-29,NB-1092,124.0,0.0,5,87.8
2024-05-06,NB-1092,174.0,111.0,5,87.8
2024-05-13,NB-1092,98.0,0.0,5,87.8
2024-05-20,NB-1092,161.0,0.0,5,87.8
2024-05-27,NB-1092,83.0,0.0,5,87.8
2024-06-03,NB-1092,21.0,0.0,5,87.8
2024-06-10,NB-1092,0.0,0.0,5,87.8
2024-06-17,NB-1092,0.0,0.0,5,87.8
2024-06-24,NB-1092,0.0,0.0,5,87.8
2024-07-01,NB-1092,63.0,0.0,5,87.8
2024-07-08,NB-1092,0.0,88.0,5,87.8
2024-07-15,NB-1092,0.0,0.0,5,87.8
2024-07-22,NB-1092,0.0,100.0,5,87.8
2024-07-29,NB-1092,128.0,0.0,5,87.8
2024-08-05,NB-1092,50.0,0.0,5,87.8
2024-08-12,NB-1092,0.0,0.0,5,87.8
2024-08-19,NB-1092,0.0,0.0,5,87.8
2024-08-26,NB-1092,0.0,89.0,5,87.8
2024-09-02,NB-1092,79.0,104.0,5,87.8
2024-09-09,NB-1092,112.0,0.0,5,87.8
2024-09-16,NB-1092,22.0,0.0,5,87.8
2024-09-23,NB-1092,0.0,0.0,5,87.8
2024-09-30,NB-1092,51.0,0.0,5,87.8
2024-10-07,NB-1092,0.0,0.0,5,87.8
2024-10-14,NB-1092,0.0,0.0,5,87.8
2024-10-21,NB-1092,91.0,91.0,5,87.8
2024-10-28,NB-1092,0.0,104.0,5,87.8
2024-11-04,NB-1092,0.0,0.0,5,87.8
2024-11-11,NB-1092,0.0,0.0,5,87.8
2024-11-18,NB-1092,29.0,0.0,5,87.8
2024-11-25,NB-1092,84.0,0.0,5,87.8
2024-12-02,NB-1092,106.0,0.0,5,87.8
2024-12-09,NB-1092,113.0,101.0,5,87.8
2024-12-16,NB-1092,12.0,0.0,5,87.8
2024-12-23,NB-1092,0.0,0.0,5,87.8
2024-12-30,NB-1092,6.0,112.0,5,87.8
2025-01-06,NB-1092,31.0,0.0,5,87.8
2025-01-13,NB-1092,0.0,0.0,5,87.8
2025-01-20,NB-1092,0.0,0.0,5,87.8
2025-01-27,NB-1092,0.0,0.0,5,87.8
2025-02-03,NB-1092,0.0,0.0,5,87.8
2025-02-10,NB-1092,0.0,0.0,5,87.8
2025-02-17,NB-1092,0.0,94.0,5,87.8
2025-02-24,NB-1092,103.0,0.0,5,87.8
2025-03-03,NB-1092,0.0,0.0,5,87.8
2025-03-10,NB-1092,44.0,0.0,5,87.8
2025-03-17,NB-1092,0.0,99.0,5,87.8
2025-03-24,NB-1092,0.0,0.0,5,87.8
2025-03-31,NB-1092,0.0,0.0,5,87.8
2025-04-07,NB-1092,0.0,106.0,5,87.8
2025-04-14,NB-1092,0.0,0.0,5,87.8
2025-04-21,NB-1092,0.0,0.0,5,87.8
2025-04-28,NB-1092,151.0,0.0,5,87.8
2025-05-05,NB-1092,97.0,0.0,5,87.8
2025-05-12,NB-1092,114.0,0.0,5,87.8
2025-05-19,NB-1092,14.0,0.0,5,87.8
2025-05-26,NB-1092,0.0,0.0,5,87.8
2025-06-02,NB-1092,0.0,133.0,5,87.8
2025-06-09,NB-1092,0.0,132.0,5,87.8
2025-06-16,NB-1092,0.0,0.0,5,87.8
2025-06-23,NB-1092,62.0,0.0,5,87.8
2025-06-30,NB-1092,0.0,104.0,5,87.8
2025-07-07,NB-1092,0.0,0.0,5,87.8
2025-07-14,NB-1092,149.0,0.0,5,87.8
2025-07-21,NB-1092,0.0,0.0,5,87.8
2025-07-28,NB-1092,0.0,0.0,5,87.8
2025-08-04,NB-1092,0.0,0.0,5,87.8
2025-08-11,NB-1092,0.0,117.0,5,87.8
2025-08-18,NB-1092,176.0,0.0,5,87.8
2025-08-25,NB-1092,94.0,0.0,5,87.8
2025-09-01,NB-1092,0.0,0.0,5,87.8
2025-09-08,NB-1092,91.0,0.0,5,87.8
2025-09-15,NB-1092,122.0,0.0,5,87.8
2025-09-22,NB-1092,23.0,0.0,5,87.8
2025-09-29,NB-1092,55.0,0.0,5,87.8
2025-10-06,NB-1092,0.0,126.0,5,87.8
2025-10-13,NB-1092,114.0,0.0,5,87.8
2025-10-20,NB-1092,0.0,88.0,5,87.8
2025-10-27,NB-1092,89.0,0.0,5,87.8
2025-11-03,NB-1092,10.0,0.0,5,87.8
2025-11-10,NB-1092,0.0,0.0,5,87.8
2025-11-17,NB-1092,34.0,0.0,5,87.8
2025-11-24,NB-1092,0.0,0.0,5,87.8
2025-12-01,NB-1092,0.0,0.0,5,87.8
2025-12-08,NB-1092,0.0,134.0,5,87.8
2025-12-15,NB-1092,78.0,0.0,5,87.8
2025-12-22,NB-1092,0.0,127.0,5,87.8
2025-12-29,NB-1092,20.0,0.0,5,87.8
2024-01-01,NB-1093,256.0,0.0,5,37.6
2024-01-08,NB-1093,228.0,0.0,5,37.6
2024-01-15,NB-1093,192.0,0.0,5,37.6
2024-01-22,NB-1093,157.0,0.0,5,37.6
2024-01-29,NB-1093,130.0,0.0,5,37.6
2024-02-05,NB-1093,108.0,0.0,5,37.6
2024-02-12,NB-1093,79.0,0.0,5,37.6
2024-02-19,NB-1093,45.0,0.0,5,37.6
2024-02-26,NB-1093,7.0,45.0,5,37.6
2024-03-04,NB-1093,0.0,39.0,5,37.6
2024-03-11,NB-1093,6.0,43.0,5,37.6
2024-03-18,NB-1093,0.0,0.0,5,37.6
2024-03-25,NB-1093,20.0,0.0,5,37.6
2024-04-01,NB-1093,0.0,0.0,5,37.6
2024-04-08,NB-1093,0.0,0.0,5,37.6
2024-04-15,NB-1093,0.0,51.0,5,37.6
2024-04-22,NB-1093,47.0,0.0,5,37.6
2024-04-29,NB-1093,46.0,0.0,5,37.6
2024-05-06,NB-1093,11.0,42.0,5,37.6
2024-05-13,NB-1093,23.0,0.0,5,37.6
2024-05-20,NB-1093,11.0,0.0,5,37.6
2024-05-27,NB-1093,20.0,0.0,5,37.6
2024-06-03,NB-1093,35.0,0.0,5,37.6
2024-06-10,NB-1093,0.0,39.0,5,37.6
2024-06-17,NB-1093,20.0,0.0,5,37.6
2024-06-24,NB-1093,0.0,0.0,5,37.6
2024-07-01,NB-1093,9.0,0.0,5,37.6
2024-07-08,NB-1093,38.0,0.0,5,37.6
2024-07-15,NB-1093,0.0,45.0,5,37.6
2024-07-22,NB-1093,0.0,0.0,5,37.6
2024-07-29,NB-1093,0.0,0.0,5,37.6
2024-08-05,NB-1093,0.0,0.0,5,37.6
2024-08-12,NB-1093,0.0,0.0,5,37.6
2024-08-19,NB-1093,0.0,57.0,5,37.6
2024-08-26,NB-1093,0.0,0.0,5,37.6
2024-09-02,NB-1093,0.0,0.0,5,37.6
2024-09-09,NB-1093,42.0,0.0,5,37.6
2024-09-16,NB-1093,0.0,0.0,5,37.6
2024-09-23,NB-1093,0.0,0.0,5,37.6
2024-09-30,NB-1093,19.0,52.0,5,37.6
2024-10-07,NB-1093,0.0,40.0,5,37.6
2024-10-14,NB-1093,0.0,0.0,5,37.6
2024-10-21,NB-1093,0.0,0.0,5,37.6
2024-10-28,NB-1093,52.0,0.0,5,37.6
2024-11-04,NB-1093,22.0,0.0,5,37.6
2024-11-11,NB-1093,36.0,0.0,5,37.6
2024-11-18,NB-1093,21.0,0.0,5,37.6
2024-11-25,NB-1093,0.0,0.0,5,37.6
2024-12-02,NB-1093,0.0,0.0,5,37.6
2024-12-09,NB-1093,0.0,0.0,5,37.6
2024-12-16,NB-1093,0.0,0.0,5,37.6
2024-12-23,NB-1093,0.0,0.0,5,37.6
2024-12-30,NB-1093,0.0,0.0,5,37.6
2025-01-06,NB-1093,0.0,36.0,5,37.6
2025-01-13,NB-1093,0.0,0.0,5,37.6
2025-01-20,NB-1093,0.0,0.0,5,37.6
2025-01-27,NB-1093,0.0,0.0,5,37.6
2025-02-03,NB-1093,0.0,0.0,5,37.6
2025-02-10,NB-1093,40.0,0.0,5,37.6
2025-02-17,NB-1093,10.0,0.0,5,37.6
2025-02-24,NB-1093,42.0,0.0,5,37.6
2025-03-03,NB-1093,65.0,54.0,5,37.6
2025-03-10,NB-1093,16.0,39.0,5,37.6
2025-03-17,NB-1093,0.0,0.0,5,37.6
2025-03-24,NB-1093,40.0,40.0,5,37.6
2025-03-31,NB-1093,29.0,0.0,5,37.6
2025-04-07,NB-1093,0.0,46.0,5,37.6
2025-04-14,NB-1093,0.0,0.0,5,37.6
2025-04-21,NB-1093,0.0,0.0,5,37.6
2025-04-28,NB-1093,0.0,53.0,5,37.6
2025-05-05,NB-1093,0.0,0.0,5,37.6
2025-05-12,NB-1093,0.0,0.0,5,37.6
2025-05-19,NB-1093,67.0,39.0,5,37.6
2025-05-26,NB-1093,26.0,0.0,5,37.6
2025-06-02,NB-1093,18.0,0.0,5,37.6
2025-06-09,NB-1093,22.0,0.0,5,37.6
2025-06-16,NB-1093,0.0,0.0,5,37.6
2025-06-23,NB-1093,0.0,0.0,5,37.6
2025-06-30,NB-1093,0.0,53.0,5,37.6
2025-07-07,NB-1093,0.0,43.0,5,37.6
2025-07-14,NB-1093,0.0,0.0,5,37.6
2025-07-21,NB-1093,0.0,50.0,5,37.6
2025-07-28,NB-1093,0.0,0.0,5,37.6
2025-08-04,NB-1093,0.0,0.0,5,37.6
2025-08-11,NB-1093,14.0,37.0,5,37.6
2025-08-18,NB-1093,0.0,0.0,5,37.6
2025-08-25,NB-1093,0.0,0.0,5,37.6
2025-09-01,NB-1093,0.0,0.0,5,37.6
2025-09-08,NB-1093,27.0,47.0,5,37.6
2025-09-15,NB-1093,25.0,0.0,5,37.6
2025-09-22,NB-1093,0.0,0.0,5,37.6
2025-09-29,NB-1093,0.0,0.0,5,37.6
2025-10-06,NB-1093,0.0,0.0,5,37.6
2025-10-13,NB-1093,0.0,0.0,5,37.6
2025-10-20,NB-1093,0.0,56.0,5,37.6
2025-10-27,NB-1093,0.0,0.0,5,37.6
2025-11-03,NB-1093,0.0,52.0,5,37.6
2025-11-10,NB-1093,10.0,0.0,5,37.6
2025-11-17,NB-1093,0.0,53.0,5,37.6
2025-11-24,NB-1093,0.0,0.0,5,37.6
2025-12-01,NB-1093,0.0,0.0,5,37.6
2025-12-08,NB-1093,0.0,0.0,5,37.6
2025-12-15,NB-1093,52.0,0.0,5,37.6
2025-12-22,NB-1093,56.0,0.0,5,37.6
2025-12-29,NB-1093,15.0,0.0,5,37.6
2024-01-01,NB-1094,118.0,0.0,6,81.9
2024-01-08,NB-1094,37.0,84.0,6,81.9
2024-01-15,NB-1094,0.0,102.0,6,81.9
2024-01-22,NB-1094,14.0,0.0,6,81.9
2024-01-29,NB-1094,0.0,87.0,6,81.9
2024-02-05,NB-1094,0.0,0.0,6,81.9
2024-02-12,NB-1094,0.0,0.0,6,81.9
2024-02-19,NB-1094,0.0,0.0,6,81.9
2024-02-26,NB-1094,59.0,0.0,6,81.9
2024-03-04,NB-1094,0.0,100.0,6,81.9
2024-03-11,NB-1094,0.0,0.0,6,81.9
2024-03-18,NB-1094,148.0,94.0,6,81.9
2024-03-25,NB-1094,66.0,0.0,6,81.9
2024-04-01,NB-1094,73.0,0.0,6,81.9
2024-04-08,NB-1094,0.0,0.0,6,81.9
2024-04-15,NB-1094,66.0,0.0,6,81.9
2024-04-22,NB-1094,0.0,0.0,6,81.9
2024-04-29,NB-1094,0.0,0.0,6,81.9
2024-05-06,NB-1094,0.0,0.0,6,81.9
2024-05-13,NB-1094,0.0,103.0,6,81.9
2024-05-20,NB-1094,16.0,0.0,6,81.9
2024-05-27,NB-1094,0.0,0.0,6,81.9
2024-06-03,NB-1094,0.0,0.0,6,81.9
2024-06-10,NB-1094,0.0,0.0,6,81.9
2024-06-17,NB-1094,0.0,0.0,6,81.9
2024-06-24,NB-1094,0.0,112.0,6,81.9
2024-07-01,NB-1094,0.0,0.0,6,81.9
2024-07-08,NB-1094,0.0,97.0,6,81.9
2024-07-15,NB-1094,0.0,0.0,6,81.9
2024-07-22,NB-1094,111.0,0.0,6,81.9
2024-07-29,NB-1094,71.0,87.0,6,81.9
2024-08-05,NB-1094,46.0,0.0,6,81.9
2024-08-12,NB-1094,12.0,0.0,6,81.9
2024-08-19,NB-1094,69.0,0.0,6,81.9
2024-08-26,NB-1094,32.0,0.0,6,81.9
2024-09-02,NB-1094,0.0,0.0,6,81.9
2024-09-09,NB-1094,0.0,124.0,6,81.9
2024-09-16,NB-1094,106.0,0.0,6,81.9
2024-09-23,NB-1094,53.0,0.0,6,81.9
2024-09-30,NB-1094,9.0,0.0,6,81.9
2024-10-07,NB-1094,98.0,0.0,6,81.9
2024-10-14,NB-1094,151.0,0.0,6,81.9
2024-10-21,NB-1094,89.0,0.0,6,81.9
2024-10-28,NB-1094,160.0,0.0,6,81.9
2024-11-04,NB-1094,117.0,0.0,6,81.9
2024-11-11,NB-1094,170.0,0.0,6,81.9
2024-11-18,NB-1094,92.0,0.0,6,81.9
2024-11-25,NB-1094,102.0,0.0,6,81.9
2024-12-02,NB-1094,12.0,0.0,6,81.9
2024-12-09,NB-1094,88.0,88.0,6,81.9
2024-12-16,NB-1094,0.0,0.0,6,81.9
2024-12-23,NB-1094,0.0,110.0,6,81.9
2024-12-30,NB-1094,80.0,91.0,6,81.9
2025-01-06,NB-1094,0.0,0.0,6,81.9
2025-01-13,NB-1094,0.0,99.0,6,81.9
2025-01-20,NB-1094,0.0,0.0,6,81.9
2025-01-27,NB-1094,0.0,0.0,6,81.9
2025-02-03,NB-1094,0.0,0.0,6,81.9
2025-02-10,NB-1094,0.0,95.0,6,81.9
2025-02-17,NB-1094,0.0,0.0,6,81.9
2025-02-24,NB-1094,0.0,0.0,6,81.9
2025-03-03,NB-1094,5.0,0.0,6,81.9
2025-03-10,NB-1094,0.0,0.0,6,81.9
2025-03-17,NB-1094,0.0,0.0,6,81.9
2025-03-24,NB-1094,0.0,0.0,6,81.9
2025-03-31,NB-1094,73.0,0.0,6,81.9
2025-04-07,NB-1094,0.0,0.0,6,81.9
2025-04-14,NB-1094,0.0,0.0,6,81.9
2025-04-21,NB-1094,68.0,94.0,6,81.9
2025-04-28,NB-1094,0.0,97.0,6,81.9
2025-05-05,NB-1094,0.0,0.0,6,81.9
2025-05-12,NB-1094,0.0,114.0,6,81.9
2025-05-19,NB-1094,117.0,0.0,6,81.9
2025-05-26,NB-1094,82.0,0.0,6,81.9
2025-06-02,NB-1094,25.0,76.0,6,81.9
2025-06-09,NB-1094,73.0,103.0,6,81.9
2025-06-16,NB-1094,117.0,81.0,6,81.9
2025-06-23,NB-1094,73.0,0.0,6,81.9
2025-06-30,NB-1094,30.0,0.0,6,81.9
2025-07-07,NB-1094,0.0,0.0,6,81.9
2025-07-14,NB-1094,0.0,0.0,6,81.9
2025-07-21,NB-1094,0.0,0.0,6,81.9
2025-07-28,NB-1094,0.0,88.0,6,81.9
2025-08-04,NB-1094,204.0,123.0,6,81.9
2025-08-11,NB-1094,165.0,0.0,6,81.9
2025-08-18,NB-1094,130.0,0.0,6,81.9
2025-08-25,NB-1094,91.0,0.0,6,81.9
2025-09-01,NB-1094,60.0,0.0,6,81.9
2025-09-08,NB-1094,0.0,83.0,6,81.9
2025-09-15,NB-1094,0.0,0.0,6,81.9
2025-09-22,NB-1094,0.0,0.0,6,81.9
2025-09-29,NB-1094,0.0,0.0,6,81.9
2025-10-06,NB-1094,118.0,0.0,6,81.9
2025-10-13,NB-1094,69.0,111.0,6,81.9
2025-10-20,NB-1094,0.0,0.0,6,81.9
2025-10-27,NB-1094,0.0,115.0,6,81.9
2025-11-03,NB-1094,97.0,97.0,6,81.9
2025-11-10,NB-1094,27.0,0.0,6,81.9
2025-11-17,NB-1094,158.0,0.0,6,81.9
2025-11-24,NB-1094,159.0,101.0,6,81.9
2025-12-01,NB-1094,82.0,0.0,6,81.9
2025-12-08,NB-1094,0.0,0.0,6,81.9
2025-12-15,NB-1094,0.0,95.0,6,81.9
2025-12-22,NB-1094,94.0,0.0,6,81.9
2025-12-29,NB-1094,96.0,0.0,6,81.9
2024-01-01,NB-1095,160.0,0.0,11,134.4
2024-01-08,NB-1095,203.0,136.0,11,134.4
2024-01-15,NB-1095,114.0,142.0,11,134.4
2024-01-22,NB-1095,170.0,0.0,11,134.4
2024-01-29,NB-1095,90.0,193.0,11,134.4
2024-02-05,NB-1095,125.0,0.0,11,134.4
2024-02-12,NB-1095,208.0,0.0,11,134.4
2024-02-19,NB-1095,126.0,126.0,11,134.4
2024-02-26,NB-1095,237.0,0.0,11,134.4
2024-03-04,NB-1095,139.0,0.0,11,134.4
2024-03-11,NB-1095,57.0,0.0,11,134.4
2024-03-18,NB-1095,0.0,152.0,11,134.4
2024-03-25,NB-1095,0.0,0.0,11,134.4
2024-04-01,NB-1095,0.0,186.0,11,134.4
2024-04-08,NB-1095,0.0,0.0,11,134.4
2024-04-15,NB-1095,0.0,0.0,11,134.4
2024-04-22,NB-1095,0.0,183.0,11,134.4
2024-04-29,NB-1095,93.0,0.0,11,134.4
2024-05-06,NB-1095,22.0,0.0,11,134.4
2024-05-13,NB-1095,0.0,0.0,11,134.4
2024-05-20,NB-1095,0.0,0.0,11,134.4
2024-05-27,NB-1095,86.0,0.0,11,134.4
2024-06-03,NB-1095,169.0,0.0,11,134.4
2024-06-10,NB-1095,110.0,144.0,11,134.4
2024-06-17,NB-1095,38.0,0.0,11,134.4
2024-06-24,NB-1095,118.0,0.0,11,134.4
2024-07-01,NB-1095,257.0,0.0,11,134.4
2024-07-08,NB-1095,208.0,0.0,11,134.4
2024-07-15,NB-1095,164.0,0.0,11,134.4
2024-07-22,NB-1095,126.0,0.0,11,134.4
2024-07-29,NB-1095,86.0,0.0,11,134.4
2024-08-05,NB-1095,172.0,0.0,11,134.4
2024-08-12,NB-1095,125.0,0.0,11,134.4
2024-08-19,NB-1095,252.0,0.0,11,134.4
2024-08-26,NB-1095,200.0,0.0,11,134.4
2024-09-02,NB-1095,161.0,0.0,11,134.4
2024-09-09,NB-1095,119.0,0.0,11,134.4
2024-09-16,NB-1095,73.0,0.0,11,134.4
2024-09-23,NB-1095,30.0,149.0,11,134.4
2024-09-30,NB-1095,0.0,157.0,11,134.4
2024-10-07,NB-1095,0.0,171.0,11,134.4
2024-10-14,NB-1095,0.0,182.0,11,134.4
2024-10-21,NB-1095,0.0,0.0,11,134.4
2024-10-28,NB-1095,147.0,0.0,11,134.4
2024-11-04,NB-1095,85.0,0.0,11,134.4
2024-11-11,NB-1095,18.0,0.0,11,134.4
2024-11-18,NB-1095,0.0,0.0,11,134.4
2024-11-25,NB-1095,0.0,0.0,11,134.4
2024-12-02,NB-1095,0.0,176.0,11,134.4
2024-12-09,NB-1095,0.0,0.0,11,134.4
2024-12-16,NB-1095,0.0,0.0,11,134.4
2024-12-23,NB-1095,0.0,0.0,11,134.4
2024-12-30,NB-1095,0.0,193.0,11,134.4
2025-01-06,NB-1095,120.0,180.0,11,134.4
2025-01-13,NB-1095,206.0,0.0,11,134.4
2025-01-20,NB-1095,124.0,136.0,11,134.4
2025-01-27,NB-1095,222.0,0.0,11,134.4
2025-02-03,NB-1095,152.0,0.0,11,134.4
2025-02-10,NB-1095,67.0,0.0,11,134.4
2025-02-17,NB-1095,142.0,0.0,11,134.4
2025-02-24,NB-1095,188.0,0.0,11,134.4
2025-03-03,NB-1095,60.0,0.0,11,134.4
2025-03-10,NB-1095,130.0,0.0,11,134.4
2025-03-17,NB-1095,65.0,124.0,11,134.4
2025-03-24,NB-1095,0.0,0.0,11,134.4
2025-03-31,NB-1095,0.0,0.0,11,134.4
2025-04-07,NB-1095,162.0,0.0,11,134.4
2025-04-14,NB-1095,253.0,0.0,11,134.4
2025-04-21,NB-1095,180.0,0.0,11,134.4
2025-04-28,NB-1095,93.0,0.0,11,134.4
2025-05-05,NB-1095,153.0,0.0,11,134.4
2025-05-12,NB-1095,98.0,0.0,11,134.4
2025-05-19,NB-1095,7.0,0.0,11,134.4
2025-05-26,NB-1095,0.0,0.0,11,134.4
2025-06-02,NB-1095,0.0,0.0,11,134.4
2025-06-09,NB-1095,0.0,0.0,11,134.4
2025-06-16,NB-1095,0.0,0.0,11,134.4
2025-06-23,NB-1095,0.0,0.0,11,134.4
2025-06-30,NB-1095,0.0,0.0,11,134.4
2025-07-07,NB-1095,0.0,0.0,11,134.4
2025-07-14,NB-1095,0.0,0.0,11,134.4
2025-07-21,NB-1095,0.0,0.0,11,134.4
2025-07-28,NB-1095,0.0,145.0,11,134.4
2025-08-04,NB-1095,0.0,0.0,11,134.4
2025-08-11,NB-1095,0.0,0.0,11,134.4
2025-08-18,NB-1095,0.0,0.0,11,134.4
2025-08-25,NB-1095,0.0,135.0,11,134.4
2025-09-01,NB-1095,0.0,0.0,11,134.4
2025-09-08,NB-1095,0.0,206.0,11,134.4
2025-09-15,NB-1095,0.0,140.0,11,134.4
2025-09-22,NB-1095,0.0,0.0,11,134.4
2025-09-29,NB-1095,0.0,184.0,11,134.4
2025-10-06,NB-1095,190.0,0.0,11,134.4
2025-10-13,NB-1095,101.0,143.0,11,134.4
2025-10-20,NB-1095,39.0,0.0,11,134.4
2025-10-27,NB-1095,0.0,0.0,11,134.4
2025-11-03,NB-1095,0.0,162.0,11,134.4
2025-11-10,NB-1095,150.0,0.0,11,134.4
2025-11-17,NB-1095,39.0,0.0,11,134.4
2025-11-24,NB-1095,0.0,0.0,11,134.4
2025-12-01,NB-1095,0.0,0.0,11,134.4
2025-12-08,NB-1095,0.0,0.0,11,134.4
2025-12-15,NB-1095,0.0,0.0,11,134.4
2025-12-22,NB-1095,172.0,0.0,11,134.4
2025-12-29,NB-1095,93.0,0.0,11,134.4
2024-01-01,NB-1096,274.0,0.0,10,214.8
2024-01-08,NB-1096,494.0,0.0,10,214.8
2024-01-15,NB-1096,353.0,0.0,10,214.8
2024-01-22,NB-1096,209.0,248.0,10,214.8
2024-01-29,NB-1096,254.0,0.0,10,214.8
2024-02-05,NB-1096,131.0,270.0,10,214.8
2024-02-12,NB-1096,306.0,0.0,10,214.8
2024-02-19,NB-1096,156.0,0.0,10,214.8
2024-02-26,NB-1096,0.0,235.0,10,214.8
2024-03-04,NB-1096,0.0,0.0,10,214.8
2024-03-11,NB-1096,0.0,312.0,10,214.8
2024-03-18,NB-1096,0.0,0.0,10,214.8
2024-03-25,NB-1096,0.0,290.0,10,214.8
2024-04-01,NB-1096,0.0,0.0,10,214.8
2024-04-08,NB-1096,0.0,0.0,10,214.8
2024-04-15,NB-1096,0.0,250.0,10,214.8
2024-04-22,NB-1096,0.0,0.0,10,214.8
2024-04-29,NB-1096,0.0,0.0,10,214.8
2024-05-06,NB-1096,0.0,0.0,10,214.8
2024-05-13,NB-1096,0.0,0.0,10,214.8
2024-05-20,NB-1096,164.0,0.0,10,214.8
2024-05-27,NB-1096,7.0,0.0,10,214.8
2024-06-03,NB-1096,206.0,0.0,10,214.8
2024-06-10,NB-1096,97.0,0.0,10,214.8
2024-06-17,NB-1096,0.0,273.0,10,214.8
2024-06-24,NB-1096,261.0,0.0,10,214.8
2024-07-01,NB-1096,135.0,0.0,10,214.8
2024-07-08,NB-1096,14.0,321.0,10,214.8
2024-07-15,NB-1096,487.0,0.0,10,214.8
2024-07-22,NB-1096,375.0,0.0,10,214.8
2024-07-29,NB-1096,278.0,0.0,10,214.8
2024-08-05,NB-1096,159.0,0.0,10,214.8
2024-08-12,NB-1096,370.0,0.0,10,214.8
2024-08-19,NB-1096,264.0,0.0,10,214.8
2024-08-26,NB-1096,164.0,0.0,10,214.8
2024-09-02,NB-1096,72.0,201.0,10,214.8
2024-09-09,NB-1096,0.0,0.0,10,214.8
2024-09-16,NB-1096,271.0,0.0,10,214.8
2024-09-23,NB-1096,183.0,0.0,10,214.8
2024-09-30,NB-1096,84.0,0.0,10,214.8
2024-10-07,NB-1096,0.0,0.0,10,214.8
2024-10-14,NB-1096,0.0,209.0,10,214.8
2024-10-21,NB-1096,0.0,0.0,10,214.8
2024-10-28,NB-1096,110.0,0.0,10,214.8
2024-11-04,NB-1096,33.0,270.0,10,214.8
2024-11-11,NB-1096,0.0,0.0,10,214.8
2024-11-18,NB-1096,279.0,0.0,10,214.8
2024-11-25,NB-1096,175.0,282.0,10,214.8
2024-12-02,NB-1096,53.0,0.0,10,214.8
2024-12-09,NB-1096,0.0,291.0,10,214.8
2024-12-16,NB-1096,192.0,0.0,10,214.8
2024-12-23,NB-1096,78.0,290.0,10,214.8
2024-12-30,NB-1096,0.0,0.0,10,214.8
2025-01-06,NB-1096,0.0,0.0,10,214.8
2025-01-13,NB-1096,0.0,0.0,10,214.8
2025-01-20,NB-1096,0.0,0.0,10,214.8
2025-01-27,NB-1096,0.0,0.0,10,214.8
2025-02-03,NB-1096,0.0,0.0,10,214.8
2025-02-10,NB-1096,0.0,0.0,10,214.8
2025-02-17,NB-1096,0.0,0.0,10,214.8
2025-02-24,NB-1096,0.0,0.0,10,214.8
2025-03-03,NB-1096,0.0,306.0,10,214.8
2025-03-10,NB-1096,167.0,0.0,10,214.8
2025-03-17,NB-1096,246.0,0.0,10,214.8
2025-03-24,NB-1096,53.0,273.0,10,214.8
2025-03-31,NB-1096,0.0,0.0,10,214.8
2025-04-07,NB-1096,0.0,0.0,10,214.8
2025-04-14,NB-1096,0.0,0.0,10,214.8
2025-04-21,NB-1096,0.0,0.0,10,214.8
2025-04-28,NB-1096,257.0,0.0,10,214.8
2025-05-05,NB-1096,96.0,0.0,10,214.8
2025-05-12,NB-1096,236.0,0.0,10,214.8
2025-05-19,NB-1096,26.0,0.0,10,214.8
2025-05-26,NB-1096,0.0,0.0,10,214.8
2025-06-02,NB-1096,123.0,0.0,10,214.8
2025-06-09,NB-1096,0.0,0.0,10,214.8
2025-06-16,NB-1096,285.0,0.0,10,214.8
2025-06-23,NB-1096,480.0,0.0,10,214.8
2025-06-30,NB-1096,339.0,0.0,10,214.8
2025-07-07,NB-1096,181.0,0.0,10,214.8
2025-07-14,NB-1096,260.0,0.0,10,214.8
2025-07-21,NB-1096,85.0,0.0,10,214.8
2025-07-28,NB-1096,0.0,0.0,10,214.8
2025-08-04,NB-1096,200.0,200.0,10,214.8
2025-08-11,NB-1096,69.0,0.0,10,214.8
2025-08-18,NB-1096,0.0,0.0,10,214.8
2025-08-25,NB-1096,227.0,0.0,10,214.8
2025-09-01,NB-1096,126.0,0.0,10,214.8
2025-09-08,NB-1096,0.0,0.0,10,214.8
2025-09-15,NB-1096,0.0,0.0,10,214.8
2025-09-22,NB-1096,408.0,0.0,10,214.8
2025-09-29,NB-1096,336.0,0.0,10,214.8
2025-10-06,NB-1096,249.0,0.0,10,214.8
2025-10-13,NB-1096,156.0,250.0,10,214.8
2025-10-20,NB-1096,213.0,201.0,10,214.8
2025-10-27,NB-1096,118.0,0.0,10,214.8
2025-11-03,NB-1096,305.0,0.0,10,214.8
2025-11-10,NB-1096,442.0,0.0,10,214.8
2025-11-17,NB-1096,284.0,0.0,10,214.8
2025-11-24,NB-1096,168.0,0.0,10,214.8
2025-12-01,NB-1096,33.0,0.0,10,214.8
2025-12-08,NB-1096,191.0,0.0,10,214.8
2025-12-15,NB-1096,277.0,0.0,10,214.8
2025-12-22,NB-1096,114.0,0.0,10,214.8
2025-12-29,NB-1096,0.0,0.0,10,214.8
2024-01-01,NB-1097,43.0,0.0,19,758.8
2024-01-08,NB-1097,0.0,0.0,19,758.8
2024-01-15,NB-1097,962.0,0.0,19,758.8
2024-01-22,NB-1097,696.0,0.0,19,758.8
2024-01-29,NB-1097,447.0,0.0,19,758.8
2024-02-05,NB-1097,191.0,0.0,19,758.8
2024-02-12,NB-1097,0.0,0.0,19,758.8
2024-02-19,NB-1097,1107.0,0.0,19,758.8
2024-02-26,NB-1097,800.0,0.0,19,758.8
2024-03-04,NB-1097,502.0,0.0,19,758.8
2024-03-11,NB-1097,1174.0,0.0,19,758.8
2024-03-18,NB-1097,851.0,0.0,19,758.8
2024-03-25,NB-1097,557.0,0.0,19,758.8
2024-04-01,NB-1097,219.0,869.0,19,758.8
2024-04-08,NB-1097,0.0,0.0,19,758.8
2024-04-15,NB-1097,0.0,0.0,19,758.8
2024-04-22,NB-1097,0.0,0.0,19,758.8
2024-04-29,NB-1097,0.0,0.0,19,758.8
2024-05-06,NB-1097,0.0,0.0,19,758.8
2024-05-13,NB-1097,0.0,991.0,19,758.8
2024-05-20,NB-1097,777.0,0.0,19,758.8
2024-05-27,NB-1097,515.0,0.0,19,758.8
2024-06-03,NB-1097,157.0,0.0,19,758.8
2024-06-10,NB-1097,0.0,1054.0,19,758.8
2024-06-17,NB-1097,0.0,0.0,19,758.8
2024-06-24,NB-1097,0.0,0.0,19,758.8
2024-07-01,NB-1097,972.0,0.0,19,758.8
2024-07-08,NB-1097,723.0,0.0,19,758.8
2024-07-15,NB-1097,487.0,940.0,19,758.8
2024-07-22,NB-1097,336.0,0.0,19,758.8
2024-07-29,NB-1097,1018.0,0.0,19,758.8
2024-08-05,NB-1097,842.0,0.0,19,758.8
2024-08-12,NB-1097,1693.0,1054.0,19,758.8
2024-08-19,NB-1097,1535.0,0.0,19,758.8
2024-08-26,NB-1097,1376.0,0.0,19,758.8
2024-09-02,NB-1097,1216.0,0.0,19,758.8
2024-09-09,NB-1097,1105.0,0.0,19,758.8
2024-09-16,NB-1097,965.0,0.0,19,758.8
2024-09-23,NB-1097,852.0,0.0,19,758.8
2024-09-30,NB-1097,695.0,0.0,19,758.8
2024-10-07,NB-1097,1712.0,0.0,19,758.8
2024-10-14,NB-1097,1541.0,0.0,19,758.8
2024-10-21,NB-1097,1394.0,0.0,19,758.8
2024-10-28,NB-1097,1207.0,0.0,19,758.8
2024-11-04,NB-1097,1069.0,0.0,19,758.8
2024-11-11,NB-1097,946.0,0.0,19,758.8
2024-11-18,NB-1097,1501.0,750.0,19,758.8
2024-11-25,NB-1097,1301.0,0.0,19,758.8
2024-12-02,NB-1097,1125.0,0.0,19,758.8
2024-12-09,NB-1097,956.0,0.0,19,758.8
2024-12-16,NB-1097,761.0,0.0,19,758.8
2024-12-23,NB-1097,515.0,0.0,19,758.8
2024-12-30,NB-1097,255.0,0.0,19,758.8
2025-01-06,NB-1097,0.0,0.0,19,758.8
2025-01-13,NB-1097,914.0,914.0,19,758.8
2025-01-20,NB-1097,617.0,0.0,19,758.8
2025-01-27,NB-1097,1301.0,0.0,19,758.8
2025-02-03,NB-1097,980.0,0.0,19,758.8
2025-02-10,NB-1097,548.0,0.0,19,758.8
2025-02-17,NB-1097,194.0,1051.0,19,758.8
2025-02-24,NB-1097,818.0,0.0,19,758.8
2025-03-03,NB-1097,279.0,0.0,19,758.8
2025-03-10,NB-1097,0.0,766.0,19,758.8
2025-03-17,NB-1097,0.0,0.0,19,758.8
2025-03-24,NB-1097,1359.0,0.0,19,758.8
2025-03-31,NB-1097,788.0,0.0,19,758.8
2025-04-07,NB-1097,1275.0,0.0,19,758.8
2025-04-14,NB-1097,903.0,0.0,19,758.8
2025-04-21,NB-1097,392.0,0.0,19,758.8
2025-04-28,NB-1097,0.0,0.0,19,758.8
2025-05-05,NB-1097,1670.0,0.0,19,758.8
2025-05-12,NB-1097,1255.0,0.0,19,758.8
2025-05-19,NB-1097,660.0,0.0,19,758.8
2025-05-26,NB-1097,288.0,0.0,19,758.8
2025-06-02,NB-1097,26.0,0.0,19,758.8
2025-06-09,NB-1097,0.0,767.0,19,758.8
2025-06-16,NB-1097,0.0,891.0,19,758.8
2025-06-23,NB-1097,0.0,0.0,19,758.8
2025-06-30,NB-1097,0.0,0.0,19,758.8
2025-07-07,NB-1097,852.0,0.0,19,758.8
2025-07-14,NB-1097,600.0,0.0,19,758.8
2025-07-21,NB-1097,239.0,0.0,19,758.8
2025-07-28,NB-1097,0.0,0.0,19,758.8
2025-08-04,NB-1097,0.0,0.0,19,758.8
2025-08-11,NB-1097,0.0,0.0,19,758.8
2025-08-18,NB-1097,0.0,770.0,19,758.8
2025-08-25,NB-1097,0.0,0.0,19,758.8
2025-09-01,NB-1097,1014.0,0.0,19,758.8
2025-09-08,NB-1097,769.0,0.0,19,758.8
2025-09-15,NB-1097,566.0,0.0,19,758.8
2025-09-22,NB-1097,370.0,823.0,19,758.8
2025-09-29,NB-1097,173.0,0.0,19,758.8
2025-10-06,NB-1097,1099.0,0.0,19,758.8
2025-10-13,NB-1097,933.0,0.0,19,758.8
2025-10-20,NB-1097,608.0,0.0,19,758.8
2025-10-27,NB-1097,468.0,0.0,19,758.8
2025-11-03,NB-1097,238.0,1159.0,19,758.8
2025-11-10,NB-1097,18.0,0.0,19,758.8
2025-11-17,NB-1097,855.0,0.0,19,758.8
2025-11-24,NB-1097,504.0,0.0,19,758.8
2025-12-01,NB-1097,1218.0,0.0,19,758.8
2025-12-08,NB-1097,1001.0,0.0,19,758.8
2025-12-15,NB-1097,701.0,0.0,19,758.8
2025-12-22,NB-1097,429.0,838.0,19,758.8
2025-12-29,NB-1097,1190.0,0.0,19,758.8
2024-01-01,NB-1098,55.0,536.0,15,455.7
2024-01-08,NB-1098,0.0,0.0,15,455.7
2024-01-15,NB-1098,0.0,0.0,15,455.7
2024-01-22,NB-1098,0.0,0.0,15,455.7
2024-01-29,NB-1098,0.0,531.0,15,455.7
2024-02-05,NB-1098,0.0,508.0,15,455.7
2024-02-12,NB-1098,0.0,685.0,15,455.7
2024-02-19,NB-1098,0.0,0.0,15,455.7
2024-02-26,NB-1098,0.0,0.0,15,455.7
2024-03-04,NB-1098,0.0,0.0,15,455.7
2024-03-11,NB-1098,0.0,508.0,15,455.7
2024-03-18,NB-1098,661.0,0.0,15,455.7
2024-03-25,NB-1098,491.0,0.0,15,455.7
2024-04-01,NB-1098,778.0,0.0,15,455.7
2024-04-08,NB-1098,656.0,0.0,15,455.7
2024-04-15,NB-1098,524.0,0.0,15,455.7
2024-04-22,NB-1098,389.0,0.0,15,455.7
2024-04-29,NB-1098,282.0,0.0,15,455.7
2024-05-06,NB-1098,722.0,0.0,15,455.7
2024-05-13,NB-1098,605.0,0.0,15,455.7
2024-05-20,NB-1098,523.0,0.0,15,455.7
2024-05-27,NB-1098,914.0,0.0,15,455.7
2024-06-03,NB-1098,823.0,0.0,15,455.7
2024-06-10,NB-1098,740.0,0.0,15,455.7
2024-06-17,NB-1098,633.0,0.0,15,455.7
2024-06-24,NB-1098,505.0,0.0,15,455.7
2024-07-01,NB-1098,390.0,520.0,15,455.7
2024-07-08,NB-1098,289.0,0.0,15,455.7
2024-07-15,NB-1098,635.0,0.0,15,455.7
2024-07-22,NB-1098,537.0,0.0,15,455.7
2024-07-29,NB-1098,1009.0,586.0,15,455.7
2024-08-05,NB-1098,897.0,0.0,15,455.7
2024-08-12,NB-1098,765.0,0.0,15,455.7
2024-08-19,NB-1098,649.0,0.0,15,455.7
2024-08-26,NB-1098,513.0,0.0,15,455.7
2024-09-02,NB-1098,376.0,668.0,15,455.7
2024-09-09,NB-1098,143.0,506.0,15,455.7
2024-09-16,NB-1098,478.0,0.0,15,455.7
2024-09-23,NB-1098,902.0,0.0,15,455.7
2024-09-30,NB-1098,616.0,0.0,15,455.7
2024-10-07,NB-1098,391.0,0.0,15,455.7
2024-10-14,NB-1098,232.0,0.0,15,455.7
2024-10-21,NB-1098,0.0,0.0,15,455.7
2024-10-28,NB-1098,0.0,0.0,15,455.7
2024-11-04,NB-1098,408.0,0.0,15,455.7
2024-11-11,NB-1098,772.0,0.0,15,455.7
2024-11-18,NB-1098,593.0,0.0,15,455.7
2024-11-25,NB-1098,237.0,0.0,15,455.7
2024-12-02,NB-1098,534.0,0.0,15,455.7
2024-12-09,NB-1098,953.0,662.0,15,455.7
2024-12-16,NB-1098,737.0,0.0,15,455.7
2024-12-23,NB-1098,467.0,0.0,15,455.7
2024-12-30,NB-1098,749.0,0.0,15,455.7
2025-01-06,NB-1098,488.0,0.0,15,455.7
2025-01-13,NB-1098,670.0,0.0,15,455.7
2025-01-20,NB-1098,469.0,0.0,15,455.7
2025-01-27,NB-1098,244.0,0.0,15,455.7
2025-02-03,NB-1098,43.0,640.0,15,455.7
2025-02-10,NB-1098,548.0,0.0,15,455.7
2025-02-17,NB-1098,273.0,0.0,15,455.7
2025-02-24,NB-1098,731.0,0.0,15,455.7
2025-03-03,NB-1098,946.0,0.0,15,455.7
2025-03-10,NB-1098,775.0,0.0,15,455.7
2025-03-17,NB-1098,619.0,0.0,15,455.7
2025-03-24,NB-1098,453.0,459.0,15,455.7
2025-03-31,NB-1098,881.0,0.0,15,455.7
2025-04-07,NB-1098,681.0,0.0,15,455.7
2025-04-14,NB-1098,507.0,0.0,15,455.7
2025-04-21,NB-1098,407.0,0.0,15,455.7
2025-04-28,NB-1098,898.0,0.0,15,455.7
2025-05-05,NB-1098,755.0,0.0,15,455.7
2025-05-12,NB-1098,628.0,0.0,15,455.7
2025-05-19,NB-1098,483.0,0.0,15,455.7
2025-05-26,NB-1098,366.0,0.0,15,455.7
2025-06-02,NB-1098,847.0,0.0,15,455.7
2025-06-09,NB-1098,760.0,0.0,15,455.7
2025-06-16,NB-1098,674.0,0.0,15,455.7
2025-06-23,NB-1098,564.0,0.0,15,455.7
2025-06-30,NB-1098,429.0,0.0,15,455.7
2025-07-07,NB-1098,951.0,0.0,15,455.7
2025-07-14,NB-1098,833.0,0.0,15,455.7
2025-07-21,NB-1098,680.0,0.0,15,455.7
2025-07-28,NB-1098,558.0,0.0,15,455.7
2025-08-04,NB-1098,385.0,0.0,15,455.7
2025-08-11,NB-1098,263.0,0.0,15,455.7
2025-08-18,NB-1098,86.0,0.0,15,455.7
2025-08-25,NB-1098,0.0,0.0,15,455.7
2025-09-01,NB-1098,462.0,0.0,15,455.7
2025-09-08,NB-1098,289.0,0.0,15,455.7
2025-09-15,NB-1098,559.0,0.0,15,455.7
2025-09-22,NB-1098,299.0,0.0,15,455.7
2025-09-29,NB-1098,595.0,0.0,15,455.7
2025-10-06,NB-1098,374.0,0.0,15,455.7
2025-10-13,NB-1098,180.0,551.0,15,455.7
2025-10-20,NB-1098,0.0,0.0,15,455.7
2025-10-27,NB-1098,327.0,0.0,15,455.7
2025-11-03,NB-1098,598.0,0.0,15,455.7
2025-11-10,NB-1098,397.0,0.0,15,455.7
2025-11-17,NB-1098,89.0,0.0,15,455.7
2025-11-24,NB-1098,0.0,0.0,15,455.7
2025-12-01,NB-1098,0.0,0.0,15,455.7
2025-12-08,NB-1098,417.0,653.0,15,455.7
2025-12-15,NB-1098,755.0,0.0,15,455.7
2025-12-22,NB-1098,533.0,0.0,15,455.7
2025-12-29,NB-1098,214.0,0.0,15,455.7
2024-01-01,NB-1099,167.0,0.0,19,276.8
2024-01-08,NB-1099,91.0,256.0,19,276.8
2024-01-15,NB-1099,8.0,0.0,19,276.8
2024-01-22,NB-1099,0.0,0.0,19,276.8
2024-01-29,NB-1099,258.0,0.0,19,276.8
2024-02-05,NB-1099,149.0,0.0,19,276.8
2024-02-12,NB-1099,69.0,0.0,19,276.8
2024-02-19,NB-1099,0.0,332.0,19,276.8
2024-02-26,NB-1099,0.0,0.0,19,276.8
2024-03-04,NB-1099,0.0,0.0,19,276.8
2024-03-11,NB-1099,0.0,0.0,19,276.8
2024-03-18,NB-1099,258.0,0.0,19,276.8
2024-03-25,NB-1099,564.0,0.0,19,276.8
2024-04-01,NB-1099,482.0,0.0,19,276.8
2024-04-08,NB-1099,397.0,0.0,19,276.8
2024-04-15,NB-1099,325.0,0.0,19,276.8
2024-04-22,NB-1099,251.0,272.0,19,276.8
2024-04-29,NB-1099,157.0,0.0,19,276.8
2024-05-06,NB-1099,58.0,0.0,19,276.8
2024-05-13,NB-1099,0.0,0.0,19,276.8
2024-05-20,NB-1099,295.0,0.0,19,276.8
2024-05-27,NB-1099,207.0,0.0,19,276.8
2024-06-03,NB-1099,434.0,0.0,19,276.8
2024-06-10,NB-1099,328.0,0.0,19,276.8
2024-06-17,NB-1099,217.0,0.0,19,276.8
2024-06-24,NB-1099,135.0,0.0,19,276.8
2024-07-01,NB-1099,48.0,408.0,19,276.8
2024-07-08,NB-1099,599.0,0.0,19,276.8
2024-07-15,NB-1099,501.0,0.0,19,276.8
2024-07-22,NB-1099,414.0,0.0,19,276.8
2024-07-29,NB-1099,326.0,0.0,19,276.8
2024-08-05,NB-1099,238.0,0.0,19,276.8
2024-08-12,NB-1099,135.0,0.0,19,276.8
2024-08-19,NB-1099,353.0,0.0,19,276.8
2024-08-26,NB-1099,289.0,0.0,19,276.8
2024-09-02,NB-1099,184.0,425.0,19,276.8
2024-09-09,NB-1099,112.0,0.0,19,276.8
2024-09-16,NB-1099,426.0,404.0,19,276.8
2024-09-23,NB-1099,363.0,0.0,19,276.8
2024-09-30,NB-1099,294.0,0.0,19,276.8
2024-10-07,NB-1099,185.0,378.0,19,276.8
2024-10-14,NB-1099,105.0,0.0,19,276.8
2024-10-21,NB-1099,0.0,0.0,19,276.8
2024-10-28,NB-1099,0.0,415.0,19,276.8
2024-11-04,NB-1099,0.0,379.0,19,276.8
2024-11-11,NB-1099,0.0,0.0,19,276.8
2024-11-18,NB-1099,367.0,0.0,19,276.8
2024-11-25,NB-1099,250.0,0.0,19,276.8
2024-12-02,NB-1099,137.0,0.0,19,276.8
2024-12-09,NB-1099,23.0,409.0,19,276.8
2024-12-16,NB-1099,315.0,315.0,19,276.8
2024-12-23,NB-1099,207.0,0.0,19,276.8
2024-12-30,NB-1099,91.0,319.0,19,276.8
2025-01-06,NB-1099,0.0,0.0,19,276.8
2025-01-13,NB-1099,0.0,0.0,19,276.8
2025-01-20,NB-1099,365.0,0.0,19,276.8
2025-01-27,NB-1099,253.0,0.0,19,276.8
2025-02-03,NB-1099,430.0,0.0,19,276.8
2025-02-10,NB-1099,280.0,0.0,19,276.8
2025-02-17,NB-1099,148.0,420.0,19,276.8
2025-02-24,NB-1099,0.0,350.0,19,276.8
2025-03-03,NB-1099,0.0,0.0,19,276.8
2025-03-10,NB-1099,0.0,0.0,19,276.8
2025-03-17,NB-1099,0.0,0.0,19,276.8
2025-03-24,NB-1099,347.0,0.0,19,276.8
2025-03-31,NB-1099,191.0,0.0,19,276.8
2025-04-07,NB-1099,30.0,0.0,19,276.8
2025-04-14,NB-1099,0.0,0.0,19,276.8
2025-04-21,NB-1099,0.0,372.0,19,276.8
2025-04-28,NB-1099,292.0,292.0,19,276.8
2025-05-05,NB-1099,170.0,0.0,19,276.8
2025-05-12,NB-1099,327.0,0.0,19,276.8
2025-05-19,NB-1099,148.0,317.0,19,276.8
2025-05-26,NB-1099,10.0,0.0,19,276.8
2025-06-02,NB-1099,0.0,0.0,19,276.8
2025-06-09,NB-1099,0.0,0.0,19,276.8
2025-06-16,NB-1099,270.0,270.0,19,276.8
2025-06-23,NB-1099,114.0,0.0,19,276.8
2025-06-30,NB-1099,0.0,0.0,19,276.8
2025-07-07,NB-1099,0.0,0.0,19,276.8
2025-07-14,NB-1099,0.0,0.0,19,276.8
2025-07-21,NB-1099,0.0,0.0,19,276.8
2025-07-28,NB-1099,0.0,0.0,19,276.8
2025-08-04,NB-1099,0.0,306.0,19,276.8
2025-08-11,NB-1099,0.0,0.0,19,276.8
2025-08-18,NB-1099,0.0,0.0,19,276.8
2025-08-25,NB-1099,0.0,283.0,19,276.8
2025-09-01,NB-1099,0.0,290.0,19,276.8
2025-09-08,NB-1099,341.0,0.0,19,276.8
2025-09-15,NB-1099,249.0,0.0,19,276.8
2025-09-22,NB-1099,454.0,0.0,19,276.8
2025-09-29,NB-1099,281.0,0.0,19,276.8
2025-10-06,NB-1099,166.0,0.0,19,276.8
2025-10-13,NB-1099,437.0,0.0,19,276.8
2025-10-20,NB-1099,288.0,0.0,19,276.8
2025-10-27,NB-1099,633.0,0.0,19,276.8
2025-11-03,NB-1099,531.0,0.0,19,276.8
2025-11-10,NB-1099,425.0,0.0,19,276.8
2025-11-17,NB-1099,253.0,0.0,19,276.8
2025-11-24,NB-1099,73.0,347.0,19,276.8
2025-12-01,NB-1099,0.0,0.0,19,276.8
2025-12-08,NB-1099,0.0,267.0,19,276.8
2025-12-15,NB-1099,0.0,0.0,19,276.8
2025-12-22,NB-1099,0.0,316.0,19,276.8
2025-12-29,NB-1099,397.0,397.0,19,276.8
2024-01-01,NB-1100,287.0,0.0,13,637.2
2024-01-08,NB-1100,46.0,0.0,13,637.2
2024-01-15,NB-1100,831.0,0.0,13,637.2
2024-01-22,NB-1100,654.0,0.0,13,637.2
2024-01-29,NB-1100,1418.0,0.0,13,637.2
2024-02-05,NB-1100,1245.0,0.0,13,637.2
2024-02-12,NB-1100,1045.0,0.0,13,637.2
2024-02-19,NB-1100,909.0,0.0,13,637.2
2024-02-26,NB-1100,726.0,0.0,13,637.2
2024-03-04,NB-1100,580.0,0.0,13,637.2
2024-03-11,NB-1100,1085.0,0.0,13,637.2
2024-03-18,NB-1100,907.0,0.0,13,637.2
2024-03-25,NB-1100,734.0,0.0,13,637.2
2024-04-01,NB-1100,540.0,0.0,13,637.2
2024-04-08,NB-1100,319.0,703.0,13,637.2
2024-04-15,NB-1100,1025.0,0.0,13,637.2
2024-04-22,NB-1100,820.0,0.0,13,637.2
2024-04-29,NB-1100,601.0,0.0,13,637.2
2024-05-06,NB-1100,350.0,699.0,13,637.2
2024-05-13,NB-1100,100.0,714.0,13,637.2
2024-05-20,NB-1100,0.0,899.0,13,637.2
2024-05-27,NB-1100,0.0,0.0,13,637.2
2024-06-03,NB-1100,598.0,0.0,13,637.2
2024-06-10,NB-1100,1220.0,0.0,13,637.2
2024-06-17,NB-1100,698.0,0.0,13,637.2
2024-06-24,NB-1100,245.0,0.0,13,637.2
2024-07-01,NB-1100,0.0,0.0,13,637.2
2024-07-08,NB-1100,0.0,0.0,13,637.2
2024-07-15,NB-1100,0.0,0.0,13,637.2
2024-07-22,NB-1100,0.0,840.0,13,637.2
2024-07-29,NB-1100,0.0,0.0,13,637.2
2024-08-05,NB-1100,0.0,0.0,13,637.2
2024-08-12,NB-1100,0.0,0.0,13,637.2
2024-08-19,NB-1100,0.0,0.0,13,637.2
2024-08-26,NB-1100,0.0,0.0,13,637.2
2024-09-02,NB-1100,490.0,0.0,13,637.2
2024-09-09,NB-1100,15.0,0.0,13,637.2
2024-09-16,NB-1100,874.0,874.0,13,637.2
2024-09-23,NB-1100,1070.0,0.0,13,637.2
2024-09-30,NB-1100,577.0,0.0,13,637.2
2024-10-07,NB-1100,83.0,0.0,13,637.2
2024-10-14,NB-1100,505.0,0.0,13,637.2
2024-10-21,NB-1100,98.0,0.0,13,637.2
2024-10-28,NB-1100,0.0,0.0,13,637.2
2024-11-04,NB-1100,0.0,0.0,13,637.2
2024-11-11,NB-1100,710.0,0.0,13,637.2
2024-11-18,NB-1100,396.0,686.0,13,637.2
2024-11-25,NB-1100,62.0,676.0,13,637.2
2024-12-02,NB-1100,591.0,878.0,13,637.2
2024-12-09,NB-1100,256.0,606.0,13,637.2
2024-12-16,NB-1100,0.0,0.0,13,637.2
2024-12-23,NB-1100,0.0,0.0,13,637.2
2024-12-30,NB-1100,0.0,0.0,13,637.2
2025-01-06,NB-1100,0.0,0.0,13,637.2
2025-01-13,NB-1100,679.0,0.0,13,637.2
2025-01-20,NB-1100,1157.0,0.0,13,637.2
2025-01-27,NB-1100,918.0,0.0,13,637.2
2025-02-03,NB-1100,663.0,0.0,13,637.2
2025-02-10,NB-1100,1305.0,0.0,13,637.2
2025-02-17,NB-1100,1033.0,0.0,13,637.2
2025-02-24,NB-1100,773.0,0.0,13,637.2
2025-03-03,NB-1100,1402.0,0.0,13,637.2
2025-03-10,NB-1100,1183.0,0.0,13,637.2
2025-03-17,NB-1100,968.0,0.0,13,637.2
2025-03-24,NB-1100,663.0,0.0,13,637.2
2025-03-31,NB-1100,1022.0,0.0,13,637.2
2025-04-07,NB-1100,679.0,0.0,13,637.2
2025-04-14,NB-1100,342.0,0.0,13,637.2
2025-04-21,NB-1100,31.0,0.0,13,637.2
2025-04-28,NB-1100,0.0,0.0,13,637.2
2025-05-05,NB-1100,0.0,0.0,13,637.2
2025-05-12,NB-1100,0.0,0.0,13,637.2
2025-05-19,NB-1100,0.0,0.0,13,637.2
2025-05-26,NB-1100,550.0,0.0,13,637.2
2025-06-02,NB-1100,0.0,0.0,13,637.2
2025-06-09,NB-1100,0.0,0.0,13,637.2
2025-06-16,NB-1100,756.0,0.0,13,637.2
2025-06-23,NB-1100,1267.0,979.0,13,637.2
2025-06-30,NB-1100,693.0,0.0,13,637.2
2025-07-07,NB-1100,1110.0,0.0,13,637.2
2025-07-14,NB-1100,634.0,679.0,13,637.2
2025-07-21,NB-1100,781.0,0.0,13,637.2
2025-07-28,NB-1100,845.0,0.0,13,637.2
2025-08-04,NB-1100,238.0,0.0,13,637.2
2025-08-11,NB-1100,638.0,638.0,13,637.2
2025-08-18,NB-1100,555.0,0.0,13,637.2
2025-08-25,NB-1100,857.0,0.0,13,637.2
2025-09-01,NB-1100,779.0,0.0,13,637.2
2025-09-08,NB-1100,0.0,0.0,13,637.2
2025-09-15,NB-1100,747.0,747.0,13,637.2
2025-09-22,NB-1100,691.0,0.0,13,637.2
2025-09-29,NB-1100,656.0,0.0,13,637.2
2025-10-06,NB-1100,0.0,0.0,13,637.2
2025-10-13,NB-1100,0.0,0.0,13,637.2
2025-10-20,NB-1100,0.0,0.0,13,637.2
2025-10-27,NB-1100,0.0,0.0,13,637.2
2025-11-03,NB-1100,871.0,871.0,13,637.2
2025-11-10,NB-1100,226.0,0.0,13,637.2
2025-11-17,NB-1100,1113.0,0.0,13,637.2
2025-11-24,NB-1100,453.0,938.0,13,637.2
2025-12-01,NB-1100,721.0,0.0,13,637.2
2025-12-08,NB-1100,207.0,0.0,13,637.2
2025-12-15,NB-1100,623.0,964.0,13,637.2
2025-12-22,NB-1100,150.0,0.0,13,637.2
2025-12-29,NB-1100,0.0,0.0,13,637.2
2024-01-01,NB-1101,112.0,306.0,6,288.4
2024-01-08,NB-1101,208.0,0.0,6,288.4
2024-01-15,NB-1101,27.0,0.0,6,288.4
2024-01-22,NB-1101,388.0,0.0,6,288.4
2024-01-29,NB-1101,208.0,376.0,6,288.4
2024-02-05,NB-1101,74.0,0.0,6,288.4
2024-02-12,NB-1101,260.0,0.0,6,288.4
2024-02-19,NB-1101,132.0,0.0,6,288.4
2024-02-26,NB-1101,6.0,0.0,6,288.4
2024-03-04,NB-1101,311.0,0.0,6,288.4
2024-03-11,NB-1101,179.0,0.0,6,288.4
2024-03-18,NB-1101,41.0,0.0,6,288.4
2024-03-25,NB-1101,0.0,0.0,6,288.4
2024-04-01,NB-1101,320.0,0.0,6,288.4
2024-04-08,NB-1101,173.0,0.0,6,288.4
2024-04-15,NB-1101,24.0,277.0,6,288.4
2024-04-22,NB-1101,0.0,0.0,6,288.4
2024-04-29,NB-1101,0.0,0.0,6,288.4
2024-05-06,NB-1101,0.0,0.0,6,288.4
2024-05-13,NB-1101,0.0,0.0,6,288.4
2024-05-20,NB-1101,0.0,0.0,6,288.4
2024-05-27,NB-1101,271.0,354.0,6,288.4
2024-06-03,NB-1101,24.0,0.0,6,288.4
2024-06-10,NB-1101,0.0,414.0,6,288.4
2024-06-17,NB-1101,0.0,0.0,6,288.4
2024-06-24,NB-1101,0.0,0.0,6,288.4
2024-07-01,NB-1101,0.0,380.0,6,288.4
2024-07-08,NB-1101,0.0,0.0,6,288.4
2024-07-15,NB-1101,0.0,0.0,6,288.4
2024-07-22,NB-1101,0.0,0.0,6,288.4
2024-07-29,NB-1101,334.0,0.0,6,288.4
2024-08-05,NB-1101,19.0,0.0,6,288.4
2024-08-12,NB-1101,0.0,0.0,6,288.4
2024-08-19,NB-1101,178.0,0.0,6,288.4
2024-08-26,NB-1101,565.0,428.0,6,288.4
2024-09-02,NB-1101,169.0,0.0,6,288.4
2024-09-09,NB-1101,110.0,0.0,6,288.4
2024-09-16,NB-1101,0.0,335.0,6,288.4
2024-09-23,NB-1101,0.0,0.0,6,288.4
2024-09-30,NB-1101,0.0,0.0,6,288.4
2024-10-07,NB-1101,0.0,0.0,6,288.4
2024-10-14,NB-1101,0.0,359.0,6,288.4
2024-10-21,NB-1101,137.0,0.0,6,288.4
2024-10-28,NB-1101,0.0,0.0,6,288.4
2024-11-04,NB-1101,0.0,0.0,6,288.4
2024-11-11,NB-1101,0.0,427.0,6,288.4
2024-11-18,NB-1101,0.0,0.0,6,288.4
2024-11-25,NB-1101,303.0,0.0,6,288.4
2024-12-02,NB-1101,25.0,0.0,6,288.4
2024-12-09,NB-1101,347.0,347.0,6,288.4
2024-12-16,NB-1101,349.0,0.0,6,288.4
2024-12-23,NB-1101,317.0,0.0,6,288.4
2024-12-30,NB-1101,106.0,0.0,6,288.4
2025-01-06,NB-1101,0.0,358.0,6,288.4
2025-01-13,NB-1101,0.0,0.0,6,288.4
2025-01-20,NB-1101,639.0,0.0,6,288.4
2025-01-27,NB-1101,439.0,0.0,6,288.4
2025-02-03,NB-1101,283.0,0.0,6,288.4
2025-02-10,NB-1101,86.0,0.0,6,288.4
2025-02-17,NB-1101,0.0,0.0,6,288.4
2025-02-24,NB-1101,0.0,0.0,6,288.4
2025-03-03,NB-1101,0.0,0.0,6,288.4
2025-03-10,NB-1101,501.0,0.0,6,288.4
2025-03-17,NB-1101,339.0,0.0,6,288.4
2025-03-24,NB-1101,206.0,396.0,6,288.4
2025-03-31,NB-1101,17.0,283.0,6,288.4
2025-04-07,NB-1101,0.0,392.0,6,288.4
2025-04-14,NB-1101,217.0,0.0,6,288.4
2025-04-21,NB-1101,21.0,300.0,6,288.4
2025-04-28,NB-1101,0.0,0.0,6,288.4
2025-05-05,NB-1101,380.0,0.0,6,288.4
2025-05-12,NB-1101,81.0,355.0,6,288.4
2025-05-19,NB-1101,0.0,342.0,6,288.4
2025-05-26,NB-1101,0.0,0.0,6,288.4
2025-06-02,NB-1101,229.0,0.0,6,288.4
2025-06-09,NB-1101,413.0,0.0,6,288.4
2025-06-16,NB-1101,123.0,319.0,6,288.4
2025-06-23,NB-1101,0.0,0.0,6,288.4
2025-06-30,NB-1101,155.0,276.0,6,288.4
2025-07-07,NB-1101,0.0,292.0,6,288.4
2025-07-14,NB-1101,0.0,362.0,6,288.4
2025-07-21,NB-1101,0.0,0.0,6,288.4
2025-07-28,NB-1101,0.0,0.0,6,288.4
2025-08-04,NB-1101,0.0,0.0,6,288.4
2025-08-11,NB-1101,448.0,381.0,6,288.4
2025-08-18,NB-1101,47.0,0.0,6,288.4
2025-08-25,NB-1101,0.0,0.0,6,288.4
2025-09-01,NB-1101,0.0,0.0,6,288.4
2025-09-08,NB-1101,283.0,397.0,6,288.4
2025-09-15,NB-1101,204.0,0.0,6,288.4
2025-09-22,NB-1101,0.0,0.0,6,288.4
2025-09-29,NB-1101,0.0,391.0,6,288.4
2025-10-06,NB-1101,0.0,0.0,6,288.4
2025-10-13,NB-1101,0.0,0.0,6,288.4
2025-10-20,NB-1101,0.0,0.0,6,288.4
2025-10-27,NB-1101,279.0,279.0,6,288.4
2025-11-03,NB-1101,0.0,0.0,6,288.4
2025-11-10,NB-1101,126.0,335.0,6,288.4
2025-11-17,NB-1101,0.0,359.0,6,288.4
2025-11-24,NB-1101,145.0,0.0,6,288.4
2025-12-01,NB-1101,0.0,0.0,6,288.4
2025-12-08,NB-1101,207.0,438.0,6,288.4
2025-12-15,NB-1101,0.0,0.0,6,288.4
2025-12-22,NB-1101,135.0,419.0,6,288.4
2025-12-29,NB-1101,0.0,0.0,6,288.4
2024-01-01,NB-1102,276.0,0.0,10,161.8
2024-01-08,NB-1102,158.0,0.0,10,161.8
2024-01-15,NB-1102,188.0,0.0,10,161.8
2024-01-22,NB-1102,41.0,0.0,10,161.8
2024-01-29,NB-1102,0.0,0.0,10,161.8
2024-02-05,NB-1102,0.0,221.0,10,161.8
2024-02-12,NB-1102,0.0,0.0,10,161.8
2024-02-19,NB-1102,0.0,179.0,10,161.8
2024-02-26,NB-1102,209.0,0.0,10,161.8
2024-03-04,NB-1102,332.0,0.0,10,161.8
2024-03-11,NB-1102,248.0,0.0,10,161.8
2024-03-18,NB-1102,139.0,0.0,10,161.8
2024-03-25,NB-1102,42.0,0.0,10,161.8
2024-04-01,NB-1102,0.0,0.0,10,161.8
2024-04-08,NB-1102,150.0,0.0,10,161.8
2024-04-15,NB-1102,206.0,0.0,10,161.8
2024-04-22,NB-1102,123.0,0.0,10,161.8
2024-04-29,NB-1102,72.0,0.0,10,161.8
2024-05-06,NB-1102,20.0,0.0,10,161.8
2024-05-13,NB-1102,0.0,0.0,10,161.8
2024-05-20,NB-1102,201.0,0.0,10,161.8
2024-05-27,NB-1102,146.0,0.0,10,161.8
2024-06-03,NB-1102,296.0,0.0,10,161.8
2024-06-10,NB-1102,251.0,0.0,10,161.8
2024-06-17,NB-1102,182.0,0.0,10,161.8
2024-06-24,NB-1102,138.0,0.0,10,161.8
2024-07-01,NB-1102,307.0,0.0,10,161.8
2024-07-08,NB-1102,259.0,0.0,10,161.8
2024-07-15,NB-1102,217.0,0.0,10,161.8
2024-07-22,NB-1102,145.0,204.0,10,161.8
2024-07-29,NB-1102,87.0,159.0,10,161.8
2024-08-05,NB-1102,224.0,0.0,10,161.8
2024-08-12,NB-1102,167.0,0.0,10,161.8
2024-08-19,NB-1102,340.0,0.0,10,161.8
2024-08-26,NB-1102,272.0,0.0,10,161.8
2024-09-02,NB-1102,192.0,0.0,10,161.8
2024-09-09,NB-1102,115.0,0.0,10,161.8
2024-09-16,NB-1102,43.0,0.0,10,161.8
2024-09-23,NB-1102,154.0,0.0,10,161.8
2024-09-30,NB-1102,55.0,219.0,10,161.8
2024-10-07,NB-1102,0.0,0.0,10,161.8
2024-10-14,NB-1102,198.0,0.0,10,161.8
2024-10-21,NB-1102,321.0,0.0,10,161.8
2024-10-28,NB-1102,180.0,0.0,10,161.8
2024-11-04,NB-1102,73.0,157.0,10,161.8
2024-11-11,NB-1102,178.0,0.0,10,161.8
2024-11-18,NB-1102,41.0,209.0,10,161.8
2024-11-25,NB-1102,0.0,0.0,10,161.8
2024-12-02,NB-1102,0.0,0.0,10,161.8
2024-12-09,NB-1102,159.0,0.0,10,161.8
2024-12-16,NB-1102,7.0,196.0,10,161.8
2024-12-23,NB-1102,0.0,0.0,10,161.8
2024-12-30,NB-1102,0.0,197.0,10,161.8
2025-01-06,NB-1102,165.0,0.0,10,161.8
2025-01-13,NB-1102,192.0,0.0,10,161.8
2025-01-20,NB-1102,186.0,154.0,10,161.8
2025-01-27,NB-1102,37.0,161.0,10,161.8
2025-02-03,NB-1102,0.0,0.0,10,161.8
2025-02-10,NB-1102,0.0,0.0,10,161.8
2025-02-17,NB-1102,132.0,0.0,10,161.8
2025-02-24,NB-1102,0.0,0.0,10,161.8
2025-03-03,NB-1102,0.0,0.0,10,161.8
2025-03-10,NB-1102,170.0,0.0,10,161.8
2025-03-17,NB-1102,108.0,186.0,10,161.8
2025-03-24,NB-1102,0.0,0.0,10,161.8
2025-03-31,NB-1102,0.0,0.0,10,161.8
2025-04-07,NB-1102,0.0,0.0,10,161.8
2025-04-14,NB-1102,164.0,0.0,10,161.8
2025-04-21,NB-1102,55.0,185.0,10,161.8
2025-04-28,NB-1102,0.0,189.0,10,161.8
2025-05-05,NB-1102,164.0,0.0,10,161.8
2025-05-12,NB-1102,52.0,0.0,10,161.8
2025-05-19,NB-1102,189.0,0.0,10,161.8
2025-05-26,NB-1102,132.0,0.0,10,161.8
2025-06-02,NB-1102,66.0,0.0,10,161.8
2025-06-09,NB-1102,176.0,0.0,10,161.8
2025-06-16,NB-1102,125.0,0.0,10,161.8
2025-06-23,NB-1102,77.0,0.0,10,161.8
2025-06-30,NB-1102,8.0,0.0,10,161.8
2025-07-07,NB-1102,0.0,0.0,10,161.8
2025-07-14,NB-1102,0.0,0.0,10,161.8
2025-07-21,NB-1102,0.0,0.0,10,161.8
2025-07-28,NB-1102,0.0,0.0,10,161.8
2025-08-04,NB-1102,0.0,0.0,10,161.8
2025-08-11,NB-1102,0.0,181.0,10,161.8
2025-08-18,NB-1102,166.0,0.0,10,161.8
2025-08-25,NB-1102,298.0,0.0,10,161.8
2025-09-01,NB-1102,191.0,0.0,10,161.8
2025-09-08,NB-1102,174.0,0.0,10,161.8
2025-09-15,NB-1102,282.0,0.0,10,161.8
2025-09-22,NB-1102,186.0,0.0,10,161.8
2025-09-29,NB-1102,63.0,0.0,10,161.8
2025-10-06,NB-1102,0.0,0.0,10,161.8
2025-10-13,NB-1102,0.0,240.0,10,161.8
2025-10-20,NB-1102,0.0,215.0,10,161.8
2025-10-27,NB-1102,0.0,0.0,10,161.8
2025-11-03,NB-1102,107.0,0.0,10,161.8
2025-11-10,NB-1102,165.0,0.0,10,161.8
2025-11-17,NB-1102,0.0,0.0,10,161.8
2025-11-24,NB-1102,0.0,0.0,10,161.8
2025-12-01,NB-1102,0.0,0.0,10,161.8
2025-12-08,NB-1102,184.0,0.0,10,161.8
2025-12-15,NB-1102,51.0,235.0,10,161.8
2025-12-22,NB-1102,0.0,188.0,10,161.8
2025-12-29,NB-1102,0.0,152.0,10,161.8
2024-01-01,NB-1103,123.0,0.0,17,136.3
2024-01-08,NB-1103,82.0,139.0,17,136.3
2024-01-15,NB-1103,36.0,0.0,17,136.3
2024-01-22,NB-1103,0.0,0.0,17,136.3
2024-01-29,NB-1103,0.0,168.0,17,136.3
2024-02-05,NB-1103,0.0,0.0,17,136.3
2024-02-12,NB-1103,0.0,0.0,17,136.3
2024-02-19,NB-1103,0.0,0.0,17,136.3
2024-02-26,NB-1103,175.0,0.0,17,136.3
2024-03-04,NB-1103,151.0,0.0,17,136.3
2024-03-11,NB-1103,242.0,0.0,17,136.3
2024-03-18,NB-1103,209.0,0.0,17,136.3
2024-03-25,NB-1103,163.0,0.0,17,136.3
2024-04-01,NB-1103,124.0,0.0,17,136.3
2024-04-08,NB-1103,84.0,186.0,17,136.3
2024-04-15,NB-1103,189.0,0.0,17,136.3
2024-04-22,NB-1103,140.0,0.0,17,136.3
2024-04-29,NB-1103,220.0,138.0,17,136.3
2024-05-06,NB-1103,187.0,0.0,17,136.3
2024-05-13,NB-1103,140.0,0.0,17,136.3
2024-05-20,NB-1103,281.0,0.0,17,136.3
2024-05-27,NB-1103,225.0,0.0,17,136.3
2024-06-03,NB-1103,195.0,0.0,17,136.3
2024-06-10,NB-1103,161.0,0.0,17,136.3
2024-06-17,NB-1103,89.0,0.0,17,136.3
2024-06-24,NB-1103,39.0,0.0,17,136.3
2024-07-01,NB-1103,6.0,0.0,17,136.3
2024-07-08,NB-1103,0.0,0.0,17,136.3
2024-07-15,NB-1103,0.0,0.0,17,136.3
2024-07-22,NB-1103,0.0,171.0,17,136.3
2024-07-29,NB-1103,172.0,0.0,17,136.3
2024-08-05,NB-1103,145.0,0.0,17,136.3
2024-08-12,NB-1103,303.0,0.0,17,136.3
2024-08-19,NB-1103,265.0,0.0,17,136.3
2024-08-26,NB-1103,239.0,0.0,17,136.3
2024-09-02,NB-1103,202.0,0.0,17,136.3
2024-09-09,NB-1103,172.0,0.0,17,136.3
2024-09-16,NB-1103,152.0,0.0,17,136.3
2024-09-23,NB-1103,140.0,0.0,17,136.3
2024-09-30,NB-1103,304.0,0.0,17,136.3
2024-10-07,NB-1103,278.0,0.0,17,136.3
2024-10-14,NB-1103,254.0,0.0,17,136.3
2024-10-21,NB-1103,229.0,0.0,17,136.3
2024-10-28,NB-1103,198.0,0.0,17,136.3
2024-11-04,NB-1103,174.0,0.0,17,136.3
2024-11-11,NB-1103,141.0,0.0,17,136.3
2024-11-18,NB-1103,122.0,0.0,17,136.3
2024-11-25,NB-1103,98.0,0.0,17,136.3
2024-12-02,NB-1103,234.0,0.0,17,136.3
2024-12-09,NB-1103,217.0,0.0,17,136.3
2024-12-16,NB-1103,184.0,0.0,17,136.3
2024-12-23,NB-1103,162.0,0.0,17,136.3
2024-12-30,NB-1103,131.0,155.0,17,136.3
2025-01-06,NB-1103,103.0,0.0,17,136.3
2025-01-13,NB-1103,276.0,0.0,17,136.3
2025-01-20,NB-1103,246.0,0.0,17,136.3
2025-01-27,NB-1103,219.0,0.0,17,136.3
2025-02-03,NB-1103,198.0,0.0,17,136.3
2025-02-10,NB-1103,184.0,0.0,17,136.3
2025-02-17,NB-1103,160.0,0.0,17,136.3
2025-02-24,NB-1103,132.0,0.0,17,136.3
2025-03-03,NB-1103,282.0,0.0,17,136.3
2025-03-10,NB-1103,243.0,0.0,17,136.3
2025-03-17,NB-1103,197.0,0.0,17,136.3
2025-03-24,NB-1103,174.0,0.0,17,136.3
2025-03-31,NB-1103,127.0,0.0,17,136.3
2025-04-07,NB-1103,77.0,0.0,17,136.3
2025-04-14,NB-1103,227.0,199.0,17,136.3
2025-04-21,NB-1103,195.0,0.0,17,136.3
2025-04-28,NB-1103,154.0,0.0,17,136.3
2025-05-05,NB-1103,282.0,0.0,17,136.3
2025-05-12,NB-1103,238.0,0.0,17,136.3
2025-05-19,NB-1103,174.0,0.0,17,136.3
2025-05-26,NB-1103,143.0,0.0,17,136.3
2025-06-02,NB-1103,306.0,0.0,17,136.3
2025-06-09,NB-1103,272.0,0.0,17,136.3
2025-06-16,NB-1103,230.0,0.0,17,136.3
2025-06-23,NB-1103,188.0,0.0,17,136.3
2025-06-30,NB-1103,147.0,0.0,17,136.3
2025-07-07,NB-1103,253.0,0.0,17,136.3
2025-07-14,NB-1103,232.0,0.0,17,136.3
2025-07-21,NB-1103,179.0,0.0,17,136.3
2025-07-28,NB-1103,140.0,0.0,17,136.3
2025-08-04,NB-1103,107.0,0.0,17,136.3
2025-08-11,NB-1103,222.0,0.0,17,136.3
2025-08-18,NB-1103,195.0,0.0,17,136.3
2025-08-25,NB-1103,174.0,0.0,17,136.3
2025-09-01,NB-1103,135.0,0.0,17,136.3
2025-09-08,NB-1103,101.0,0.0,17,136.3
2025-09-15,NB-1103,78.0,0.0,17,136.3
2025-09-22,NB-1103,48.0,171.0,17,136.3
2025-09-29,NB-1103,32.0,193.0,17,136.3
2025-10-06,NB-1103,172.0,0.0,17,136.3
2025-10-13,NB-1103,131.0,0.0,17,136.3
2025-10-20,NB-1103,261.0,0.0,17,136.3
2025-10-27,NB-1103,233.0,0.0,17,136.3
2025-11-03,NB-1103,208.0,0.0,17,136.3
2025-11-10,NB-1103,193.0,0.0,17,136.3
2025-11-17,NB-1103,165.0,0.0,17,136.3
2025-11-24,NB-1103,140.0,0.0,17,136.3
2025-12-01,NB-1103,125.0,0.0,17,136.3
2025-12-08,NB-1103,269.0,168.0,17,136.3
2025-12-15,NB-1103,246.0,0.0,17,136.3
2025-12-22,NB-1103,222.0,0.0,17,136.3
2025-12-29,NB-1103,203.0,0.0,17,136.3
2024-01-01,NB-1104,335.0,0.0,6,17.2
2024-01-08,NB-1104,312.0,0.0,6,17.2
2024-01-15,NB-1104,304.0,0.0,6,17.2
2024-01-22,NB-1104,297.0,0.0,6,17.2
2024-01-29,NB-1104,285.0,0.0,6,17.2
2024-02-05,NB-1104,275.0,0.0,6,17.2
2024-02-12,NB-1104,264.0,0.0,6,17.2
2024-02-19,NB-1104,253.0,0.0,6,17.2
2024-02-26,NB-1104,245.0,0.0,6,17.2
2024-03-04,NB-1104,226.0,0.0,6,17.2
2024-03-11,NB-1104,210.0,0.0,6,17.2
2024-03-18,NB-1104,198.0,0.0,6,17.2
2024-03-25,NB-1104,186.0,0.0,6,17.2
2024-04-01,NB-1104,178.0,0.0,6,17.2
2024-04-08,NB-1104,169.0,0.0,6,17.2
2024-04-15,NB-1104,157.0,0.0,6,17.2
2024-04-22,NB-1104,151.0,0.0,6,17.2
2024-04-29,NB-1104,138.0,0.0,6,17.2
2024-05-06,NB-1104,116.0,0.0,6,17.2
2024-05-13,NB-1104,104.0,0.0,6,17.2
2024-05-20,NB-1104,92.0,0.0,6,17.2
2024-05-27,NB-1104,76.0,0.0,6,17.2
2024-06-03,NB-1104,71.0,0.0,6,17.2
2024-06-10,NB-1104,63.0,0.0,6,17.2
2024-06-17,NB-1104,50.0,0.0,6,17.2
2024-06-24,NB-1104,28.0,0.0,6,17.2
2024-07-01,NB-1104,17.0,0.0,6,17.2
2024-07-08,NB-1104,19.0,17.0,6,17.2
2024-07-15,NB-1104,29.0,0.0,6,17.2
2024-07-22,NB-1104,23.0,0.0,6,17.2
2024-07-29,NB-1104,16.0,25.0,6,17.2
2024-08-05,NB-1104,7.0,21.0,6,17.2
2024-08-12,NB-1104,37.0,0.0,6,17.2
2024-08-19,NB-1104,26.0,0.0,6,17.2
2024-08-26,NB-1104,6.0,0.0,6,17.2
2024-09-02,NB-1104,0.0,0.0,6,17.2
2024-09-09,NB-1104,0.0,0.0,6,17.2
2024-09-16,NB-1104,0.0,0.0,6,17.2
2024-09-23,NB-1104,0.0,17.0,6,17.2
2024-09-30,NB-1104,0.0,0.0,6,17.2
2024-10-07,NB-1104,0.0,0.0,6,17.2
2024-10-14,NB-1104,0.0,0.0,6,17.2
2024-10-21,NB-1104,0.0,0.0,6,17.2
2024-10-28,NB-1104,16.0,16.0,6,17.2
2024-11-04,NB-1104,26.0,0.0,6,17.2
2024-11-11,NB-1104,7.0,18.0,6,17.2
2024-11-18,NB-1104,0.0,0.0,6,17.2
2024-11-25,NB-1104,3.0,0.0,6,17.2
2024-12-02,NB-1104,10.0,22.0,6,17.2
2024-12-09,NB-1104,0.0,26.0,6,17.2
2024-12-16,NB-1104,0.0,0.0,6,17.2
2024-12-23,NB-1104,0.0,0.0,6,17.2
2024-12-30,NB-1104,20.0,0.0,6,17.2
2025-01-06,NB-1104,0.0,0.0,6,17.2
2025-01-13,NB-1104,0.0,0.0,6,17.2
2025-01-20,NB-1104,0.0,19.0,6,17.2
2025-01-27,NB-1104,15.0,0.0,6,17.2
2025-02-03,NB-1104,26.0,26.0,6,17.2
2025-02-10,NB-1104,14.0,0.0,6,17.2
2025-02-17,NB-1104,23.0,0.0,6,17.2
2025-02-24,NB-1104,7.0,0.0,6,17.2
2025-03-03,NB-1104,28.0,0.0,6,17.2
2025-03-10,NB-1104,17.0,0.0,6,17.2
2025-03-17,NB-1104,0.0,0.0,6,17.2
2025-03-24,NB-1104,0.0,0.0,6,17.2
2025-03-31,NB-1104,0.0,0.0,6,17.2
2025-04-07,NB-1104,0.0,0.0,6,17.2
2025-04-14,NB-1104,0.0,0.0,6,17.2
2025-04-21,NB-1104,0.0,0.0,6,17.2
2025-04-28,NB-1104,0.0,0.0,6,17.2
2025-05-05,NB-1104,0.0,23.0,6,17.2
2025-05-12,NB-1104,0.0,0.0,6,17.2
2025-05-19,NB-1104,8.0,19.0,6,17.2
2025-05-26,NB-1104,0.0,24.0,6,17.2
2025-06-02,NB-1104,0.0,0.0,6,17.2
2025-06-09,NB-1104,0.0,0.0,6,17.2
2025-06-16,NB-1104,0.0,0.0,6,17.2
2025-06-23,NB-1104,0.0,0.0,6,17.2
2025-06-30,NB-1104,13.0,0.0,6,17.2
2025-07-07,NB-1104,21.0,0.0,6,17.2
2025-07-14,NB-1104,2.0,25.0,6,17.2
2025-07-21,NB-1104,0.0,0.0,6,17.2
2025-07-28,NB-1104,0.0,0.0,6,17.2
2025-08-04,NB-1104,16.0,0.0,6,17.2
2025-08-11,NB-1104,21.0,0.0,6,17.2
2025-08-18,NB-1104,0.0,0.0,6,17.2
2025-08-25,NB-1104,16.0,16.0,6,17.2
2025-09-01,NB-1104,0.0,0.0,6,17.2
2025-09-08,NB-1104,0.0,0.0,6,17.2
2025-09-15,NB-1104,0.0,0.0,6,17.2
2025-09-22,NB-1104,0.0,0.0,6,17.2
2025-09-29,NB-1104,19.0,19.0,6,17.2
2025-10-06,NB-1104,23.0,0.0,6,17.2
2025-10-13,NB-1104,30.0,0.0,6,17.2
2025-10-20,NB-1104,10.0,25.0,6,17.2
2025-10-27,NB-1104,0.0,23.0,6,17.2
2025-11-03,NB-1104,0.0,0.0,6,17.2
2025-11-10,NB-1104,0.0,0.0,6,17.2
2025-11-17,NB-1104,0.0,0.0,6,17.2
2025-11-24,NB-1104,0.0,25.0,6,17.2
2025-12-01,NB-1104,0.0,0.0,6,17.2
2025-12-08,NB-1104,0.0,17.0,6,17.2
2025-12-15,NB-1104,18.0,0.0,6,17.2
2025-12-22,NB-1104,0.0,0.0,6,17.2
2025-12-29,NB-1104,0.0,0.0,6,17.2
2024-01-01,NB-1105,221.0,429.0,12,398.7
2024-01-08,NB-1105,0.0,0.0,12,398.7
2024-01-15,NB-1105,0.0,0.0,12,398.7
2024-01-22,NB-1105,0.0,0.0,12,398.7
2024-01-29,NB-1105,0.0,0.0,12,398.7
2024-02-05,NB-1105,534.0,0.0,12,398.7
2024-02-12,NB-1105,319.0,0.0,12,398.7
2024-02-19,NB-1105,779.0,0.0,12,398.7
2024-02-26,NB-1105,608.0,0.0,12,398.7
2024-03-04,NB-1105,447.0,0.0,12,398.7
2024-03-11,NB-1105,276.0,0.0,12,398.7
2024-03-18,NB-1105,118.0,0.0,12,398.7
2024-03-25,NB-1105,401.0,0.0,12,398.7
2024-04-01,NB-1105,691.0,0.0,12,398.7
2024-04-08,NB-1105,488.0,0.0,12,398.7
2024-04-15,NB-1105,748.0,0.0,12,398.7
2024-04-22,NB-1105,548.0,0.0,12,398.7
2024-04-29,NB-1105,406.0,0.0,12,398.7
2024-05-06,NB-1105,761.0,0.0,12,398.7
2024-05-13,NB-1105,616.0,0.0,12,398.7
2024-05-20,NB-1105,478.0,0.0,12,398.7
2024-05-27,NB-1105,325.0,0.0,12,398.7
2024-06-03,NB-1105,159.0,0.0,12,398.7
2024-06-10,NB-1105,633.0,0.0,12,398.7
2024-06-17,NB-1105,451.0,0.0,12,398.7
2024-06-24,NB-1105,284.0,377.0,12,398.7
2024-07-01,NB-1105,676.0,0.0,12,398.7
2024-07-08,NB-1105,515.0,0.0,12,398.7
2024-07-15,NB-1105,356.0,0.0,12,398.7
2024-07-22,NB-1105,220.0,0.0,12,398.7
2024-07-29,NB-1105,57.0,0.0,12,398.7
2024-08-05,NB-1105,0.0,607.0,12,398.7
2024-08-12,NB-1105,0.0,542.0,12,398.7
2024-08-19,NB-1105,0.0,0.0,12,398.7
2024-08-26,NB-1105,0.0,0.0,12,398.7
2024-09-02,NB-1105,0.0,0.0,12,398.7
2024-09-09,NB-1105,272.0,0.0,12,398.7
2024-09-16,NB-1105,88.0,0.0,12,398.7
2024-09-23,NB-1105,543.0,0.0,12,398.7
2024-09-30,NB-1105,982.0,607.0,12,398.7
2024-10-07,NB-1105,786.0,0.0,12,398.7
2024-10-14,NB-1105,584.0,0.0,12,398.7
2024-10-21,NB-1105,383.0,0.0,12,398.7
2024-10-28,NB-1105,169.0,0.0,12,398.7
2024-11-04,NB-1105,0.0,0.0,12,398.7
2024-11-11,NB-1105,470.0,0.0,12,398.7
2024-11-18,NB-1105,289.0,420.0,12,398.7
2024-11-25,NB-1105,661.0,0.0,12,398.7
2024-12-02,NB-1105,509.0,0.0,12,398.7
2024-12-09,NB-1105,327.0,0.0,12,398.7
2024-12-16,NB-1105,506.0,0.0,12,398.7
2024-12-23,NB-1105,329.0,0.0,12,398.7
2024-12-30,NB-1105,180.0,0.0,12,398.7
2025-01-06,NB-1105,550.0,0.0,12,398.7
2025-01-13,NB-1105,374.0,0.0,12,398.7
2025-01-20,NB-1105,236.0,0.0,12,398.7
2025-01-27,NB-1105,84.0,571.0,12,398.7
2025-02-03,NB-1105,0.0,407.0,12,398.7
2025-02-10,NB-1105,0.0,413.0,12,398.7
2025-02-17,NB-1105,0.0,0.0,12,398.7
2025-02-24,NB-1105,403.0,0.0,12,398.7
2025-03-03,NB-1105,186.0,409.0,12,398.7
2025-03-10,NB-1105,61.0,590.0,12,398.7
2025-03-17,NB-1105,0.0,403.0,12,398.7
2025-03-24,NB-1105,554.0,0.0,12,398.7
2025-03-31,NB-1105,348.0,0.0,12,398.7
2025-04-07,NB-1105,217.0,412.0,12,398.7
2025-04-14,NB-1105,452.0,384.0,12,398.7
2025-04-21,NB-1105,753.0,429.0,12,398.7
2025-04-28,NB-1105,614.0,0.0,12,398.7
2025-05-05,NB-1105,489.0,0.0,12,398.7
2025-05-12,NB-1105,746.0,0.0,12,398.7
2025-05-19,NB-1105,599.0,0.0,12,398.7
2025-05-26,NB-1105,458.0,0.0,12,398.7
2025-06-02,NB-1105,328.0,0.0,12,398.7
2025-06-09,NB-1105,656.0,0.0,12,398.7
2025-06-16,NB-1105,531.0,0.0,12,398.7
2025-06-23,NB-1105,400.0,0.0,12,398.7
2025-06-30,NB-1105,241.0,0.0,12,398.7
2025-07-07,NB-1105,557.0,430.0,12,398.7
2025-07-14,NB-1105,413.0,0.0,12,398.7
2025-07-21,NB-1105,802.0,0.0,12,398.7
2025-07-28,NB-1105,612.0,0.0,12,398.7
2025-08-04,NB-1105,461.0,0.0,12,398.7
2025-08-11,NB-1105,328.0,529.0,12,398.7
2025-08-18,NB-1105,716.0,0.0,12,398.7
2025-08-25,NB-1105,591.0,0.0,12,398.7
2025-09-01,NB-1105,326.0,0.0,12,398.7
2025-09-08,NB-1105,523.0,0.0,12,398.7
2025-09-15,NB-1105,403.0,0.0,12,398.7
2025-09-22,NB-1105,239.0,0.0,12,398.7
2025-09-29,NB-1105,78.0,0.0,12,398.7
2025-10-06,NB-1105,344.0,0.0,12,398.7
2025-10-13,NB-1105,559.0,0.0,12,398.7
2025-10-20,NB-1105,798.0,477.0,12,398.7
2025-10-27,NB-1105,671.0,0.0,12,398.7
2025-11-03,NB-1105,533.0,0.0,12,398.7
2025-11-10,NB-1105,396.0,560.0,12,398.7
2025-11-17,NB-1105,556.0,0.0,12,398.7
2025-11-24,NB-1105,356.0,0.0,12,398.7
2025-12-01,NB-1105,699.0,0.0,12,398.7
2025-12-08,NB-1105,574.0,0.0,12,398.7
2025-12-15,NB-1105,414.0,0.0,12,398.7
2025-12-22,NB-1105,296.0,0.0,12,398.7
2025-12-29,NB-1105,161.0,0.0,12,398.7
2024-01-01,NB-1106,293.0,510.0,15,469.1
2024-01-08,NB-1106,760.0,0.0,15,469.1
2024-01-15,NB-1106,575.0,0.0,15,469.1
2024-01-22,NB-1106,345.0,650.0,15,469.1
2024-01-29,NB-1106,592.0,484.0,15,469.1
2024-02-05,NB-1106,335.0,0.0,15,469.1
2024-02-12,NB-1106,133.0,0.0,15,469.1
2024-02-19,NB-1106,487.0,0.0,15,469.1
2024-02-26,NB-1106,245.0,645.0,15,469.1
2024-03-04,NB-1106,739.0,0.0,15,469.1
2024-03-11,NB-1106,471.0,0.0,15,469.1
2024-03-18,NB-1106,210.0,0.0,15,469.1
2024-03-25,NB-1106,20.0,0.0,15,469.1
2024-04-01,NB-1106,0.0,703.0,15,469.1
2024-04-08,NB-1106,0.0,0.0,15,469.1
2024-04-15,NB-1106,0.0,487.0,15,469.1
2024-04-22,NB-1106,0.0,0.0,15,469.1
2024-04-29,NB-1106,414.0,0.0,15,469.1
2024-05-06,NB-1106,255.0,0.0,15,469.1
2024-05-13,NB-1106,753.0,0.0,15,469.1
2024-05-20,NB-1106,600.0,0.0,15,469.1
2024-05-27,NB-1106,436.0,0.0,15,469.1
2024-06-03,NB-1106,983.0,0.0,15,469.1
2024-06-10,NB-1106,862.0,0.0,15,469.1
2024-06-17,NB-1106,669.0,0.0,15,469.1
2024-06-24,NB-1106,533.0,0.0,15,469.1
2024-07-01,NB-1106,442.0,0.0,15,469.1
2024-07-08,NB-1106,319.0,0.0,15,469.1
2024-07-15,NB-1106,201.0,475.0,15,469.1
2024-07-22,NB-1106,662.0,0.0,15,469.1
2024-07-29,NB-1106,539.0,0.0,15,469.1
2024-08-05,NB-1106,436.0,0.0,15,469.1
2024-08-12,NB-1106,371.0,648.0,15,469.1
2024-08-19,NB-1106,303.0,0.0,15,469.1
2024-08-26,NB-1106,915.0,0.0,15,469.1
2024-09-02,NB-1106,805.0,0.0,15,469.1
2024-09-09,NB-1106,704.0,0.0,15,469.1
2024-09-16,NB-1106,598.0,0.0,15,469.1
2024-09-23,NB-1106,502.0,0.0,15,469.1
2024-09-30,NB-1106,366.0,0.0,15,469.1
2024-10-07,NB-1106,199.0,0.0,15,469.1
2024-10-14,NB-1106,746.0,0.0,15,469.1
2024-10-21,NB-1106,629.0,0.0,15,469.1
2024-10-28,NB-1106,479.0,0.0,15,469.1
2024-11-04,NB-1106,315.0,0.0,15,469.1
2024-11-11,NB-1106,140.0,0.0,15,469.1
2024-11-18,NB-1106,0.0,0.0,15,469.1
2024-11-25,NB-1106,0.0,0.0,15,469.1
2024-12-02,NB-1106,0.0,679.0,15,469.1
2024-12-09,NB-1106,571.0,0.0,15,469.1
2024-12-16,NB-1106,1062.0,681.0,15,469.1
2024-12-23,NB-1106,843.0,0.0,15,469.1
2024-12-30,NB-1106,628.0,0.0,15,469.1
2025-01-06,NB-1106,396.0,681.0,15,469.1
2025-01-13,NB-1106,841.0,0.0,15,469.1
2025-01-20,NB-1106,629.0,0.0,15,469.1
2025-01-27,NB-1106,331.0,636.0,15,469.1
2025-02-03,NB-1106,745.0,0.0,15,469.1
2025-02-10,NB-1106,486.0,0.0,15,469.1
2025-02-17,NB-1106,789.0,0.0,15,469.1
2025-02-24,NB-1106,531.0,0.0,15,469.1
2025-03-03,NB-1106,774.0,0.0,15,469.1
2025-03-10,NB-1106,556.0,0.0,15,469.1
2025-03-17,NB-1106,308.0,0.0,15,469.1
2025-03-24,NB-1106,106.0,0.0,15,469.1
2025-03-31,NB-1106,0.0,0.0,15,469.1
2025-04-07,NB-1106,0.0,0.0,15,469.1
2025-04-14,NB-1106,317.0,0.0,15,469.1
2025-04-21,NB-1106,543.0,0.0,15,469.1
2025-04-28,NB-1106,835.0,0.0,15,469.1
2025-05-05,NB-1106,663.0,0.0,15,469.1
2025-05-12,NB-1106,430.0,598.0,15,469.1
2025-05-19,NB-1106,189.0,0.0,15,469.1
2025-05-26,NB-1106,29.0,0.0,15,469.1
2025-06-02,NB-1106,528.0,0.0,15,469.1
2025-06-09,NB-1106,393.0,0.0,15,469.1
2025-06-16,NB-1106,215.0,0.0,15,469.1
2025-06-23,NB-1106,116.0,654.0,15,469.1
2025-06-30,NB-1106,0.0,0.0,15,469.1
2025-07-07,NB-1106,0.0,488.0,15,469.1
2025-07-14,NB-1106,0.0,0.0,15,469.1
2025-07-21,NB-1106,0.0,0.0,15,469.1
2025-07-28,NB-1106,0.0,634.0,15,469.1
2025-08-04,NB-1106,0.0,0.0,15,469.1
2025-08-11,NB-1106,0.0,0.0,15,469.1
2025-08-18,NB-1106,0.0,0.0,15,469.1
2025-08-25,NB-1106,0.0,0.0,15,469.1
2025-09-01,NB-1106,0.0,488.0,15,469.1
2025-09-08,NB-1106,0.0,0.0,15,469.1
2025-09-15,NB-1106,0.0,491.0,15,469.1
2025-09-22,NB-1106,370.0,547.0,15,469.1
2025-09-29,NB-1106,252.0,711.0,15,469.1
2025-10-06,NB-1106,767.0,0.0,15,469.1
2025-10-13,NB-1106,616.0,0.0,15,469.1
2025-10-20,NB-1106,1025.0,658.0,15,469.1
2025-10-27,NB-1106,867.0,0.0,15,469.1
2025-11-03,NB-1106,672.0,0.0,15,469.1
2025-11-10,NB-1106,475.0,0.0,15,469.1
2025-11-17,NB-1106,180.0,563.0,15,469.1
2025-11-24,NB-1106,0.0,487.0,15,469.1
2025-12-01,NB-1106,0.0,462.0,15,469.1
2025-12-08,NB-1106,396.0,0.0,15,469.1
2025-12-15,NB-1106,157.0,0.0,15,469.1
2025-12-22,NB-1106,519.0,0.0,15,469.1
2025-12-29,NB-1106,294.0,0.0,15,469.1
2024-01-01,NB-1107,180.0,0.0,8,24.9
2024-01-08,NB-1107,163.0,0.0,8,24.9
2024-01-15,NB-1107,154.0,0.0,8,24.9
2024-01-22,NB-1107,146.0,0.0,8,24.9
2024-01-29,NB-1107,136.0,0.0,8,24.9
2024-02-05,NB-1107,125.0,0.0,8,24.9
2024-02-12,NB-1107,118.0,0.0,8,24.9
2024-02-19,NB-1107,104.0,0.0,8,24.9
2024-02-26,NB-1107,97.0,0.0,8,24.9
2024-03-04,NB-1107,87.0,0.0,8,24.9
2024-03-11,NB-1107,81.0,0.0,8,24.9
2024-03-18,NB-1107,66.0,0.0,8,24.9
2024-03-25,NB-1107,60.0,0.0,8,24.9
2024-04-01,NB-1107,55.0,0.0,8,24.9
2024-04-08,NB-1107,50.0,0.0,8,24.9
2024-04-15,NB-1107,36.0,0.0,8,24.9
2024-04-22,NB-1107,24.0,0.0,8,24.9
2024-04-29,NB-1107,14.0,0.0,8,24.9
2024-05-06,NB-1107,6.0,35.0,8,24.9
2024-05-13,NB-1107,0.0,0.0,8,24.9
2024-05-20,NB-1107,25.0,0.0,8,24.9
2024-05-27,NB-1107,47.0,0.0,8,24.9
2024-06-03,NB-1107,39.0,0.0,8,24.9
2024-06-10,NB-1107,18.0,0.0,8,24.9
2024-06-17,NB-1107,25.0,0.0,8,24.9
2024-06-24,NB-1107,4.0,0.0,8,24.9
2024-07-01,NB-1107,0.0,0.0,8,24.9
2024-07-08,NB-1107,27.0,0.0,8,24.9
2024-07-15,NB-1107,9.0,0.0,8,24.9
2024-07-22,NB-1107,0.0,37.0,8,24.9
2024-07-29,NB-1107,0.0,0.0,8,24.9
2024-08-05,NB-1107,23.0,24.0,8,24.9
2024-08-12,NB-1107,41.0,0.0,8,24.9
2024-08-19,NB-1107,17.0,0.0,8,24.9
2024-08-26,NB-1107,0.0,0.0,8,24.9
2024-09-02,NB-1107,26.0,0.0,8,24.9
2024-09-09,NB-1107,7.0,0.0,8,24.9
2024-09-16,NB-1107,0.0,0.0,8,24.9
2024-09-23,NB-1107,36.0,0.0,8,24.9
2024-09-30,NB-1107,7.0,0.0,8,24.9
2024-10-07,NB-1107,29.0,0.0,8,24.9
2024-10-14,NB-1107,11.0,0.0,8,24.9
2024-10-21,NB-1107,0.0,0.0,8,24.9
2024-10-28,NB-1107,0.0,0.0,8,24.9
2024-11-04,NB-1107,0.0,0.0,8,24.9
2024-11-11,NB-1107,22.0,25.0,8,24.9
2024-11-18,NB-1107,10.0,35.0,8,24.9
2024-11-25,NB-1107,30.0,30.0,8,24.9
2024-12-02,NB-1107,22.0,27.0,8,24.9
2024-12-09,NB-1107,31.0,31.0,8,24.9
2024-12-16,NB-1107,18.0,0.0,8,24.9
2024-12-23,NB-1107,7.0,0.0,8,24.9
2024-12-30,NB-1107,0.0,0.0,8,24.9
2025-01-06,NB-1107,0.0,0.0,8,24.9
2025-01-13,NB-1107,61.0,37.0,8,24.9
2025-01-20,NB-1107,53.0,0.0,8,24.9
2025-01-27,NB-1107,37.0,0.0,8,24.9
2025-02-03,NB-1107,31.0,0.0,8,24.9
2025-02-10,NB-1107,24.0,0.0,8,24.9
2025-02-17,NB-1107,18.0,0.0,8,24.9
2025-02-24,NB-1107,38.0,0.0,8,24.9
2025-03-03,NB-1107,29.0,0.0,8,24.9
2025-03-10,NB-1107,25.0,0.0,8,24.9
2025-03-17,NB-1107,47.0,0.0,8,24.9
2025-03-24,NB-1107,40.0,0.0,8,24.9
2025-03-31,NB-1107,57.0,36.0,8,24.9
2025-04-07,NB-1107,45.0,0.0,8,24.9
2025-04-14,NB-1107,33.0,0.0,8,24.9
2025-04-21,NB-1107,25.0,0.0,8,24.9
2025-04-28,NB-1107,10.0,0.0,8,24.9
2025-05-05,NB-1107,0.0,0.0,8,24.9
2025-05-12,NB-1107,0.0,0.0,8,24.9
2025-05-19,NB-1107,0.0,0.0,8,24.9
2025-05-26,NB-1107,25.0,0.0,8,24.9
2025-06-02,NB-1107,49.0,0.0,8,24.9
2025-06-09,NB-1107,36.0,0.0,8,24.9
2025-06-16,NB-1107,17.0,0.0,8,24.9
2025-06-23,NB-1107,35.0,0.0,8,24.9
2025-06-30,NB-1107,10.0,0.0,8,24.9
2025-07-07,NB-1107,16.0,0.0,8,24.9
2025-07-14,NB-1107,3.0,0.0,8,24.9
2025-07-21,NB-1107,4.0,0.0,8,24.9
2025-07-28,NB-1107,0.0,24.0,8,24.9
2025-08-04,NB-1107,0.0,0.0,8,24.9
2025-08-11,NB-1107,0.0,0.0,8,24.9
2025-08-18,NB-1107,0.0,0.0,8,24.9
2025-08-25,NB-1107,0.0,0.0,8,24.9
2025-09-01,NB-1107,22.0,27.0,8,24.9
2025-09-08,NB-1107,32.0,0.0,8,24.9
2025-09-15,NB-1107,25.0,0.0,8,24.9
2025-09-22,NB-1107,7.0,0.0,8,24.9
2025-09-29,NB-1107,21.0,30.0,8,24.9
2025-10-06,NB-1107,6.0,0.0,8,24.9
2025-10-13,NB-1107,0.0,0.0,8,24.9
2025-10-20,NB-1107,2.0,0.0,8,24.9
2025-10-27,NB-1107,0.0,27.0,8,24.9
2025-11-03,NB-1107,0.0,0.0,8,24.9
2025-11-10,NB-1107,0.0,0.0,8,24.9
2025-11-17,NB-1107,0.0,25.0,8,24.9
2025-11-24,NB-1107,0.0,0.0,8,24.9
2025-12-01,NB-1107,0.0,31.0,8,24.9
2025-12-08,NB-1107,0.0,0.0,8,24.9
2025-12-15,NB-1107,24.0,0.0,8,24.9
2025-12-22,NB-1107,43.0,0.0,8,24.9
2025-12-29,NB-1107,33.0,0.0,8,24.9
2024-01-01,NB-1108,66.0,0.0,11,393.5
2024-01-08,NB-1108,681.0,0.0,11,393.5
2024-01-15,NB-1108,507.0,0.0,11,393.5
2024-01-22,NB-1108,304.0,0.0,11,393.5
2024-01-29,NB-1108,148.0,0.0,11,393.5
2024-02-05,NB-1108,0.0,0.0,11,393.5
2024-02-12,NB-1108,0.0,0.0,11,393.5
2024-02-19,NB-1108,532.0,532.0,11,393.5
2024-02-26,NB-1108,309.0,0.0,11,393.5
2024-03-04,NB-1108,576.0,0.0,11,393.5
2024-03-11,NB-1108,440.0,0.0,11,393.5
2024-03-18,NB-1108,208.0,0.0,11,393.5
2024-03-25,NB-1108,0.0,0.0,11,393.5
2024-04-01,NB-1108,0.0,567.0,11,393.5
2024-04-08,NB-1108,0.0,0.0,11,393.5
2024-04-15,NB-1108,0.0,0.0,11,393.5
2024-04-22,NB-1108,0.0,409.0,11,393.5
2024-04-29,NB-1108,0.0,0.0,11,393.5
2024-05-06,NB-1108,447.0,0.0,11,393.5
2024-05-13,NB-1108,691.0,520.0,11,393.5
2024-05-20,NB-1108,446.0,0.0,11,393.5
2024-05-27,NB-1108,222.0,0.0,11,393.5
2024-06-03,NB-1108,0.0,0.0,11,393.5
2024-06-10,NB-1108,353.0,0.0,11,393.5
2024-06-17,NB-1108,0.0,0.0,11,393.5
2024-06-24,NB-1108,0.0,499.0,11,393.5
2024-07-01,NB-1108,0.0,0.0,11,393.5
2024-07-08,NB-1108,0.0,0.0,11,393.5
2024-07-15,NB-1108,0.0,0.0,11,393.5
2024-07-22,NB-1108,0.0,538.0,11,393.5
2024-07-29,NB-1108,0.0,0.0,11,393.5
2024-08-05,NB-1108,0.0,545.0,11,393.5
2024-08-12,NB-1108,0.0,595.0,11,393.5
2024-08-19,NB-1108,0.0,0.0,11,393.5
2024-08-26,NB-1108,524.0,0.0,11,393.5
2024-09-02,NB-1108,852.0,0.0,11,393.5
2024-09-09,NB-1108,628.0,0.0,11,393.5
2024-09-16,NB-1108,434.0,0.0,11,393.5
2024-09-23,NB-1108,252.0,0.0,11,393.5
2024-09-30,NB-1108,18.0,0.0,11,393.5
2024-10-07,NB-1108,0.0,0.0,11,393.5
2024-10-14,NB-1108,0.0,0.0,11,393.5
2024-10-21,NB-1108,0.0,0.0,11,393.5
2024-10-28,NB-1108,0.0,0.0,11,393.5
2024-11-04,NB-1108,0.0,0.0,11,393.5
2024-11-11,NB-1108,0.0,0.0,11,393.5
2024-11-18,NB-1108,0.0,0.0,11,393.5
2024-11-25,NB-1108,0.0,534.0,11,393.5
2024-12-02,NB-1108,0.0,0.0,11,393.5
2024-12-09,NB-1108,450.0,0.0,11,393.5
2024-12-16,NB-1108,259.0,0.0,11,393.5
2024-12-23,NB-1108,84.0,0.0,11,393.5
2024-12-30,NB-1108,0.0,0.0,11,393.5
2025-01-06,NB-1108,0.0,420.0,11,393.5
2025-01-13,NB-1108,0.0,597.0,11,393.5
2025-01-20,NB-1108,0.0,0.0,11,393.5
2025-01-27,NB-1108,0.0,0.0,11,393.5
2025-02-03,NB-1108,0.0,0.0,11,393.5
2025-02-10,NB-1108,328.0,0.0,11,393.5
2025-02-17,NB-1108,614.0,0.0,11,393.5
2025-02-24,NB-1108,350.0,533.0,11,393.5
2025-03-03,NB-1108,0.0,0.0,11,393.5
2025-03-10,NB-1108,0.0,0.0,11,393.5
2025-03-17,NB-1108,319.0,0.0,11,393.5
2025-03-24,NB-1108,619.0,0.0,11,393.5
2025-03-31,NB-1108,222.0,440.0,11,393.5
2025-04-07,NB-1108,0.0,591.0,11,393.5
2025-04-14,NB-1108,0.0,534.0,11,393.5
2025-04-21,NB-1108,0.0,0.0,11,393.5
2025-04-28,NB-1108,0.0,0.0,11,393.5
2025-05-05,NB-1108,0.0,0.0,11,393.5
2025-05-12,NB-1108,406.0,0.0,11,393.5
2025-05-19,NB-1108,488.0,0.0,11,393.5
2025-05-26,NB-1108,148.0,0.0,11,393.5
2025-06-02,NB-1108,0.0,389.0,11,393.5
2025-06-09,NB-1108,0.0,0.0,11,393.5
2025-06-16,NB-1108,0.0,384.0,11,393.5
2025-06-23,NB-1108,315.0,0.0,11,393.5
2025-06-30,NB-1108,23.0,0.0,11,393.5
2025-07-07,NB-1108,0.0,0.0,11,393.5
2025-07-14,NB-1108,371.0,368.0,11,393.5
2025-07-21,NB-1108,578.0,528.0,11,393.5
2025-07-28,NB-1108,152.0,465.0,11,393.5
2025-08-04,NB-1108,350.0,0.0,11,393.5
2025-08-11,NB-1108,86.0,466.0,11,393.5
2025-08-18,NB-1108,290.0,0.0,11,393.5
2025-08-25,NB-1108,41.0,0.0,11,393.5
2025-09-01,NB-1108,0.0,383.0,11,393.5
2025-09-08,NB-1108,0.0,0.0,11,393.5
2025-09-15,NB-1108,0.0,0.0,11,393.5
2025-09-22,NB-1108,0.0,0.0,11,393.5
2025-09-29,NB-1108,0.0,0.0,11,393.5
2025-10-06,NB-1108,220.0,466.0,11,393.5
2025-10-13,NB-1108,410.0,0.0,11,393.5
2025-10-20,NB-1108,533.0,0.0,11,393.5
2025-10-27,NB-1108,338.0,0.0,11,393.5
2025-11-03,NB-1108,616.0,0.0,11,393.5
2025-11-10,NB-1108,398.0,0.0,11,393.5
2025-11-17,NB-1108,554.0,0.0,11,393.5
2025-11-24,NB-1108,808.0,481.0,11,393.5
2025-12-01,NB-1108,596.0,0.0,11,393.5
2025-12-08,NB-1108,374.0,0.0,11,393.5
2025-12-15,NB-1108,162.0,0.0,11,393.5
2025-12-22,NB-1108,0.0,418.0,11,393.5
2025-12-29,NB-1108,915.0,0.0,11,393.5
2024-01-01,NB-1109,263.0,0.0,13,517.6
2024-01-08,NB-1109,57.0,0.0,13,517.6
2024-01-15,NB-1109,899.0,0.0,13,517.6
2024-01-22,NB-1109,724.0,0.0,13,517.6
2024-01-29,NB-1109,550.0,0.0,13,517.6
2024-02-05,NB-1109,1037.0,0.0,13,517.6
2024-02-12,NB-1109,845.0,0.0,13,517.6
2024-02-19,NB-1109,644.0,0.0,13,517.6
2024-02-26,NB-1109,428.0,0.0,13,517.6
2024-03-04,NB-1109,992.0,0.0,13,517.6
2024-03-11,NB-1109,805.0,0.0,13,517.6
2024-03-18,NB-1109,598.0,0.0,13,517.6
2024-03-25,NB-1109,400.0,0.0,13,517.6
2024-04-01,NB-1109,924.0,0.0,13,517.6
2024-04-08,NB-1109,641.0,0.0,13,517.6
2024-04-15,NB-1109,460.0,0.0,13,517.6
2024-04-22,NB-1109,755.0,0.0,13,517.6
2024-04-29,NB-1109,502.0,0.0,13,517.6
2024-05-06,NB-1109,232.0,0.0,13,517.6
2024-05-13,NB-1109,0.0,0.0,13,517.6
2024-05-20,NB-1109,586.0,586.0,13,517.6
2024-05-27,NB-1109,290.0,0.0,13,517.6
2024-06-03,NB-1109,590.0,0.0,13,517.6
2024-06-10,NB-1109,269.0,0.0,13,517.6
2024-06-17,NB-1109,0.0,0.0,13,517.6
2024-06-24,NB-1109,0.0,0.0,13,517.6
2024-07-01,NB-1109,0.0,0.0,13,517.6
2024-07-08,NB-1109,0.0,629.0,13,517.6
2024-07-15,NB-1109,0.0,0.0,13,517.6
2024-07-22,NB-1109,287.0,0.0,13,517.6
2024-07-29,NB-1109,0.0,791.0,13,517.6
2024-08-05,NB-1109,0.0,0.0,13,517.6
2024-08-12,NB-1109,0.0,0.0,13,517.6
2024-08-19,NB-1109,0.0,756.0,13,517.6
2024-08-26,NB-1109,0.0,0.0,13,517.6
2024-09-02,NB-1109,265.0,0.0,13,517.6
2024-09-09,NB-1109,683.0,0.0,13,517.6
2024-09-16,NB-1109,462.0,0.0,13,517.6
2024-09-23,NB-1109,154.0,0.0,13,517.6
2024-09-30,NB-1109,0.0,0.0,13,517.6
2024-10-07,NB-1109,0.0,0.0,13,517.6
2024-10-14,NB-1109,0.0,0.0,13,517.6
2024-10-21,NB-1109,0.0,586.0,13,517.6
2024-10-28,NB-1109,0.0,0.0,13,517.6
2024-11-04,NB-1109,0.0,0.0,13,517.6
2024-11-11,NB-1109,451.0,0.0,13,517.6
2024-11-18,NB-1109,857.0,619.0,13,517.6
2024-11-25,NB-1109,636.0,0.0,13,517.6
2024-12-02,NB-1109,405.0,0.0,13,517.6
2024-12-09,NB-1109,677.0,0.0,13,517.6
2024-12-16,NB-1109,416.0,0.0,13,517.6
2024-12-23,NB-1109,995.0,0.0,13,517.6
2024-12-30,NB-1109,742.0,0.0,13,517.6
2025-01-06,NB-1109,493.0,0.0,13,517.6
2025-01-13,NB-1109,261.0,0.0,13,517.6
2025-01-20,NB-1109,74.0,783.0,13,517.6
2025-01-27,NB-1109,491.0,0.0,13,517.6
2025-02-03,NB-1109,260.0,0.0,13,517.6
2025-02-10,NB-1109,45.0,705.0,13,517.6
2025-02-17,NB-1109,517.0,0.0,13,517.6
2025-02-24,NB-1109,231.0,0.0,13,517.6
2025-03-03,NB-1109,0.0,0.0,13,517.6
2025-03-10,NB-1109,561.0,0.0,13,517.6
2025-03-17,NB-1109,288.0,0.0,13,517.6
2025-03-24,NB-1109,33.0,0.0,13,517.6
2025-03-31,NB-1109,338.0,544.0,13,517.6
2025-04-07,NB-1109,693.0,0.0,13,517.6
2025-04-14,NB-1109,326.0,0.0,13,517.6
2025-04-21,NB-1109,727.0,0.0,13,517.6
2025-04-28,NB-1109,362.0,0.0,13,517.6
2025-05-05,NB-1109,30.0,0.0,13,517.6
2025-05-12,NB-1109,0.0,655.0,13,517.6
2025-05-19,NB-1109,0.0,0.0,13,517.6
2025-05-26,NB-1109,656.0,0.0,13,517.6
2025-06-02,NB-1109,332.0,0.0,13,517.6
2025-06-09,NB-1109,64.0,783.0,13,517.6
2025-06-16,NB-1109,0.0,0.0,13,517.6
2025-06-23,NB-1109,0.0,0.0,13,517.6
2025-06-30,NB-1109,0.0,0.0,13,517.6
2025-07-07,NB-1109,0.0,0.0,13,517.6
2025-07-14,NB-1109,0.0,0.0,13,517.6
2025-07-21,NB-1109,0.0,668.0,13,517.6
2025-07-28,NB-1109,0.0,773.0,13,517.6
2025-08-04,NB-1109,477.0,740.0,13,517.6
2025-08-11,NB-1109,199.0,0.0,13,517.6
2025-08-18,NB-1109,0.0,769.0,13,517.6
2025-08-25,NB-1109,0.0,545.0,13,517.6
2025-09-01,NB-1109,0.0,0.0,13,517.6
2025-09-08,NB-1109,0.0,0.0,13,517.6
2025-09-15,NB-1109,684.0,0.0,13,517.6
2025-09-22,NB-1109,915.0,513.0,13,517.6
2025-09-29,NB-1109,679.0,0.0,13,517.6
2025-10-06,NB-1109,368.0,0.0,13,517.6
2025-10-13,NB-1109,102.0,0.0,13,517.6
2025-10-20,NB-1109,307.0,0.0,13,517.6
2025-10-27,NB-1109,39.0,0.0,13,517.6
2025-11-03,NB-1109,680.0,680.0,13,517.6
2025-11-10,NB-1109,376.0,719.0,13,517.6
2025-11-17,NB-1109,697.0,0.0,13,517.6
2025-11-24,NB-1109,1105.0,642.0,13,517.6
2025-12-01,NB-1109,834.0,0.0,13,517.6
2025-12-08,NB-1109,606.0,0.0,13,517.6
2025-12-15,NB-1109,317.0,0.0,13,517.6
2025-12-22,NB-1109,59.0,727.0,13,517.6
2025-12-29,NB-1109,0.0,0.0,13,517.6
2024-01-01,NB-1110,130.0,0.0,6,75.9
2024-01-08,NB-1110,13.0,0.0,6,75.9
2024-01-15,NB-1110,0.0,0.0,6,75.9
2024-01-22,NB-1110,0.0,84.0,6,75.9
2024-01-29,NB-1110,0.0,0.0,6,75.9
2024-02-05,NB-1110,67.0,0.0,6,75.9
2024-02-12,NB-1110,0.0,0.0,6,75.9
2024-02-19,NB-1110,0.0,0.0,6,75.9
2024-02-26,NB-1110,40.0,0.0,6,75.9
2024-03-04,NB-1110,88.0,0.0,6,75.9
2024-03-11,NB-1110,47.0,83.0,6,75.9
2024-03-18,NB-1110,0.0,80.0,6,75.9
2024-03-25,NB-1110,0.0,0.0,6,75.9
2024-04-01,NB-1110,93.0,93.0,6,75.9
2024-04-08,NB-1110,46.0,0.0,6,75.9
2024-04-15,NB-1110,107.0,0.0,6,75.9
2024-04-22,NB-1110,158.0,97.0,6,75.9
2024-04-29,NB-1110,110.0,0.0,6,75.9
2024-05-06,NB-1110,61.0,0.0,6,75.9
2024-05-13,NB-1110,6.0,0.0,6,75.9
2024-05-20,NB-1110,84.0,84.0,6,75.9
2024-05-27,NB-1110,107.0,81.0,6,75.9
2024-06-03,NB-1110,54.0,95.0,6,75.9
2024-06-10,NB-1110,0.0,0.0,6,75.9
2024-06-17,NB-1110,0.0,0.0,6,75.9
2024-06-24,NB-1110,0.0,0.0,6,75.9
2024-07-01,NB-1110,0.0,0.0,6,75.9
2024-07-08,NB-1110,108.0,0.0,6,75.9
2024-07-15,NB-1110,61.0,0.0,6,75.9
2024-07-22,NB-1110,85.0,0.0,6,75.9
2024-07-29,NB-1110,13.0,0.0,6,75.9
2024-08-05,NB-1110,0.0,0.0,6,75.9
2024-08-12,NB-1110,0.0,111.0,6,75.9
2024-08-19,NB-1110,53.0,0.0,6,75.9
2024-08-26,NB-1110,0.0,0.0,6,75.9
2024-09-02,NB-1110,0.0,0.0,6,75.9
2024-09-09,NB-1110,0.0,91.0,6,75.9
2024-09-16,NB-1110,0.0,0.0,6,75.9
2024-09-23,NB-1110,0.0,0.0,6,75.9
2024-09-30,NB-1110,0.0,0.0,6,75.9
2024-10-07,NB-1110,0.0,75.0,6,75.9
2024-10-14,NB-1110,74.0,74.0,6,75.9
2024-10-21,NB-1110,0.0,0.0,6,75.9
2024-10-28,NB-1110,0.0,0.0,6,75.9
2024-11-04,NB-1110,66.0,0.0,6,75.9
2024-11-11,NB-1110,0.0,97.0,6,75.9
2024-11-18,NB-1110,74.0,0.0,6,75.9
2024-11-25,NB-1110,0.0,0.0,6,75.9
2024-12-02,NB-1110,0.0,0.0,6,75.9
2024-12-09,NB-1110,0.0,0.0,6,75.9
2024-12-16,NB-1110,58.0,107.0,6,75.9
2024-12-23,NB-1110,0.0,0.0,6,75.9
2024-12-30,NB-1110,0.0,0.0,6,75.9
2025-01-06,NB-1110,55.0,0.0,6,75.9
2025-01-13,NB-1110,0.0,0.0,6,75.9
2025-01-20,NB-1110,46.0,91.0,6,75.9
2025-01-27,NB-1110,85.0,85.0,6,75.9
2025-02-03,NB-1110,16.0,0.0,6,75.9
2025-02-10,NB-1110,0.0,0.0,6,75.9
2025-02-17,NB-1110,0.0,0.0,6,75.9
2025-02-24,NB-1110,0.0,0.0,6,75.9
2025-03-03,NB-1110,113.0,113.0,6,75.9
2025-03-10,NB-1110,23.0,98.0,6,75.9
2025-03-17,NB-1110,25.0,0.0,6,75.9
2025-03-24,NB-1110,0.0,0.0,6,75.9
2025-03-31,NB-1110,0.0,0.0,6,75.9
2025-04-07,NB-1110,0.0,115.0,6,75.9
2025-04-14,NB-1110,0.0,0.0,6,75.9
2025-04-21,NB-1110,0.0,0.0,6,75.9
2025-04-28,NB-1110,142.0,0.0,6,75.9
2025-05-05,NB-1110,93.0,0.0,6,75.9
2025-05-12,NB-1110,11.0,0.0,6,75.9
2025-05-19,NB-1110,100.0,0.0,6,75.9
2025-05-26,NB-1110,40.0,72.0,6,75.9
2025-06-02,NB-1110,0.0,0.0,6,75.9
2025-06-09,NB-1110,0.0,92.0,6,75.9
2025-06-16,NB-1110,0.0,0.0,6,75.9
2025-06-23,NB-1110,0.0,0.0,6,75.9
2025-06-30,NB-1110,83.0,83.0,6,75.9
2025-07-07,NB-1110,15.0,0.0,6,75.9
2025-07-14,NB-1110,69.0,111.0,6,75.9
2025-07-21,NB-1110,0.0,0.0,6,75.9
2025-07-28,NB-1110,0.0,0.0,6,75.9
2025-08-04,NB-1110,0.0,0.0,6,75.9
2025-08-11,NB-1110,82.0,82.0,6,75.9
2025-08-18,NB-1110,0.0,0.0,6,75.9
2025-08-25,NB-1110,103.0,0.0,6,75.9
2025-09-01,NB-1110,0.0,83.0,6,75.9
2025-09-08,NB-1110,44.0,104.0,6,75.9
2025-09-15,NB-1110,74.0,0.0,6,75.9
2025-09-22,NB-1110,93.0,0.0,6,75.9
2025-09-29,NB-1110,67.0,0.0,6,75.9
2025-10-06,NB-1110,151.0,0.0,6,75.9
2025-10-13,NB-1110,154.0,103.0,6,75.9
2025-10-20,NB-1110,0.0,0.0,6,75.9
2025-10-27,NB-1110,0.0,0.0,6,75.9
2025-11-03,NB-1110,0.0,0.0,6,75.9
2025-11-10,NB-1110,0.0,0.0,6,75.9
2025-11-17,NB-1110,50.0,0.0,6,75.9
2025-11-24,NB-1110,96.0,0.0,6,75.9
2025-12-01,NB-1110,0.0,0.0,6,75.9
2025-12-08,NB-1110,0.0,0.0,6,75.9
2025-12-15,NB-1110,0.0,0.0,6,75.9
2025-12-22,NB-1110,0.0,109.0,6,75.9
2025-12-29,NB-1110,0.0,0.0,6,75.9
2024-01-01,NB-1111,183.0,0.0,9,59.1
2024-01-08,NB-1111,146.0,0.0,9,59.1
2024-01-15,NB-1111,112.0,0.0,9,59.1
2024-01-22,NB-1111,76.0,0.0,9,59.1
2024-01-29,NB-1111,28.0,65.0,9,59.1
2024-02-05,NB-1111,78.0,0.0,9,59.1
2024-02-12,NB-1111,97.0,0.0,9,59.1
2024-02-19,NB-1111,52.0,89.0,9,59.1
2024-02-26,NB-1111,87.0,0.0,9,59.1
2024-03-04,NB-1111,110.0,68.0,9,59.1
2024-03-11,NB-1111,61.0,0.0,9,59.1
2024-03-18,NB-1111,13.0,78.0,9,59.1
2024-03-25,NB-1111,0.0,0.0,9,59.1
2024-04-01,NB-1111,0.0,0.0,9,59.1
2024-04-08,NB-1111,0.0,66.0,9,59.1
2024-04-15,NB-1111,0.0,0.0,9,59.1
2024-04-22,NB-1111,84.0,84.0,9,59.1
2024-04-29,NB-1111,47.0,0.0,9,59.1
2024-05-06,NB-1111,22.0,71.0,9,59.1
2024-05-13,NB-1111,0.0,0.0,9,59.1
2024-05-20,NB-1111,84.0,0.0,9,59.1
2024-05-27,NB-1111,119.0,61.0,9,59.1
2024-06-03,NB-1111,94.0,0.0,9,59.1
2024-06-10,NB-1111,79.0,0.0,9,59.1
2024-06-17,NB-1111,56.0,76.0,9,59.1
2024-06-24,NB-1111,103.0,0.0,9,59.1
2024-07-01,NB-1111,83.0,0.0,9,59.1
2024-07-08,NB-1111,60.0,0.0,9,59.1
2024-07-15,NB-1111,105.0,0.0,9,59.1
2024-07-22,NB-1111,92.0,0.0,9,59.1
2024-07-29,NB-1111,71.0,0.0,9,59.1
2024-08-05,NB-1111,46.0,84.0,9,59.1
2024-08-12,NB-1111,33.0,0.0,9,59.1
2024-08-19,NB-1111,11.0,0.0,9,59.1
2024-08-26,NB-1111,58.0,59.0,9,59.1
2024-09-02,NB-1111,37.0,0.0,9,59.1
2024-09-09,NB-1111,102.0,0.0,9,59.1
2024-09-16,NB-1111,78.0,0.0,9,59.1
2024-09-23,NB-1111,63.0,0.0,9,59.1
2024-09-30,NB-1111,32.0,0.0,9,59.1
2024-10-07,NB-1111,0.0,0.0,9,59.1
2024-10-14,NB-1111,0.0,0.0,9,59.1
2024-10-21,NB-1111,0.0,0.0,9,59.1
2024-10-28,NB-1111,72.0,0.0,9,59.1
2024-11-04,NB-1111,26.0,0.0,9,59.1
2024-11-11,NB-1111,0.0,0.0,9,59.1
2024-11-18,NB-1111,135.0,77.0,9,59.1
2024-11-25,NB-1111,110.0,0.0,9,59.1
2024-12-02,NB-1111,73.0,0.0,9,59.1
2024-12-09,NB-1111,37.0,76.0,9,59.1
2024-12-16,NB-1111,1.0,0.0,9,59.1
2024-12-23,NB-1111,55.0,0.0,9,59.1
2024-12-30,NB-1111,4.0,88.0,9,59.1
2025-01-06,NB-1111,56.0,82.0,9,59.1
2025-01-13,NB-1111,21.0,0.0,9,59.1
2025-01-20,NB-1111,0.0,72.0,9,59.1
2025-01-27,NB-1111,53.0,0.0,9,59.1
2025-02-03,NB-1111,0.0,78.0,9,59.1
2025-02-10,NB-1111,0.0,69.0,9,59.1
2025-02-17,NB-1111,0.0,0.0,9,59.1
2025-02-24,NB-1111,0.0,67.0,9,59.1
2025-03-03,NB-1111,0.0,74.0,9,59.1
2025-03-10,NB-1111,84.0,0.0,9,59.1
2025-03-17,NB-1111,42.0,0.0,9,59.1
2025-03-24,NB-1111,7.0,0.0,9,59.1
2025-03-31,NB-1111,51.0,0.0,9,59.1
2025-04-07,NB-1111,0.0,0.0,9,59.1
2025-04-14,NB-1111,106.0,0.0,9,59.1
2025-04-21,NB-1111,64.0,0.0,9,59.1
2025-04-28,NB-1111,36.0,0.0,9,59.1
2025-05-05,NB-1111,0.0,89.0,9,59.1
2025-05-12,NB-1111,0.0,85.0,9,59.1
2025-05-19,NB-1111,0.0,0.0,9,59.1
2025-05-26,NB-1111,0.0,83.0,9,59.1
2025-06-02,NB-1111,0.0,0.0,9,59.1
2025-06-09,NB-1111,0.0,82.0,9,59.1
2025-06-16,NB-1111,0.0,0.0,9,59.1
2025-06-23,NB-1111,54.0,0.0,9,59.1
2025-06-30,NB-1111,31.0,0.0,9,59.1
2025-07-07,NB-1111,98.0,0.0,9,59.1
2025-07-14,NB-1111,79.0,0.0,9,59.1
2025-07-21,NB-1111,59.0,63.0,9,59.1
2025-07-28,NB-1111,114.0,0.0,9,59.1
2025-08-04,NB-1111,96.0,0.0,9,59.1
2025-08-11,NB-1111,73.0,0.0,9,59.1
2025-08-18,NB-1111,60.0,0.0,9,59.1
2025-08-25,NB-1111,41.0,0.0,9,59.1
2025-09-01,NB-1111,93.0,0.0,9,59.1
2025-09-08,NB-1111,71.0,0.0,9,59.1
2025-09-15,NB-1111,50.0,85.0,9,59.1
2025-09-22,NB-1111,34.0,0.0,9,59.1
2025-09-29,NB-1111,14.0,0.0,9,59.1
2025-10-06,NB-1111,0.0,0.0,9,59.1
2025-10-13,NB-1111,0.0,0.0,9,59.1
2025-10-20,NB-1111,0.0,0.0,9,59.1
2025-10-27,NB-1111,0.0,71.0,9,59.1
2025-11-03,NB-1111,0.0,55.0,9,59.1
2025-11-10,NB-1111,0.0,0.0,9,59.1
2025-11-17,NB-1111,38.0,0.0,9,59.1
2025-11-24,NB-1111,65.0,0.0,9,59.1
2025-12-01,NB-1111,82.0,0.0,9,59.1
2025-12-08,NB-1111,32.0,0.0,9,59.1
2025-12-15,NB-1111,0.0,59.0,9,59.1
2025-12-22,NB-1111,57.0,57.0,9,59.1
2025-12-29,NB-1111,12.0,74.0,9,59.1
2024-01-01,NB-1112,63.0,0.0,18,533.3
2024-01-08,NB-1112,0.0,0.0,18,533.3
2024-01-15,NB-1112,1056.0,621.0,18,533.3
2024-01-22,NB-1112,900.0,0.0,18,533.3
2024-01-29,NB-1112,751.0,0.0,18,533.3
2024-02-05,NB-1112,624.0,0.0,18,533.3
2024-02-12,NB-1112,1202.0,0.0,18,533.3
2024-02-19,NB-1112,1084.0,0.0,18,533.3
2024-02-26,NB-1112,943.0,0.0,18,533.3
2024-03-04,NB-1112,818.0,0.0,18,533.3
2024-03-11,NB-1112,685.0,0.0,18,533.3
2024-03-18,NB-1112,568.0,0.0,18,533.3
2024-03-25,NB-1112,979.0,0.0,18,533.3
2024-04-01,NB-1112,866.0,0.0,18,533.3
2024-04-08,NB-1112,758.0,0.0,18,533.3
2024-04-15,NB-1112,630.0,0.0,18,533.3
2024-04-22,NB-1112,498.0,0.0,18,533.3
2024-04-29,NB-1112,917.0,0.0,18,533.3
2024-05-06,NB-1112,765.0,0.0,18,533.3
2024-05-13,NB-1112,600.0,0.0,18,533.3
2024-05-20,NB-1112,1086.0,0.0,18,533.3
2024-05-27,NB-1112,895.0,0.0,18,533.3
2024-06-03,NB-1112,734.0,0.0,18,533.3
2024-06-10,NB-1112,566.0,0.0,18,533.3
2024-06-17,NB-1112,1050.0,0.0,18,533.3
2024-06-24,NB-1112,836.0,0.0,18,533.3
2024-07-01,NB-1112,673.0,0.0,18,533.3
2024-07-08,NB-1112,510.0,0.0,18,533.3
2024-07-15,NB-1112,286.0,517.0,18,533.3
2024-07-22,NB-1112,120.0,565.0,18,533.3
2024-07-29,NB-1112,0.0,0.0,18,533.3
2024-08-05,NB-1112,0.0,0.0,18,533.3
2024-08-12,NB-1112,0.0,0.0,18,533.3
2024-08-19,NB-1112,790.0,790.0,18,533.3
2024-08-26,NB-1112,613.0,0.0,18,533.3
2024-09-02,NB-1112,1182.0,0.0,18,533.3
2024-09-09,NB-1112,1006.0,0.0,18,533.3
2024-09-16,NB-1112,847.0,0.0,18,533.3
2024-09-23,NB-1112,659.0,0.0,18,533.3
2024-09-30,NB-1112,462.0,788.0,18,533.3
2024-10-07,NB-1112,225.0,748.0,18,533.3
2024-10-14,NB-1112,40.0,715.0,18,533.3
2024-10-21,NB-1112,0.0,0.0,18,533.3
2024-10-28,NB-1112,581.0,0.0,18,533.3
2024-11-04,NB-1112,1190.0,0.0,18,533.3
2024-11-11,NB-1112,1028.0,0.0,18,533.3
2024-11-18,NB-1112,838.0,0.0,18,533.3
2024-11-25,NB-1112,662.0,0.0,18,533.3
2024-12-02,NB-1112,486.0,0.0,18,533.3
2024-12-09,NB-1112,369.0,0.0,18,533.3
2024-12-16,NB-1112,1035.0,803.0,18,533.3
2024-12-23,NB-1112,877.0,0.0,18,533.3
2024-12-30,NB-1112,714.0,0.0,18,533.3
2025-01-06,NB-1112,594.0,0.0,18,533.3
2025-01-13,NB-1112,448.0,0.0,18,533.3
2025-01-20,NB-1112,290.0,0.0,18,533.3
2025-01-27,NB-1112,164.0,0.0,18,533.3
2025-02-03,NB-1112,50.0,0.0,18,533.3
2025-02-10,NB-1112,581.0,581.0,18,533.3
2025-02-17,NB-1112,451.0,0.0,18,533.3
2025-02-24,NB-1112,281.0,508.0,18,533.3
2025-03-03,NB-1112,70.0,564.0,18,533.3
2025-03-10,NB-1112,639.0,0.0,18,533.3
2025-03-17,NB-1112,485.0,0.0,18,533.3
2025-03-24,NB-1112,332.0,0.0,18,533.3
2025-03-31,NB-1112,151.0,0.0,18,533.3
2025-04-07,NB-1112,0.0,0.0,18,533.3
2025-04-14,NB-1112,523.0,523.0,18,533.3
2025-04-21,NB-1112,395.0,0.0,18,533.3
2025-04-28,NB-1112,242.0,0.0,18,533.3
2025-05-05,NB-1112,832.0,0.0,18,533.3
2025-05-12,NB-1112,672.0,0.0,18,533.3
2025-05-19,NB-1112,381.0,0.0,18,533.3
2025-05-26,NB-1112,168.0,0.0,18,533.3
2025-06-02,NB-1112,0.0,795.0,18,533.3
2025-06-09,NB-1112,0.0,0.0,18,533.3
2025-06-16,NB-1112,0.0,0.0,18,533.3
2025-06-23,NB-1112,0.0,0.0,18,533.3
2025-06-30,NB-1112,0.0,689.0,18,533.3
2025-07-07,NB-1112,1034.0,0.0,18,533.3
2025-07-14,NB-1112,827.0,0.0,18,533.3
2025-07-21,NB-1112,650.0,0.0,18,533.3
2025-07-28,NB-1112,1038.0,0.0,18,533.3
2025-08-04,NB-1112,896.0,0.0,18,533.3
2025-08-11,NB-1112,688.0,0.0,18,533.3
2025-08-18,NB-1112,520.0,0.0,18,533.3
2025-08-25,NB-1112,1125.0,0.0,18,533.3
2025-09-01,NB-1112,902.0,0.0,18,533.3
2025-09-08,NB-1112,676.0,0.0,18,533.3
2025-09-15,NB-1112,530.0,0.0,18,533.3
2025-09-22,NB-1112,356.0,0.0,18,533.3
2025-09-29,NB-1112,1008.0,0.0,18,533.3
2025-10-06,NB-1112,826.0,0.0,18,533.3
2025-10-13,NB-1112,666.0,0.0,18,533.3
2025-10-20,NB-1112,1046.0,0.0,18,533.3
2025-10-27,NB-1112,829.0,0.0,18,533.3
2025-11-03,NB-1112,637.0,0.0,18,533.3
2025-11-10,NB-1112,526.0,0.0,18,533.3
2025-11-17,NB-1112,942.0,0.0,18,533.3
2025-11-24,NB-1112,702.0,0.0,18,533.3
2025-12-01,NB-1112,1098.0,569.0,18,533.3
2025-12-08,NB-1112,977.0,0.0,18,533.3
2025-12-15,NB-1112,770.0,0.0,18,533.3
2025-12-22,NB-1112,621.0,0.0,18,533.3
2025-12-29,NB-1112,488.0,0.0,18,533.3
2024-01-01,NB-1113,108.0,0.0,14,594.2
2024-01-08,NB-1113,0.0,767.0,14,594.2
2024-01-15,NB-1113,705.0,0.0,14,594.2
2024-01-22,NB-1113,1452.0,0.0,14,594.2
2024-01-29,NB-1113,1226.0,0.0,14,594.2
2024-02-05,NB-1113,1056.0,0.0,14,594.2
2024-02-12,NB-1113,901.0,0.0,14,594.2
2024-02-19,NB-1113,657.0,0.0,14,594.2
2024-02-26,NB-1113,508.0,560.0,14,594.2
2024-03-04,NB-1113,356.0,0.0,14,594.2
2024-03-11,NB-1113,692.0,0.0,14,594.2
2024-03-18,NB-1113,427.0,807.0,14,594.2
2024-03-25,NB-1113,130.0,770.0,14,594.2
2024-04-01,NB-1113,0.0,0.0,14,594.2
2024-04-08,NB-1113,0.0,807.0,14,594.2
2024-04-15,NB-1113,0.0,880.0,14,594.2
2024-04-22,NB-1113,609.0,0.0,14,594.2
2024-04-29,NB-1113,338.0,633.0,14,594.2
2024-05-06,NB-1113,632.0,0.0,14,594.2
2024-05-13,NB-1113,410.0,0.0,14,594.2
2024-05-20,NB-1113,180.0,0.0,14,594.2
2024-05-27,NB-1113,0.0,828.0,14,594.2
2024-06-03,NB-1113,0.0,0.0,14,594.2
2024-06-10,NB-1113,0.0,723.0,14,594.2
2024-06-17,NB-1113,318.0,0.0,14,594.2
2024-06-24,NB-1113,30.0,816.0,14,594.2
2024-07-01,NB-1113,665.0,0.0,14,594.2
2024-07-08,NB-1113,349.0,0.0,14,594.2
2024-07-15,NB-1113,18.0,0.0,14,594.2
2024-07-22,NB-1113,619.0,0.0,14,594.2
2024-07-29,NB-1113,393.0,0.0,14,594.2
2024-08-05,NB-1113,122.0,577.0,14,594.2
2024-08-12,NB-1113,0.0,0.0,14,594.2
2024-08-19,NB-1113,0.0,0.0,14,594.2
2024-08-26,NB-1113,0.0,665.0,14,594.2
2024-09-02,NB-1113,0.0,0.0,14,594.2
2024-09-09,NB-1113,0.0,0.0,14,594.2
2024-09-16,NB-1113,613.0,0.0,14,594.2
2024-09-23,NB-1113,917.0,0.0,14,594.2
2024-09-30,NB-1113,547.0,688.0,14,594.2
2024-10-07,NB-1113,281.0,0.0,14,594.2
2024-10-14,NB-1113,0.0,563.0,14,594.2
2024-10-21,NB-1113,0.0,0.0,14,594.2
2024-10-28,NB-1113,0.0,0.0,14,594.2
2024-11-04,NB-1113,0.0,652.0,14,594.2
2024-11-11,NB-1113,666.0,0.0,14,594.2
2024-11-18,NB-1113,1244.0,819.0,14,594.2
2024-11-25,NB-1113,950.0,0.0,14,594.2
2024-12-02,NB-1113,697.0,0.0,14,594.2
2024-12-09,NB-1113,455.0,0.0,14,594.2
2024-12-16,NB-1113,260.0,870.0,14,594.2
2024-12-23,NB-1113,4.0,0.0,14,594.2
2024-12-30,NB-1113,0.0,0.0,14,594.2
2025-01-06,NB-1113,0.0,0.0,14,594.2
2025-01-13,NB-1113,0.0,0.0,14,594.2
2025-01-20,NB-1113,551.0,0.0,14,594.2
2025-01-27,NB-1113,822.0,0.0,14,594.2
2025-02-03,NB-1113,626.0,0.0,14,594.2
2025-02-10,NB-1113,366.0,759.0,14,594.2
2025-02-17,NB-1113,884.0,0.0,14,594.2
2025-02-24,NB-1113,672.0,0.0,14,594.2
2025-03-03,NB-1113,293.0,0.0,14,594.2
2025-03-10,NB-1113,697.0,0.0,14,594.2
2025-03-17,NB-1113,984.0,0.0,14,594.2
2025-03-24,NB-1113,761.0,0.0,14,594.2
2025-03-31,NB-1113,452.0,880.0,14,594.2
2025-04-07,NB-1113,1063.0,0.0,14,594.2
2025-04-14,NB-1113,847.0,0.0,14,594.2
2025-04-21,NB-1113,568.0,0.0,14,594.2
2025-04-28,NB-1113,286.0,0.0,14,594.2
2025-05-05,NB-1113,858.0,0.0,14,594.2
2025-05-12,NB-1113,521.0,0.0,14,594.2
2025-05-19,NB-1113,942.0,0.0,14,594.2
2025-05-26,NB-1113,587.0,0.0,14,594.2
2025-06-02,NB-1113,193.0,0.0,14,594.2
2025-06-09,NB-1113,0.0,679.0,14,594.2
2025-06-16,NB-1113,0.0,702.0,14,594.2
2025-06-23,NB-1113,748.0,0.0,14,594.2
2025-06-30,NB-1113,417.0,0.0,14,594.2
2025-07-07,NB-1113,71.0,0.0,14,594.2
2025-07-14,NB-1113,0.0,0.0,14,594.2
2025-07-21,NB-1113,814.0,0.0,14,594.2
2025-07-28,NB-1113,370.0,0.0,14,594.2
2025-08-04,NB-1113,0.0,0.0,14,594.2
2025-08-11,NB-1113,0.0,0.0,14,594.2
2025-08-18,NB-1113,0.0,771.0,14,594.2
2025-08-25,NB-1113,0.0,0.0,14,594.2
2025-09-01,NB-1113,284.0,0.0,14,594.2
2025-09-08,NB-1113,813.0,813.0,14,594.2
2025-09-15,NB-1113,1205.0,746.0,14,594.2
2025-09-22,NB-1113,856.0,0.0,14,594.2
2025-09-29,NB-1113,465.0,0.0,14,594.2
2025-10-06,NB-1113,90.0,647.0,14,594.2
2025-10-13,NB-1113,0.0,656.0,14,594.2
2025-10-20,NB-1113,0.0,0.0,14,594.2
2025-10-27,NB-1113,0.0,0.0,14,594.2
2025-11-03,NB-1113,0.0,609.0,14,594.2
2025-11-10,NB-1113,0.0,0.0,14,594.2
2025-11-17,NB-1113,1030.0,0.0,14,594.2
2025-11-24,NB-1113,585.0,0.0,14,594.2
2025-12-01,NB-1113,291.0,0.0,14,594.2
2025-12-08,NB-1113,8.0,749.0,14,594.2
2025-12-15,NB-1113,0.0,0.0,14,594.2
2025-12-22,NB-1113,715.0,0.0,14,594.2
2025-12-29,NB-1113,469.0,0.0,14,594.2
2024-01-01,NB-1114,392.0,0.0,11,49.0
2024-01-08,NB-1114,381.0,0.0,11,49.0
2024-01-15,NB-1114,368.0,0.0,11,49.0
2024-01-22,NB-1114,356.0,0.0,11,49.0
2024-01-29,NB-1114,342.0,0.0,11,49.0
2024-02-05,NB-1114,325.0,0.0,11,49.0
2024-02-12,NB-1114,312.0,0.0,11,49.0
2024-02-19,NB-1114,295.0,0.0,11,49.0
2024-02-26,NB-1114,280.0,0.0,11,49.0
2024-03-04,NB-1114,260.0,0.0,11,49.0
2024-03-11,NB-1114,248.0,0.0,11,49.0
2024-03-18,NB-1114,233.0,0.0,11,49.0
2024-03-25,NB-1114,217.0,0.0,11,49.0
2024-04-01,NB-1114,192.0,0.0,11,49.0
2024-04-08,NB-1114,176.0,0.0,11,49.0
2024-04-15,NB-1114,159.0,0.0,11,49.0
2024-04-22,NB-1114,140.0,0.0,11,49.0
2024-04-29,NB-1114,112.0,0.0,11,49.0
2024-05-06,NB-1114,99.0,0.0,11,49.0
2024-05-13,NB-1114,76.0,0.0,11,49.0
2024-05-20,NB-1114,50.0,0.0,11,49.0
2024-05-27,NB-1114,36.0,0.0,11,49.0
2024-06-03,NB-1114,80.0,0.0,11,49.0
2024-06-10,NB-1114,45.0,57.0,11,49.0
2024-06-17,NB-1114,71.0,0.0,11,49.0
2024-06-24,NB-1114,31.0,0.0,11,49.0
2024-07-01,NB-1114,48.0,0.0,11,49.0
2024-07-08,NB-1114,9.0,54.0,11,49.0
2024-07-15,NB-1114,0.0,0.0,11,49.0
2024-07-22,NB-1114,58.0,0.0,11,49.0
2024-07-29,NB-1114,28.0,0.0,11,49.0
2024-08-05,NB-1114,0.0,69.0,11,49.0
2024-08-12,NB-1114,0.0,0.0,11,49.0
2024-08-19,NB-1114,46.0,0.0,11,49.0
2024-08-26,NB-1114,12.0,0.0,11,49.0
2024-09-02,NB-1114,0.0,67.0,11,49.0
2024-09-09,NB-1114,0.0,54.0,11,49.0
2024-09-16,NB-1114,0.0,0.0,11,49.0
2024-09-23,NB-1114,0.0,75.0,11,49.0
2024-09-30,NB-1114,0.0,0.0,11,49.0
2024-10-07,NB-1114,71.0,71.0,11,49.0
2024-10-14,NB-1114,43.0,0.0,11,49.0
2024-10-21,NB-1114,3.0,0.0,11,49.0
2024-10-28,NB-1114,0.0,0.0,11,49.0
2024-11-04,NB-1114,0.0,60.0,11,49.0
2024-11-11,NB-1114,62.0,62.0,11,49.0
2024-11-18,NB-1114,49.0,0.0,11,49.0
2024-11-25,NB-1114,18.0,0.0,11,49.0
2024-12-02,NB-1114,60.0,0.0,11,49.0
2024-12-09,NB-1114,108.0,74.0,11,49.0
2024-12-16,NB-1114,87.0,0.0,11,49.0
2024-12-23,NB-1114,67.0,0.0,11,49.0
2024-12-30,NB-1114,39.0,71.0,11,49.0
2025-01-06,NB-1114,4.0,0.0,11,49.0
2025-01-13,NB-1114,0.0,63.0,11,49.0
2025-01-20,NB-1114,0.0,0.0,11,49.0
2025-01-27,NB-1114,0.0,0.0,11,49.0
2025-02-03,NB-1114,59.0,59.0,11,49.0
2025-02-10,NB-1114,34.0,0.0,11,49.0
2025-02-17,NB-1114,69.0,0.0,11,49.0
2025-02-24,NB-1114,35.0,58.0,11,49.0
2025-03-03,NB-1114,0.0,0.0,11,49.0
2025-03-10,NB-1114,0.0,0.0,11,49.0
2025-03-17,NB-1114,0.0,0.0,11,49.0
2025-03-24,NB-1114,0.0,61.0,11,49.0
2025-03-31,NB-1114,29.0,0.0,11,49.0
2025-04-07,NB-1114,99.0,0.0,11,49.0
2025-04-14,NB-1114,78.0,0.0,11,49.0
2025-04-21,NB-1114,37.0,0.0,11,49.0
2025-04-28,NB-1114,12.0,51.0,11,49.0
2025-05-05,NB-1114,28.0,0.0,11,49.0
2025-05-12,NB-1114,40.0,0.0,11,49.0
2025-05-19,NB-1114,0.0,0.0,11,49.0
2025-05-26,NB-1114,23.0,0.0,11,49.0
2025-06-02,NB-1114,0.0,71.0,11,49.0
2025-06-09,NB-1114,0.0,68.0,11,49.0
2025-06-16,NB-1114,0.0,0.0,11,49.0
2025-06-23,NB-1114,45.0,0.0,11,49.0
2025-06-30,NB-1114,0.0,60.0,11,49.0
2025-07-07,NB-1114,71.0,71.0,11,49.0
2025-07-14,NB-1114,93.0,0.0,11,49.0
2025-07-21,NB-1114,27.0,0.0,11,49.0
2025-07-28,NB-1114,88.0,0.0,11,49.0
2025-08-04,NB-1114,49.0,70.0,11,49.0
2025-08-11,NB-1114,0.0,0.0,11,49.0
2025-08-18,NB-1114,16.0,0.0,11,49.0
2025-08-25,NB-1114,30.0,65.0,11,49.0
2025-09-01,NB-1114,48.0,0.0,11,49.0
2025-09-08,NB-1114,0.0,0.0,11,49.0
2025-09-15,NB-1114,0.0,0.0,11,49.0
2025-09-22,NB-1114,0.0,0.0,11,49.0
2025-09-29,NB-1114,45.0,0.0,11,49.0
2025-10-06,NB-1114,4.0,0.0,11,49.0
2025-10-13,NB-1114,53.0,53.0,11,49.0
2025-10-20,NB-1114,64.0,0.0,11,49.0
2025-10-27,NB-1114,19.0,53.0,11,49.0
2025-11-03,NB-1114,0.0,0.0,11,49.0
2025-11-10,NB-1114,53.0,0.0,11,49.0
2025-11-17,NB-1114,1.0,51.0,11,49.0
2025-11-24,NB-1114,50.0,0.0,11,49.0
2025-12-01,NB-1114,69.0,0.0,11,49.0
2025-12-08,NB-1114,28.0,0.0,11,49.0
2025-12-15,NB-1114,3.0,49.0,11,49.0
2025-12-22,NB-1114,0.0,53.0,11,49.0
2025-12-29,NB-1114,50.0,0.0,11,49.0
2024-01-01,NB-1115,80.0,0.0,16,396.3
2024-01-08,NB-1115,0.0,0.0,16,396.3
2024-01-15,NB-1115,0.0,533.0,16,396.3
2024-01-22,NB-1115,475.0,0.0,16,396.3
2024-01-29,NB-1115,333.0,0.0,16,396.3
2024-02-05,NB-1115,611.0,0.0,16,396.3
2024-02-12,NB-1115,443.0,0.0,16,396.3
2024-02-19,NB-1115,308.0,0.0,16,396.3
2024-02-26,NB-1115,594.0,0.0,16,396.3
2024-03-04,NB-1115,439.0,0.0,16,396.3
2024-03-11,NB-1115,280.0,528.0,16,396.3
2024-03-18,NB-1115,119.0,0.0,16,396.3
2024-03-25,NB-1115,475.0,0.0,16,396.3
2024-04-01,NB-1115,811.0,522.0,16,396.3
2024-04-08,NB-1115,635.0,0.0,16,396.3
2024-04-15,NB-1115,463.0,0.0,16,396.3
2024-04-22,NB-1115,218.0,483.0,16,396.3
2024-04-29,NB-1115,28.0,0.0,16,396.3
2024-05-06,NB-1115,0.0,393.0,16,396.3
2024-05-13,NB-1115,0.0,0.0,16,396.3
2024-05-20,NB-1115,0.0,442.0,16,396.3
2024-05-27,NB-1115,345.0,395.0,16,396.3
2024-06-03,NB-1115,680.0,0.0,16,396.3
2024-06-10,NB-1115,497.0,0.0,16,396.3
2024-06-17,NB-1115,604.0,0.0,16,396.3
2024-06-24,NB-1115,955.0,573.0,16,396.3
2024-07-01,NB-1115,805.0,0.0,16,396.3
2024-07-08,NB-1115,661.0,0.0,16,396.3
2024-07-15,NB-1115,451.0,0.0,16,396.3
2024-07-22,NB-1115,296.0,0.0,16,396.3
2024-07-29,NB-1115,148.0,0.0,16,396.3
2024-08-05,NB-1115,0.0,554.0,16,396.3
2024-08-12,NB-1115,0.0,516.0,16,396.3
2024-08-19,NB-1115,0.0,0.0,16,396.3
2024-08-26,NB-1115,457.0,457.0,16,396.3
2024-09-02,NB-1115,838.0,0.0,16,396.3
2024-09-09,NB-1115,726.0,0.0,16,396.3
2024-09-16,NB-1115,599.0,0.0,16,396.3
2024-09-23,NB-1115,494.0,0.0,16,396.3
2024-09-30,NB-1115,388.0,499.0,16,396.3
2024-10-07,NB-1115,296.0,426.0,16,396.3
2024-10-14,NB-1115,559.0,369.0,16,396.3
2024-10-21,NB-1115,443.0,0.0,16,396.3
2024-10-28,NB-1115,335.0,0.0,16,396.3
2024-11-04,NB-1115,229.0,445.0,16,396.3
2024-11-11,NB-1115,102.0,0.0,16,396.3
2024-11-18,NB-1115,0.0,559.0,16,396.3
2024-11-25,NB-1115,0.0,510.0,16,396.3
2024-12-02,NB-1115,0.0,0.0,16,396.3
2024-12-09,NB-1115,0.0,0.0,16,396.3
2024-12-16,NB-1115,0.0,524.0,16,396.3
2024-12-23,NB-1115,0.0,510.0,16,396.3
2024-12-30,NB-1115,749.0,0.0,16,396.3
2025-01-06,NB-1115,600.0,0.0,16,396.3
2025-01-13,NB-1115,430.0,0.0,16,396.3
2025-01-20,NB-1115,257.0,0.0,16,396.3
2025-01-27,NB-1115,93.0,587.0,16,396.3
2025-02-03,NB-1115,0.0,0.0,16,396.3
2025-02-10,NB-1115,0.0,0.0,16,396.3
2025-02-17,NB-1115,0.0,0.0,16,396.3
2025-02-24,NB-1115,0.0,0.0,16,396.3
2025-03-03,NB-1115,0.0,0.0,16,396.3
2025-03-10,NB-1115,0.0,0.0,16,396.3
2025-03-17,NB-1115,0.0,0.0,16,396.3
2025-03-24,NB-1115,0.0,411.0,16,396.3
2025-03-31,NB-1115,0.0,601.0,16,396.3
2025-04-07,NB-1115,370.0,0.0,16,396.3
2025-04-14,NB-1115,70.0,0.0,16,396.3
2025-04-21,NB-1115,0.0,0.0,16,396.3
2025-04-28,NB-1115,419.0,0.0,16,396.3
2025-05-05,NB-1115,196.0,0.0,16,396.3
2025-05-12,NB-1115,395.0,0.0,16,396.3
2025-05-19,NB-1115,452.0,406.0,16,396.3
2025-05-26,NB-1115,180.0,0.0,16,396.3
2025-06-02,NB-1115,412.0,0.0,16,396.3
2025-06-09,NB-1115,199.0,0.0,16,396.3
2025-06-16,NB-1115,0.0,539.0,16,396.3
2025-06-23,NB-1115,525.0,0.0,16,396.3
2025-06-30,NB-1115,299.0,0.0,16,396.3
2025-07-07,NB-1115,506.0,370.0,16,396.3
2025-07-14,NB-1115,285.0,0.0,16,396.3
2025-07-21,NB-1115,0.0,505.0,16,396.3
2025-07-28,NB-1115,0.0,0.0,16,396.3
2025-08-04,NB-1115,0.0,0.0,16,396.3
2025-08-11,NB-1115,0.0,0.0,16,396.3
2025-08-18,NB-1115,476.0,0.0,16,396.3
2025-08-25,NB-1115,339.0,0.0,16,396.3
2025-09-01,NB-1115,707.0,0.0,16,396.3
2025-09-08,NB-1115,459.0,0.0,16,396.3
2025-09-15,NB-1115,317.0,505.0,16,396.3
2025-09-22,NB-1115,147.0,0.0,16,396.3
2025-09-29,NB-1115,33.0,0.0,16,396.3
2025-10-06,NB-1115,391.0,0.0,16,396.3
2025-10-13,NB-1115,272.0,0.0,16,396.3
2025-10-20,NB-1115,85.0,0.0,16,396.3
2025-10-27,NB-1115,0.0,588.0,16,396.3
2025-11-03,NB-1115,0.0,0.0,16,396.3
2025-11-10,NB-1115,461.0,461.0,16,396.3
2025-11-17,NB-1115,246.0,0.0,16,396.3
2025-11-24,NB-1115,83.0,0.0,16,396.3
2025-12-01,NB-1115,528.0,0.0,16,396.3
2025-12-08,NB-1115,375.0,470.0,16,396.3
2025-12-15,NB-1115,763.0,0.0,16,396.3
2025-12-22,NB-1115,576.0,0.0,16,396.3
2025-12-29,NB-1115,386.0,0.0,16,396.3
2024-01-01,NB-1116,248.0,0.0,9,37.1
2024-01-08,NB-1116,227.0,0.0,9,37.1
2024-01-15,NB-1116,211.0,0.0,9,37.1
2024-01-22,NB-1116,191.0,0.0,9,37.1
2024-01-29,NB-1116,175.0,0.0,9,37.1
2024-02-05,NB-1116,146.0,0.0,9,37.1
2024-02-12,NB-1116,127.0,0.0,9,37.1
2024-02-19,NB-1116,108.0,0.0,9,37.1
2024-02-26,NB-1116,76.0,0.0,9,37.1
2024-03-04,NB-1116,58.0,0.0,9,37.1
2024-03-11,NB-1116,41.0,0.0,9,37.1
2024-03-18,NB-1116,16.0,0.0,9,37.1
2024-03-25,NB-1116,56.0,0.0,9,37.1
2024-04-01,NB-1116,20.0,47.0,9,37.1
2024-04-08,NB-1116,0.0,0.0,9,37.1
2024-04-15,NB-1116,37.0,0.0,9,37.1
2024-04-22,NB-1116,14.0,0.0,9,37.1
2024-04-29,NB-1116,0.0,0.0,9,37.1
2024-05-06,NB-1116,0.0,0.0,9,37.1
2024-05-13,NB-1116,0.0,46.0,9,37.1
2024-05-20,NB-1116,0.0,0.0,9,37.1
2024-05-27,NB-1116,0.0,0.0,9,37.1
2024-06-03,NB-1116,0.0,0.0,9,37.1
2024-06-10,NB-1116,22.0,0.0,9,37.1
2024-06-17,NB-1116,0.0,0.0,9,37.1
2024-06-24,NB-1116,0.0,0.0,9,37.1
2024-07-01,NB-1116,0.0,0.0,9,37.1
2024-07-08,NB-1116,50.0,0.0,9,37.1
2024-07-15,NB-1116,37.0,0.0,9,37.1
2024-07-22,NB-1116,21.0,0.0,9,37.1
2024-07-29,NB-1116,59.0,0.0,9,37.1
2024-08-05,NB-1116,41.0,0.0,9,37.1
2024-08-12,NB-1116,33.0,0.0,9,37.1
2024-08-19,NB-1116,74.0,0.0,9,37.1
2024-08-26,NB-1116,67.0,0.0,9,37.1
2024-09-02,NB-1116,60.0,0.0,9,37.1
2024-09-09,NB-1116,46.0,0.0,9,37.1
2024-09-16,NB-1116,34.0,0.0,9,37.1
2024-09-23,NB-1116,81.0,0.0,9,37.1
2024-09-30,NB-1116,68.0,0.0,9,37.1
2024-10-07,NB-1116,50.0,0.0,9,37.1
2024-10-14,NB-1116,43.0,0.0,9,37.1
2024-10-21,NB-1116,31.0,0.0,9,37.1
2024-10-28,NB-1116,28.0,40.0,9,37.1
2024-11-04,NB-1116,72.0,0.0,9,37.1
2024-11-11,NB-1116,63.0,0.0,9,37.1
2024-11-18,NB-1116,53.0,0.0,9,37.1
2024-11-25,NB-1116,33.0,56.0,9,37.1
2024-12-02,NB-1116,64.0,0.0,9,37.1
2024-12-09,NB-1116,51.0,0.0,9,37.1
2024-12-16,NB-1116,34.0,0.0,9,37.1
2024-12-23,NB-1116,16.0,0.0,9,37.1
2024-12-30,NB-1116,0.0,53.0,9,37.1
2025-01-06,NB-1116,0.0,51.0,9,37.1
2025-01-13,NB-1116,41.0,0.0,9,37.1
2025-01-20,NB-1116,28.0,39.0,9,37.1
2025-01-27,NB-1116,10.0,35.0,9,37.1
2025-02-03,NB-1116,29.0,0.0,9,37.1
2025-02-10,NB-1116,4.0,53.0,9,37.1
2025-02-17,NB-1116,0.0,0.0,9,37.1
2025-02-24,NB-1116,0.0,0.0,9,37.1
2025-03-03,NB-1116,51.0,0.0,9,37.1
2025-03-10,NB-1116,28.0,0.0,9,37.1
2025-03-17,NB-1116,64.0,0.0,9,37.1
2025-03-24,NB-1116,44.0,0.0,9,37.1
2025-03-31,NB-1116,13.0,0.0,9,37.1
2025-04-07,NB-1116,0.0,0.0,9,37.1
2025-04-14,NB-1116,0.0,39.0,9,37.1
2025-04-21,NB-1116,0.0,0.0,9,37.1
2025-04-28,NB-1116,44.0,0.0,9,37.1
2025-05-05,NB-1116,30.0,0.0,9,37.1
2025-05-12,NB-1116,0.0,0.0,9,37.1
2025-05-19,NB-1116,0.0,0.0,9,37.1
2025-05-26,NB-1116,0.0,42.0,9,37.1
2025-06-02,NB-1116,39.0,0.0,9,37.1
2025-06-09,NB-1116,19.0,0.0,9,37.1
2025-06-16,NB-1116,61.0,0.0,9,37.1
2025-06-23,NB-1116,42.0,0.0,9,37.1
2025-06-30,NB-1116,25.0,38.0,9,37.1
2025-07-07,NB-1116,65.0,0.0,9,37.1
2025-07-14,NB-1116,52.0,0.0,9,37.1
2025-07-21,NB-1116,27.0,39.0,9,37.1
2025-07-28,NB-1116,48.0,0.0,9,37.1
2025-08-04,NB-1116,37.0,0.0,9,37.1
2025-08-11,NB-1116,68.0,0.0,9,37.1
2025-08-18,NB-1116,58.0,0.0,9,37.1
2025-08-25,NB-1116,47.0,0.0,9,37.1
2025-09-01,NB-1116,39.0,0.0,9,37.1
2025-09-08,NB-1116,27.0,0.0,9,37.1
2025-09-15,NB-1116,21.0,43.0,9,37.1
2025-09-22,NB-1116,63.0,48.0,9,37.1
2025-09-29,NB-1116,59.0,0.0,9,37.1
2025-10-06,NB-1116,52.0,0.0,9,37.1
2025-10-13,NB-1116,33.0,0.0,9,37.1
2025-10-20,NB-1116,18.0,0.0,9,37.1
2025-10-27,NB-1116,4.0,0.0,9,37.1
2025-11-03,NB-1116,0.0,0.0,9,37.1
2025-11-10,NB-1116,46.0,46.0,9,37.1
2025-11-17,NB-1116,29.0,0.0,9,37.1
2025-11-24,NB-1116,21.0,49.0,9,37.1
2025-12-01,NB-1116,4.0,50.0,9,37.1
2025-12-08,NB-1116,0.0,0.0,9,37.1
2025-12-15,NB-1116,46.0,0.0,9,37.1
2025-12-22,NB-1116,31.0,0.0,9,37.1
2025-12-29,NB-1116,15.0,0.0,9,37.1
2024-01-01,NB-1117,86.0,0.0,10,285.7
2024-01-08,NB-1117,261.0,0.0,10,285.7
2024-01-15,NB-1117,101.0,0.0,10,285.7
2024-01-22,NB-1117,0.0,0.0,10,285.7
2024-01-29,NB-1117,0.0,0.0,10,285.7
2024-02-05,NB-1117,252.0,340.0,10,285.7
2024-02-12,NB-1117,114.0,343.0,10,285.7
2024-02-19,NB-1117,681.0,416.0,10,285.7
2024-02-26,NB-1117,502.0,0.0,10,285.7
2024-03-04,NB-1117,371.0,0.0,10,285.7
2024-03-11,NB-1117,212.0,0.0,10,285.7
2024-03-18,NB-1117,382.0,288.0,10,285.7
2024-03-25,NB-1117,244.0,0.0,10,285.7
2024-04-01,NB-1117,40.0,0.0,10,285.7
2024-04-08,NB-1117,0.0,0.0,10,285.7
2024-04-15,NB-1117,0.0,411.0,10,285.7
2024-04-22,NB-1117,562.0,0.0,10,285.7
2024-04-29,NB-1117,408.0,0.0,10,285.7
2024-05-06,NB-1117,201.0,0.0,10,285.7
2024-05-13,NB-1117,37.0,0.0,10,285.7
2024-05-20,NB-1117,614.0,0.0,10,285.7
2024-05-27,NB-1117,440.0,0.0,10,285.7
2024-06-03,NB-1117,283.0,0.0,10,285.7
2024-06-10,NB-1117,114.0,407.0,10,285.7
2024-06-17,NB-1117,0.0,0.0,10,285.7
2024-06-24,NB-1117,0.0,397.0,10,285.7
2024-07-01,NB-1117,0.0,0.0,10,285.7
2024-07-08,NB-1117,0.0,0.0,10,285.7
2024-07-15,NB-1117,268.0,0.0,10,285.7
2024-07-22,NB-1117,120.0,0.0,10,285.7
2024-07-29,NB-1117,301.0,0.0,10,285.7
2024-08-05,NB-1117,165.0,371.0,10,285.7
2024-08-12,NB-1117,14.0,0.0,10,285.7
2024-08-19,NB-1117,338.0,0.0,10,285.7
2024-08-26,NB-1117,553.0,0.0,10,285.7
2024-09-02,NB-1117,408.0,0.0,10,285.7
2024-09-09,NB-1117,263.0,0.0,10,285.7
2024-09-16,NB-1117,124.0,0.0,10,285.7
2024-09-23,NB-1117,0.0,0.0,10,285.7
2024-09-30,NB-1117,0.0,0.0,10,285.7
2024-10-07,NB-1117,383.0,0.0,10,285.7
2024-10-14,NB-1117,242.0,0.0,10,285.7
2024-10-21,NB-1117,527.0,0.0,10,285.7
2024-10-28,NB-1117,421.0,0.0,10,285.7
2024-11-04,NB-1117,286.0,0.0,10,285.7
2024-11-11,NB-1117,160.0,374.0,10,285.7
2024-11-18,NB-1117,3.0,0.0,10,285.7
2024-11-25,NB-1117,0.0,0.0,10,285.7
2024-12-02,NB-1117,402.0,0.0,10,285.7
2024-12-09,NB-1117,314.0,0.0,10,285.7
2024-12-16,NB-1117,537.0,0.0,10,285.7
2024-12-23,NB-1117,339.0,0.0,10,285.7
2024-12-30,NB-1117,151.0,391.0,10,285.7
2025-01-06,NB-1117,0.0,0.0,10,285.7
2025-01-13,NB-1117,317.0,0.0,10,285.7
2025-01-20,NB-1117,200.0,275.0,10,285.7
2025-01-27,NB-1117,330.0,0.0,10,285.7
2025-02-03,NB-1117,199.0,0.0,10,285.7
2025-02-10,NB-1117,9.0,0.0,10,285.7
2025-02-17,NB-1117,0.0,0.0,10,285.7
2025-02-24,NB-1117,0.0,0.0,10,285.7
2025-03-03,NB-1117,0.0,0.0,10,285.7
2025-03-10,NB-1117,0.0,0.0,10,285.7
2025-03-17,NB-1117,280.0,0.0,10,285.7
2025-03-24,NB-1117,54.0,396.0,10,285.7
2025-03-31,NB-1117,0.0,422.0,10,285.7
2025-04-07,NB-1117,0.0,0.0,10,285.7
2025-04-14,NB-1117,0.0,0.0,10,285.7
2025-04-21,NB-1117,307.0,307.0,10,285.7
2025-04-28,NB-1117,120.0,420.0,10,285.7
2025-05-05,NB-1117,0.0,0.0,10,285.7
2025-05-12,NB-1117,0.0,0.0,10,285.7
2025-05-19,NB-1117,0.0,0.0,10,285.7
2025-05-26,NB-1117,0.0,0.0,10,285.7
2025-06-02,NB-1117,0.0,0.0,10,285.7
2025-06-09,NB-1117,0.0,0.0,10,285.7
2025-06-16,NB-1117,0.0,0.0,10,285.7
2025-06-23,NB-1117,0.0,0.0,10,285.7
2025-06-30,NB-1117,0.0,0.0,10,285.7
2025-07-07,NB-1117,0.0,428.0,10,285.7
2025-07-14,NB-1117,245.0,0.0,10,285.7
2025-07-21,NB-1117,20.0,380.0,10,285.7
2025-07-28,NB-1117,0.0,304.0,10,285.7
2025-08-04,NB-1117,0.0,0.0,10,285.7
2025-08-11,NB-1117,0.0,0.0,10,285.7
2025-08-18,NB-1117,0.0,0.0,10,285.7
2025-08-25,NB-1117,360.0,0.0,10,285.7
2025-09-01,NB-1117,166.0,0.0,10,285.7
2025-09-08,NB-1117,305.0,0.0,10,285.7
2025-09-15,NB-1117,470.0,0.0,10,285.7
2025-09-22,NB-1117,272.0,0.0,10,285.7
2025-09-29,NB-1117,79.0,311.0,10,285.7
2025-10-06,NB-1117,307.0,0.0,10,285.7
2025-10-13,NB-1117,412.0,0.0,10,285.7
2025-10-20,NB-1117,179.0,323.0,10,285.7
2025-10-27,NB-1117,288.0,0.0,10,285.7
2025-11-03,NB-1117,551.0,0.0,10,285.7
2025-11-10,NB-1117,335.0,0.0,10,285.7
2025-11-17,NB-1117,48.0,0.0,10,285.7
2025-11-24,NB-1117,0.0,422.0,10,285.7
2025-12-01,NB-1117,0.0,0.0,10,285.7
2025-12-08,NB-1117,297.0,0.0,10,285.7
2025-12-15,NB-1117,139.0,427.0,10,285.7
2025-12-22,NB-1117,0.0,0.0,10,285.7
2025-12-29,NB-1117,0.0,368.0,10,285.7
2024-01-01,NB-1118,119.0,196.0,19,148.1
2024-01-08,NB-1118,280.0,0.0,19,148.1
2024-01-15,NB-1118,224.0,0.0,19,148.1
2024-01-22,NB-1118,176.0,0.0,19,148.1
2024-01-29,NB-1118,134.0,0.0,19,148.1
2024-02-05,NB-1118,97.0,0.0,19,148.1
2024-02-12,NB-1118,43.0,0.0,19,148.1
2024-02-19,NB-1118,0.0,0.0,19,148.1
2024-02-26,NB-1118,0.0,194.0,19,148.1
2024-03-04,NB-1118,0.0,0.0,19,148.1
2024-03-11,NB-1118,0.0,0.0,19,148.1
2024-03-18,NB-1118,0.0,139.0,19,148.1
2024-03-25,NB-1118,214.0,0.0,19,148.1
2024-04-01,NB-1118,165.0,0.0,19,148.1
2024-04-08,NB-1118,126.0,222.0,19,148.1
2024-04-15,NB-1118,100.0,194.0,19,148.1
2024-04-22,NB-1118,229.0,0.0,19,148.1
2024-04-29,NB-1118,190.0,0.0,19,148.1
2024-05-06,NB-1118,145.0,0.0,19,148.1
2024-05-13,NB-1118,106.0,0.0,19,148.1
2024-05-20,NB-1118,76.0,214.0,19,148.1
2024-05-27,NB-1118,263.0,0.0,19,148.1
2024-06-03,NB-1118,232.0,0.0,19,148.1
2024-06-10,NB-1118,206.0,0.0,19,148.1
2024-06-17,NB-1118,158.0,0.0,19,148.1
2024-06-24,NB-1118,125.0,0.0,19,148.1
2024-07-01,NB-1118,274.0,0.0,19,148.1
2024-07-08,NB-1118,250.0,0.0,19,148.1
2024-07-15,NB-1118,218.0,0.0,19,148.1
2024-07-22,NB-1118,190.0,0.0,19,148.1
2024-07-29,NB-1118,153.0,0.0,19,148.1
2024-08-05,NB-1118,281.0,0.0,19,148.1
2024-08-12,NB-1118,249.0,0.0,19,148.1
2024-08-19,NB-1118,199.0,0.0,19,148.1
2024-08-26,NB-1118,154.0,0.0,19,148.1
2024-09-02,NB-1118,114.0,228.0,19,148.1
2024-09-09,NB-1118,74.0,0.0,19,148.1
2024-09-16,NB-1118,20.0,0.0,19,148.1
2024-09-23,NB-1118,0.0,0.0,19,148.1
2024-09-30,NB-1118,0.0,0.0,19,148.1
2024-10-07,NB-1118,0.0,0.0,19,148.1
2024-10-14,NB-1118,0.0,0.0,19,148.1
2024-10-21,NB-1118,0.0,0.0,19,148.1
2024-10-28,NB-1118,191.0,0.0,19,148.1
2024-11-04,NB-1118,124.0,0.0,19,148.1
2024-11-11,NB-1118,251.0,0.0,19,148.1
2024-11-18,NB-1118,195.0,0.0,19,148.1
2024-11-25,NB-1118,111.0,0.0,19,148.1
2024-12-02,NB-1118,42.0,0.0,19,148.1
2024-12-09,NB-1118,0.0,190.0,19,148.1
2024-12-16,NB-1118,186.0,186.0,19,148.1
2024-12-23,NB-1118,102.0,0.0,19,148.1
2024-12-30,NB-1118,179.0,151.0,19,148.1
2025-01-06,NB-1118,309.0,0.0,19,148.1
2025-01-13,NB-1118,258.0,0.0,19,148.1
2025-01-20,NB-1118,176.0,0.0,19,148.1
2025-01-27,NB-1118,109.0,0.0,19,148.1
2025-02-03,NB-1118,48.0,0.0,19,148.1
2025-02-10,NB-1118,216.0,0.0,19,148.1
2025-02-17,NB-1118,334.0,191.0,19,148.1
2025-02-24,NB-1118,282.0,0.0,19,148.1
2025-03-03,NB-1118,177.0,0.0,19,148.1
2025-03-10,NB-1118,124.0,205.0,19,148.1
2025-03-17,NB-1118,73.0,0.0,19,148.1
2025-03-24,NB-1118,22.0,0.0,19,148.1
2025-03-31,NB-1118,0.0,0.0,19,148.1
2025-04-07,NB-1118,153.0,0.0,19,148.1
2025-04-14,NB-1118,116.0,208.0,19,148.1
2025-04-21,NB-1118,78.0,0.0,19,148.1
2025-04-28,NB-1118,27.0,192.0,19,148.1
2025-05-05,NB-1118,0.0,0.0,19,148.1
2025-05-12,NB-1118,0.0,0.0,19,148.1
2025-05-19,NB-1118,179.0,0.0,19,148.1
2025-05-26,NB-1118,140.0,0.0,19,148.1
2025-06-02,NB-1118,298.0,0.0,19,148.1
2025-06-09,NB-1118,261.0,0.0,19,148.1
2025-06-16,NB-1118,230.0,0.0,19,148.1
2025-06-23,NB-1118,187.0,0.0,19,148.1
2025-06-30,NB-1118,147.0,181.0,19,148.1
2025-07-07,NB-1118,120.0,199.0,19,148.1
2025-07-14,NB-1118,82.0,0.0,19,148.1
2025-07-21,NB-1118,18.0,0.0,19,148.1
2025-07-28,NB-1118,0.0,0.0,19,148.1
2025-08-04,NB-1118,0.0,0.0,19,148.1
2025-08-11,NB-1118,0.0,0.0,19,148.1
2025-08-18,NB-1118,115.0,0.0,19,148.1
2025-08-25,NB-1118,69.0,0.0,19,148.1
2025-09-01,NB-1118,7.0,0.0,19,148.1
2025-09-08,NB-1118,169.0,0.0,19,148.1
2025-09-15,NB-1118,292.0,161.0,19,148.1
2025-09-22,NB-1118,229.0,0.0,19,148.1
2025-09-29,NB-1118,171.0,0.0,19,148.1
2025-10-06,NB-1118,98.0,0.0,19,148.1
2025-10-13,NB-1118,239.0,0.0,19,148.1
2025-10-20,NB-1118,125.0,0.0,19,148.1
2025-10-27,NB-1118,57.0,187.0,19,148.1
2025-11-03,NB-1118,199.0,0.0,19,148.1
2025-11-10,NB-1118,119.0,157.0,19,148.1
2025-11-17,NB-1118,0.0,0.0,19,148.1
2025-11-24,NB-1118,0.0,0.0,19,148.1
2025-12-01,NB-1118,0.0,0.0,19,148.1
2025-12-08,NB-1118,0.0,0.0,19,148.1
2025-12-15,NB-1118,0.0,0.0,19,148.1
2025-12-22,NB-1118,0.0,0.0,19,148.1
2025-12-29,NB-1118,0.0,0.0,19,148.1
2024-01-01,NB-1119,52.0,894.0,15,657.1
2024-01-08,NB-1119,631.0,0.0,15,657.1
2024-01-15,NB-1119,389.0,0.0,15,657.1
2024-01-22,NB-1119,173.0,0.0,15,657.1
2024-01-29,NB-1119,943.0,0.0,15,657.1
2024-02-05,NB-1119,744.0,0.0,15,657.1
2024-02-12,NB-1119,1227.0,0.0,15,657.1
2024-02-19,NB-1119,1064.0,0.0,15,657.1
2024-02-26,NB-1119,896.0,0.0,15,657.1
2024-03-04,NB-1119,723.0,0.0,15,657.1
2024-03-11,NB-1119,543.0,1007.0,15,657.1
2024-03-18,NB-1119,387.0,0.0,15,657.1
2024-03-25,NB-1119,1044.0,0.0,15,657.1
2024-04-01,NB-1119,888.0,0.0,15,657.1
2024-04-08,NB-1119,728.0,0.0,15,657.1
2024-04-15,NB-1119,602.0,0.0,15,657.1
2024-04-22,NB-1119,1204.0,0.0,15,657.1
2024-04-29,NB-1119,1087.0,0.0,15,657.1
2024-05-06,NB-1119,942.0,0.0,15,657.1
2024-05-13,NB-1119,805.0,0.0,15,657.1
2024-05-20,NB-1119,652.0,991.0,15,657.1
2024-05-27,NB-1119,474.0,911.0,15,657.1
2024-06-03,NB-1119,1196.0,885.0,15,657.1
2024-06-10,NB-1119,1018.0,0.0,15,657.1
2024-06-17,NB-1119,726.0,0.0,15,657.1
2024-06-24,NB-1119,1454.0,0.0,15,657.1
2024-07-01,NB-1119,1202.0,0.0,15,657.1
2024-07-08,NB-1119,968.0,0.0,15,657.1
2024-07-15,NB-1119,732.0,0.0,15,657.1
2024-07-22,NB-1119,1392.0,0.0,15,657.1
2024-07-29,NB-1119,1086.0,0.0,15,657.1
2024-08-05,NB-1119,773.0,0.0,15,657.1
2024-08-12,NB-1119,481.0,0.0,15,657.1
2024-08-19,NB-1119,110.0,0.0,15,657.1
2024-08-26,NB-1119,395.0,0.0,15,657.1
2024-09-02,NB-1119,38.0,0.0,15,657.1
2024-09-09,NB-1119,643.0,0.0,15,657.1
2024-09-16,NB-1119,236.0,0.0,15,657.1
2024-09-23,NB-1119,580.0,0.0,15,657.1
2024-09-30,NB-1119,77.0,0.0,15,657.1
2024-10-07,NB-1119,520.0,0.0,15,657.1
2024-10-14,NB-1119,66.0,0.0,15,657.1
2024-10-21,NB-1119,369.0,0.0,15,657.1
2024-10-28,NB-1119,0.0,798.0,15,657.1
2024-11-04,NB-1119,355.0,0.0,15,657.1
2024-11-11,NB-1119,0.0,0.0,15,657.1
2024-11-18,NB-1119,0.0,0.0,15,657.1
2024-11-25,NB-1119,760.0,0.0,15,657.1
2024-12-02,NB-1119,368.0,0.0,15,657.1
2024-12-09,NB-1119,0.0,0.0,15,657.1
2024-12-16,NB-1119,0.0,0.0,15,657.1
2024-12-23,NB-1119,0.0,0.0,15,657.1
2024-12-30,NB-1119,0.0,0.0,15,657.1
2025-01-06,NB-1119,0.0,839.0,15,657.1
2025-01-13,NB-1119,0.0,853.0,15,657.1
2025-01-20,NB-1119,912.0,0.0,15,657.1
2025-01-27,NB-1119,620.0,0.0,15,657.1
2025-02-03,NB-1119,357.0,0.0,15,657.1
2025-02-10,NB-1119,1048.0,0.0,15,657.1
2025-02-17,NB-1119,803.0,0.0,15,657.1
2025-02-24,NB-1119,526.0,0.0,15,657.1
2025-03-03,NB-1119,826.0,0.0,15,657.1
2025-03-10,NB-1119,636.0,0.0,15,657.1
2025-03-17,NB-1119,459.0,0.0,15,657.1
2025-03-24,NB-1119,256.0,0.0,15,657.1
2025-03-31,NB-1119,0.0,0.0,15,657.1
2025-04-07,NB-1119,0.0,0.0,15,657.1
2025-04-14,NB-1119,604.0,0.0,15,657.1
2025-04-21,NB-1119,1378.0,0.0,15,657.1
2025-04-28,NB-1119,1195.0,0.0,15,657.1
2025-05-05,NB-1119,1026.0,0.0,15,657.1
2025-05-12,NB-1119,813.0,0.0,15,657.1
2025-05-19,NB-1119,451.0,0.0,15,657.1
2025-05-26,NB-1119,1035.0,0.0,15,657.1
2025-06-02,NB-1119,819.0,0.0,15,657.1
2025-06-09,NB-1119,1211.0,0.0,15,657.1
2025-06-16,NB-1119,892.0,0.0,15,657.1
2025-06-23,NB-1119,588.0,976.0,15,657.1
2025-06-30,NB-1119,302.0,899.0,15,657.1
2025-07-07,NB-1119,0.0,0.0,15,657.1
2025-07-14,NB-1119,522.0,619.0,15,657.1
2025-07-21,NB-1119,865.0,0.0,15,657.1
2025-07-28,NB-1119,1155.0,0.0,15,657.1
2025-08-04,NB-1119,655.0,788.0,15,657.1
2025-08-11,NB-1119,200.0,0.0,15,657.1
2025-08-18,NB-1119,0.0,901.0,15,657.1
2025-08-25,NB-1119,0.0,715.0,15,657.1
2025-09-01,NB-1119,0.0,0.0,15,657.1
2025-09-08,NB-1119,0.0,0.0,15,657.1
2025-09-15,NB-1119,611.0,0.0,15,657.1
2025-09-22,NB-1119,43.0,0.0,15,657.1
2025-09-29,NB-1119,646.0,646.0,15,657.1
2025-10-06,NB-1119,737.0,0.0,15,657.1
2025-10-13,NB-1119,873.0,0.0,15,657.1
2025-10-20,NB-1119,0.0,1009.0,15,657.1
2025-10-27,NB-1119,0.0,870.0,15,657.1
2025-11-03,NB-1119,0.0,0.0,15,657.1
2025-11-10,NB-1119,0.0,0.0,15,657.1
2025-11-17,NB-1119,0.0,623.0,15,657.1
2025-11-24,NB-1119,0.0,0.0,15,657.1
2025-12-01,NB-1119,600.0,0.0,15,657.1
2025-12-08,NB-1119,66.0,0.0,15,657.1
2025-12-15,NB-1119,500.0,0.0,15,657.1
2025-12-22,NB-1119,5.0,966.0,15,657.1
2025-12-29,NB-1119,0.0,910.0,15,657.1
2024-01-01,NB-1120,343.0,0.0,7,224.1
2024-01-08,NB-1120,162.0,304.0,7,224.1
2024-01-15,NB-1120,0.0,0.0,7,224.1
2024-01-22,NB-1120,209.0,0.0,7,224.1
2024-01-29,NB-1120,62.0,328.0,7,224.1
2024-02-05,NB-1120,268.0,0.0,7,224.1
2024-02-12,NB-1120,113.0,0.0,7,224.1
2024-02-19,NB-1120,0.0,0.0,7,224.1
2024-02-26,NB-1120,196.0,0.0,7,224.1
2024-03-04,NB-1120,279.0,0.0,7,224.1
2024-03-11,NB-1120,403.0,0.0,7,224.1
2024-03-18,NB-1120,241.0,0.0,7,224.1
2024-03-25,NB-1120,391.0,313.0,7,224.1
2024-04-01,NB-1120,215.0,299.0,7,224.1
2024-04-08,NB-1120,70.0,0.0,7,224.1
2024-04-15,NB-1120,226.0,0.0,7,224.1
2024-04-22,NB-1120,89.0,260.0,7,224.1
2024-04-29,NB-1120,177.0,297.0,7,224.1
2024-05-06,NB-1120,39.0,0.0,7,224.1
2024-05-13,NB-1120,0.0,0.0,7,224.1
2024-05-20,NB-1120,266.0,0.0,7,224.1
2024-05-27,NB-1120,106.0,0.0,7,224.1
2024-06-03,NB-1120,204.0,337.0,7,224.1
2024-06-10,NB-1120,19.0,0.0,7,224.1
2024-06-17,NB-1120,200.0,309.0,7,224.1
2024-06-24,NB-1120,0.0,0.0,7,224.1
2024-07-01,NB-1120,0.0,0.0,7,224.1
2024-07-08,NB-1120,0.0,328.0,7,224.1
2024-07-15,NB-1120,0.0,0.0,7,224.1
2024-07-22,NB-1120,207.0,0.0,7,224.1
2024-07-29,NB-1120,28.0,0.0,7,224.1
2024-08-05,NB-1120,0.0,0.0,7,224.1
2024-08-12,NB-1120,104.0,337.0,7,224.1
2024-08-19,NB-1120,0.0,0.0,7,224.1
2024-08-26,NB-1120,0.0,336.0,7,224.1
2024-09-02,NB-1120,288.0,0.0,7,224.1
2024-09-09,NB-1120,109.0,0.0,7,224.1
2024-09-16,NB-1120,0.0,268.0,7,224.1
2024-09-23,NB-1120,0.0,0.0,7,224.1
2024-09-30,NB-1120,0.0,0.0,7,224.1
2024-10-07,NB-1120,0.0,0.0,7,224.1
2024-10-14,NB-1120,170.0,0.0,7,224.1
2024-10-21,NB-1120,0.0,0.0,7,224.1
2024-10-28,NB-1120,0.0,0.0,7,224.1
2024-11-04,NB-1120,0.0,247.0,7,224.1
2024-11-11,NB-1120,0.0,0.0,7,224.1
2024-11-18,NB-1120,0.0,0.0,7,224.1
2024-11-25,NB-1120,0.0,242.0,7,224.1
2024-12-02,NB-1120,0.0,0.0,7,224.1
2024-12-09,NB-1120,0.0,208.0,7,224.1
2024-12-16,NB-1120,129.0,0.0,7,224.1
2024-12-23,NB-1120,0.0,0.0,7,224.1
2024-12-30,NB-1120,0.0,0.0,7,224.1
2025-01-06,NB-1120,0.0,329.0,7,224.1
2025-01-13,NB-1120,0.0,0.0,7,224.1
2025-01-20,NB-1120,216.0,0.0,7,224.1
2025-01-27,NB-1120,82.0,0.0,7,224.1
2025-02-03,NB-1120,0.0,0.0,7,224.1
2025-02-10,NB-1120,191.0,0.0,7,224.1
2025-02-17,NB-1120,43.0,0.0,7,224.1
2025-02-24,NB-1120,0.0,302.0,7,224.1
2025-03-03,NB-1120,225.0,0.0,7,224.1
2025-03-10,NB-1120,99.0,0.0,7,224.1
2025-03-17,NB-1120,0.0,0.0,7,224.1
2025-03-24,NB-1120,0.0,0.0,7,224.1
2025-03-31,NB-1120,0.0,275.0,7,224.1
2025-04-07,NB-1120,0.0,0.0,7,224.1
2025-04-14,NB-1120,0.0,0.0,7,224.1
2025-04-21,NB-1120,0.0,0.0,7,224.1
2025-04-28,NB-1120,260.0,0.0,7,224.1
2025-05-05,NB-1120,122.0,0.0,7,224.1
2025-05-12,NB-1120,0.0,0.0,7,224.1
2025-05-19,NB-1120,220.0,0.0,7,224.1
2025-05-26,NB-1120,40.0,0.0,7,224.1
2025-06-02,NB-1120,252.0,0.0,7,224.1
2025-06-09,NB-1120,41.0,278.0,7,224.1
2025-06-16,NB-1120,0.0,0.0,7,224.1
2025-06-23,NB-1120,209.0,0.0,7,224.1
2025-06-30,NB-1120,0.0,0.0,7,224.1
2025-07-07,NB-1120,319.0,319.0,7,224.1
2025-07-14,NB-1120,137.0,0.0,7,224.1
2025-07-21,NB-1120,247.0,247.0,7,224.1
2025-07-28,NB-1120,330.0,0.0,7,224.1
2025-08-04,NB-1120,152.0,0.0,7,224.1
2025-08-11,NB-1120,0.0,0.0,7,224.1
2025-08-18,NB-1120,0.0,324.0,7,224.1
2025-08-25,NB-1120,219.0,219.0,7,224.1
2025-09-01,NB-1120,0.0,0.0,7,224.1
2025-09-08,NB-1120,215.0,215.0,7,224.1
2025-09-15,NB-1120,231.0,0.0,7,224.1
2025-09-22,NB-1120,363.0,0.0,7,224.1
2025-09-29,NB-1120,154.0,0.0,7,224.1
2025-10-06,NB-1120,0.0,0.0,7,224.1
2025-10-13,NB-1120,0.0,0.0,7,224.1
2025-10-20,NB-1120,0.0,0.0,7,224.1
2025-10-27,NB-1120,241.0,241.0,7,224.1
2025-11-03,NB-1120,67.0,0.0,7,224.1
2025-11-10,NB-1120,0.0,0.0,7,224.1
2025-11-17,NB-1120,0.0,0.0,7,224.1
2025-11-24,NB-1120,116.0,0.0,7,224.1
2025-12-01,NB-1120,0.0,0.0,7,224.1
2025-12-08,NB-1120,402.0,214.0,7,224.1
2025-12-15,NB-1120,253.0,0.0,7,224.1
2025-12-22,NB-1120,399.0,0.0,7,224.1
2025-12-29,NB-1120,206.0,312.0,7,224.1
2024-01-01,NB-1121,346.0,0.0,9,370.3
2024-01-08,NB-1121,97.0,401.0,9,370.3
2024-01-15,NB-1121,0.0,392.0,9,370.3
2024-01-22,NB-1121,390.0,0.0,9,370.3
2024-01-29,NB-1121,113.0,446.0,9,370.3
2024-02-05,NB-1121,396.0,0.0,9,370.3
2024-02-12,NB-1121,116.0,0.0,9,370.3
2024-02-19,NB-1121,274.0,0.0,9,370.3
2024-02-26,NB-1121,18.0,0.0,9,370.3
2024-03-04,NB-1121,243.0,0.0,9,370.3
2024-03-11,NB-1121,44.0,0.0,9,370.3
2024-03-18,NB-1121,0.0,0.0,9,370.3
2024-03-25,NB-1121,365.0,0.0,9,370.3
2024-04-01,NB-1121,127.0,414.0,9,370.3
2024-04-08,NB-1121,0.0,0.0,9,370.3
2024-04-15,NB-1121,0.0,520.0,9,370.3
2024-04-22,NB-1121,180.0,0.0,9,370.3
2024-04-29,NB-1121,0.0,0.0,9,370.3
2024-05-06,NB-1121,245.0,0.0,9,370.3
2024-05-13,NB-1121,0.0,0.0,9,370.3
2024-05-20,NB-1121,0.0,0.0,9,370.3
2024-05-27,NB-1121,288.0,0.0,9,370.3
2024-06-03,NB-1121,0.0,0.0,9,370.3
2024-06-10,NB-1121,0.0,0.0,9,370.3
2024-06-17,NB-1121,352.0,352.0,9,370.3
2024-06-24,NB-1121,152.0,0.0,9,370.3
2024-07-01,NB-1121,0.0,0.0,9,370.3
2024-07-08,NB-1121,246.0,0.0,9,370.3
2024-07-15,NB-1121,381.0,0.0,9,370.3
2024-07-22,NB-1121,172.0,0.0,9,370.3
2024-07-29,NB-1121,0.0,0.0,9,370.3
2024-08-05,NB-1121,0.0,0.0,9,370.3
2024-08-12,NB-1121,306.0,0.0,9,370.3
2024-08-19,NB-1121,119.0,0.0,9,370.3
2024-08-26,NB-1121,0.0,0.0,9,370.3
2024-09-02,NB-1121,256.0,0.0,9,370.3
2024-09-09,NB-1121,70.0,0.0,9,370.3
2024-09-16,NB-1121,333.0,0.0,9,370.3
2024-09-23,NB-1121,140.0,0.0,9,370.3
2024-09-30,NB-1121,0.0,0.0,9,370.3
2024-10-07,NB-1121,799.0,0.0,9,370.3
2024-10-14,NB-1121,580.0,0.0,9,370.3
2024-10-21,NB-1121,376.0,0.0,9,370.3
2024-10-28,NB-1121,108.0,569.0,9,370.3
2024-11-04,NB-1121,0.0,0.0,9,370.3
2024-11-11,NB-1121,0.0,0.0,9,370.3
2024-11-18,NB-1121,0.0,0.0,9,370.3
2024-11-25,NB-1121,0.0,0.0,9,370.3
2024-12-02,NB-1121,0.0,0.0,9,370.3
2024-12-09,NB-1121,0.0,0.0,9,370.3
2024-12-16,NB-1121,453.0,0.0,9,370.3
2024-12-23,NB-1121,675.0,0.0,9,370.3
2024-12-30,NB-1121,302.0,0.0,9,370.3
2025-01-06,NB-1121,495.0,0.0,9,370.3
2025-01-13,NB-1121,129.0,401.0,9,370.3
2025-01-20,NB-1121,0.0,0.0,9,370.3
2025-01-27,NB-1121,347.0,347.0,9,370.3
2025-02-03,NB-1121,69.0,556.0,9,370.3
2025-02-10,NB-1121,0.0,0.0,9,370.3
2025-02-17,NB-1121,0.0,536.0,9,370.3
2025-02-24,NB-1121,0.0,476.0,9,370.3
2025-03-03,NB-1121,0.0,0.0,9,370.3
2025-03-10,NB-1121,0.0,412.0,9,370.3
2025-03-17,NB-1121,316.0,521.0,9,370.3
2025-03-24,NB-1121,374.0,0.0,9,370.3
2025-03-31,NB-1121,0.0,0.0,9,370.3
2025-04-07,NB-1121,0.0,0.0,9,370.3
2025-04-14,NB-1121,198.0,0.0,9,370.3
2025-04-21,NB-1121,0.0,0.0,9,370.3
2025-04-28,NB-1121,0.0,0.0,9,370.3
2025-05-05,NB-1121,69.0,0.0,9,370.3
2025-05-12,NB-1121,0.0,491.0,9,370.3
2025-05-19,NB-1121,0.0,0.0,9,370.3
2025-05-26,NB-1121,0.0,0.0,9,370.3
2025-06-02,NB-1121,0.0,0.0,9,370.3
2025-06-09,NB-1121,441.0,441.0,9,370.3
2025-06-16,NB-1121,90.0,0.0,9,370.3
2025-06-23,NB-1121,0.0,564.0,9,370.3
2025-06-30,NB-1121,370.0,518.0,9,370.3
2025-07-07,NB-1121,14.0,0.0,9,370.3
2025-07-14,NB-1121,332.0,0.0,9,370.3
2025-07-21,NB-1121,0.0,0.0,9,370.3
2025-07-28,NB-1121,0.0,0.0,9,370.3
2025-08-04,NB-1121,0.0,0.0,9,370.3
2025-08-11,NB-1121,0.0,452.0,9,370.3
2025-08-18,NB-1121,0.0,0.0,9,370.3
2025-08-25,NB-1121,106.0,356.0,9,370.3
2025-09-01,NB-1121,0.0,470.0,9,370.3
2025-09-08,NB-1121,0.0,502.0,9,370.3
2025-09-15,NB-1121,0.0,443.0,9,370.3
2025-09-22,NB-1121,405.0,0.0,9,370.3
2025-09-29,NB-1121,232.0,0.0,9,370.3
2025-10-06,NB-1121,0.0,0.0,9,370.3
2025-10-13,NB-1121,256.0,0.0,9,370.3
2025-10-20,NB-1121,0.0,0.0,9,370.3
2025-10-27,NB-1121,0.0,0.0,9,370.3
2025-11-03,NB-1121,444.0,0.0,9,370.3
2025-11-10,NB-1121,155.0,0.0,9,370.3
2025-11-17,NB-1121,0.0,0.0,9,370.3
2025-11-24,NB-1121,0.0,0.0,9,370.3
2025-12-01,NB-1121,406.0,0.0,9,370.3
2025-12-08,NB-1121,48.0,0.0,9,370.3
2025-12-15,NB-1121,342.0,0.0,9,370.3
2025-12-22,NB-1121,53.0,501.0,9,370.3
2025-12-29,NB-1121,492.0,0.0,9,370.3
2024-01-01,NB-1122,210.0,0.0,12,491.3
2024-01-08,NB-1122,0.0,0.0,12,491.3
2024-01-15,NB-1122,0.0,0.0,12,491.3
2024-01-22,NB-1122,326.0,738.0,12,491.3
2024-01-29,NB-1122,868.0,720.0,12,491.3
2024-02-05,NB-1122,676.0,0.0,12,491.3
2024-02-12,NB-1122,502.0,0.0,12,491.3
2024-02-19,NB-1122,368.0,530.0,12,491.3
2024-02-26,NB-1122,858.0,0.0,12,491.3
2024-03-04,NB-1122,662.0,0.0,12,491.3
2024-03-11,NB-1122,481.0,0.0,12,491.3
2024-03-18,NB-1122,969.0,0.0,12,491.3
2024-03-25,NB-1122,807.0,0.0,12,491.3
2024-04-01,NB-1122,626.0,0.0,12,491.3
2024-04-08,NB-1122,474.0,0.0,12,491.3
2024-04-15,NB-1122,308.0,0.0,12,491.3
2024-04-22,NB-1122,796.0,671.0,12,491.3
2024-04-29,NB-1122,622.0,0.0,12,491.3
2024-05-06,NB-1122,427.0,0.0,12,491.3
2024-05-13,NB-1122,785.0,588.0,12,491.3
2024-05-20,NB-1122,575.0,0.0,12,491.3
2024-05-27,NB-1122,329.0,608.0,12,491.3
2024-06-03,NB-1122,57.0,0.0,12,491.3
2024-06-10,NB-1122,613.0,613.0,12,491.3
2024-06-17,NB-1122,236.0,0.0,12,491.3
2024-06-24,NB-1122,0.0,0.0,12,491.3
2024-07-01,NB-1122,0.0,0.0,12,491.3
2024-07-08,NB-1122,692.0,692.0,12,491.3
2024-07-15,NB-1122,372.0,0.0,12,491.3
2024-07-22,NB-1122,695.0,0.0,12,491.3
2024-07-29,NB-1122,431.0,638.0,12,491.3
2024-08-05,NB-1122,83.0,0.0,12,491.3
2024-08-12,NB-1122,0.0,0.0,12,491.3
2024-08-19,NB-1122,0.0,0.0,12,491.3
2024-08-26,NB-1122,109.0,0.0,12,491.3
2024-09-02,NB-1122,515.0,0.0,12,491.3
2024-09-09,NB-1122,109.0,0.0,12,491.3
2024-09-16,NB-1122,1136.0,0.0,12,491.3
2024-09-23,NB-1122,736.0,0.0,12,491.3
2024-09-30,NB-1122,399.0,0.0,12,491.3
2024-10-07,NB-1122,640.0,0.0,12,491.3
2024-10-14,NB-1122,269.0,0.0,12,491.3
2024-10-21,NB-1122,560.0,0.0,12,491.3
2024-10-28,NB-1122,124.0,0.0,12,491.3
2024-11-04,NB-1122,0.0,0.0,12,491.3
2024-11-11,NB-1122,0.0,0.0,12,491.3
2024-11-18,NB-1122,0.0,586.0,12,491.3
2024-11-25,NB-1122,0.0,599.0,12,491.3
2024-12-02,NB-1122,549.0,0.0,12,491.3
2024-12-09,NB-1122,739.0,0.0,12,491.3
2024-12-16,NB-1122,398.0,709.0,12,491.3
2024-12-23,NB-1122,709.0,612.0,12,491.3
2024-12-30,NB-1122,351.0,0.0,12,491.3
2025-01-06,NB-1122,0.0,585.0,12,491.3
2025-01-13,NB-1122,498.0,498.0,12,491.3
2025-01-20,NB-1122,233.0,0.0,12,491.3
2025-01-27,NB-1122,0.0,0.0,12,491.3
2025-02-03,NB-1122,0.0,538.0,12,491.3
2025-02-10,NB-1122,670.0,670.0,12,491.3
2025-02-17,NB-1122,444.0,0.0,12,491.3
2025-02-24,NB-1122,777.0,0.0,12,491.3
2025-03-03,NB-1122,408.0,632.0,12,491.3
2025-03-10,NB-1122,148.0,491.0,12,491.3
2025-03-17,NB-1122,483.0,0.0,12,491.3
2025-03-24,NB-1122,260.0,0.0,12,491.3
2025-03-31,NB-1122,0.0,478.0,12,491.3
2025-04-07,NB-1122,0.0,0.0,12,491.3
2025-04-14,NB-1122,0.0,625.0,12,491.3
2025-04-21,NB-1122,0.0,497.0,12,491.3
2025-04-28,NB-1122,0.0,0.0,12,491.3
2025-05-05,NB-1122,0.0,0.0,12,491.3
2025-05-12,NB-1122,0.0,0.0,12,491.3
2025-05-19,NB-1122,0.0,677.0,12,491.3
2025-05-26,NB-1122,0.0,0.0,12,491.3
2025-06-02,NB-1122,455.0,0.0,12,491.3
2025-06-09,NB-1122,83.0,573.0,12,491.3
2025-06-16,NB-1122,0.0,473.0,12,491.3
2025-06-23,NB-1122,0.0,0.0,12,491.3
2025-06-30,NB-1122,821.0,0.0,12,491.3
2025-07-07,NB-1122,433.0,0.0,12,491.3
2025-07-14,NB-1122,0.0,564.0,12,491.3
2025-07-21,NB-1122,0.0,0.0,12,491.3
2025-07-28,NB-1122,0.0,0.0,12,491.3
2025-08-04,NB-1122,0.0,0.0,12,491.3
2025-08-11,NB-1122,534.0,534.0,12,491.3
2025-08-18,NB-1122,518.0,0.0,12,491.3
2025-08-25,NB-1122,0.0,544.0,12,491.3
2025-09-01,NB-1122,0.0,483.0,12,491.3
2025-09-08,NB-1122,0.0,578.0,12,491.3
2025-09-15,NB-1122,900.0,609.0,12,491.3
2025-09-22,NB-1122,413.0,0.0,12,491.3
2025-09-29,NB-1122,0.0,0.0,12,491.3
2025-10-06,NB-1122,468.0,468.0,12,491.3
2025-10-13,NB-1122,536.0,0.0,12,491.3
2025-10-20,NB-1122,0.0,0.0,12,491.3
2025-10-27,NB-1122,0.0,565.0,12,491.3
2025-11-03,NB-1122,0.0,0.0,12,491.3
2025-11-10,NB-1122,0.0,594.0,12,491.3
2025-11-17,NB-1122,0.0,0.0,12,491.3
2025-11-24,NB-1122,0.0,0.0,12,491.3
2025-12-01,NB-1122,0.0,554.0,12,491.3
2025-12-08,NB-1122,592.0,0.0,12,491.3
2025-12-15,NB-1122,732.0,0.0,12,491.3
2025-12-22,NB-1122,270.0,0.0,12,491.3
2025-12-29,NB-1122,0.0,0.0,12,491.3
2024-01-01,NB-1123,238.0,0.0,15,478.4
2024-01-08,NB-1123,101.0,0.0,15,478.4
2024-01-15,NB-1123,12.0,539.0,15,478.4
2024-01-22,NB-1123,0.0,722.0,15,478.4
2024-01-29,NB-1123,0.0,0.0,15,478.4
2024-02-05,NB-1123,381.0,0.0,15,478.4
2024-02-12,NB-1123,237.0,0.0,15,478.4
2024-02-19,NB-1123,593.0,506.0,15,478.4
2024-02-26,NB-1123,459.0,0.0,15,478.4
2024-03-04,NB-1123,302.0,0.0,15,478.4
2024-03-11,NB-1123,161.0,0.0,15,478.4
2024-03-18,NB-1123,3.0,0.0,15,478.4
2024-03-25,NB-1123,0.0,0.0,15,478.4
2024-04-01,NB-1123,0.0,0.0,15,478.4
2024-04-08,NB-1123,523.0,523.0,15,478.4
2024-04-15,NB-1123,932.0,616.0,15,478.4
2024-04-22,NB-1123,741.0,0.0,15,478.4
2024-04-29,NB-1123,574.0,0.0,15,478.4
2024-05-06,NB-1123,341.0,599.0,15,478.4
2024-05-13,NB-1123,195.0,0.0,15,478.4
2024-05-20,NB-1123,0.0,729.0,15,478.4
2024-05-27,NB-1123,489.0,0.0,15,478.4
2024-06-03,NB-1123,1036.0,0.0,15,478.4
2024-06-10,NB-1123,828.0,0.0,15,478.4
2024-06-17,NB-1123,503.0,0.0,15,478.4
2024-06-24,NB-1123,258.0,537.0,15,478.4
2024-07-01,NB-1123,0.0,0.0,15,478.4
2024-07-08,NB-1123,0.0,0.0,15,478.4
2024-07-15,NB-1123,0.0,0.0,15,478.4
2024-07-22,NB-1123,0.0,0.0,15,478.4
2024-07-29,NB-1123,484.0,0.0,15,478.4
2024-08-05,NB-1123,214.0,0.0,15,478.4
2024-08-12,NB-1123,632.0,0.0,15,478.4
2024-08-19,NB-1123,1033.0,0.0,15,478.4
2024-08-26,NB-1123,824.0,0.0,15,478.4
2024-09-02,NB-1123,602.0,0.0,15,478.4
2024-09-09,NB-1123,350.0,0.0,15,478.4
2024-09-16,NB-1123,145.0,0.0,15,478.4
2024-09-23,NB-1123,0.0,0.0,15,478.4
2024-09-30,NB-1123,0.0,0.0,15,478.4
2024-10-07,NB-1123,378.0,0.0,15,478.4
2024-10-14,NB-1123,203.0,0.0,15,478.4
2024-10-21,NB-1123,37.0,0.0,15,478.4
2024-10-28,NB-1123,442.0,0.0,15,478.4
2024-11-04,NB-1123,940.0,0.0,15,478.4
2024-11-11,NB-1123,764.0,0.0,15,478.4
2024-11-18,NB-1123,617.0,0.0,15,478.4
2024-11-25,NB-1123,495.0,0.0,15,478.4
2024-12-02,NB-1123,883.0,0.0,15,478.4
2024-12-09,NB-1123,746.0,0.0,15,478.4
2024-12-16,NB-1123,615.0,0.0,15,478.4
2024-12-23,NB-1123,498.0,0.0,15,478.4
2024-12-30,NB-1123,350.0,0.0,15,478.4
2025-01-06,NB-1123,900.0,706.0,15,478.4
2025-01-13,NB-1123,747.0,0.0,15,478.4
2025-01-20,NB-1123,594.0,0.0,15,478.4
2025-01-27,NB-1123,401.0,530.0,15,478.4
2025-02-03,NB-1123,265.0,0.0,15,478.4
2025-02-10,NB-1123,93.0,0.0,15,478.4
2025-02-17,NB-1123,433.0,0.0,15,478.4
2025-02-24,NB-1123,237.0,470.0,15,478.4
2025-03-03,NB-1123,0.0,0.0,15,478.4
2025-03-10,NB-1123,0.0,636.0,15,478.4
2025-03-17,NB-1123,537.0,0.0,15,478.4
2025-03-24,NB-1123,355.0,510.0,15,478.4
2025-03-31,NB-1123,129.0,631.0,15,478.4
2025-04-07,NB-1123,0.0,0.0,15,478.4
2025-04-14,NB-1123,529.0,0.0,15,478.4
2025-04-21,NB-1123,1056.0,0.0,15,478.4
2025-04-28,NB-1123,876.0,0.0,15,478.4
2025-05-05,NB-1123,627.0,0.0,15,478.4
2025-05-12,NB-1123,351.0,546.0,15,478.4
2025-05-19,NB-1123,717.0,0.0,15,478.4
2025-05-26,NB-1123,467.0,0.0,15,478.4
2025-06-02,NB-1123,773.0,0.0,15,478.4
2025-06-09,NB-1123,525.0,0.0,15,478.4
2025-06-16,NB-1123,329.0,0.0,15,478.4
2025-06-23,NB-1123,107.0,0.0,15,478.4
2025-06-30,NB-1123,0.0,0.0,15,478.4
2025-07-07,NB-1123,0.0,0.0,15,478.4
2025-07-14,NB-1123,0.0,564.0,15,478.4
2025-07-21,NB-1123,154.0,492.0,15,478.4
2025-07-28,NB-1123,0.0,0.0,15,478.4
2025-08-04,NB-1123,654.0,654.0,15,478.4
2025-08-11,NB-1123,320.0,600.0,15,478.4
2025-08-18,NB-1123,10.0,515.0,15,478.4
2025-08-25,NB-1123,0.0,0.0,15,478.4
2025-09-01,NB-1123,0.0,467.0,15,478.4
2025-09-08,NB-1123,848.0,0.0,15,478.4
2025-09-15,NB-1123,597.0,0.0,15,478.4
2025-09-22,NB-1123,983.0,618.0,15,478.4
2025-09-29,NB-1123,744.0,0.0,15,478.4
2025-10-06,NB-1123,458.0,0.0,15,478.4
2025-10-13,NB-1123,226.0,567.0,15,478.4
2025-10-20,NB-1123,0.0,666.0,15,478.4
2025-10-27,NB-1123,970.0,0.0,15,478.4
2025-11-03,NB-1123,762.0,0.0,15,478.4
2025-11-10,NB-1123,585.0,0.0,15,478.4
2025-11-17,NB-1123,361.0,0.0,15,478.4
2025-11-24,NB-1123,572.0,0.0,15,478.4
2025-12-01,NB-1123,856.0,0.0,15,478.4
2025-12-08,NB-1123,694.0,0.0,15,478.4
2025-12-15,NB-1123,541.0,0.0,15,478.4
2025-12-22,NB-1123,889.0,0.0,15,478.4
2025-12-29,NB-1123,678.0,0.0,15,478.4
2024-01-01,NB-1124,298.0,0.0,8,261.6
2024-01-08,NB-1124,89.0,349.0,8,261.6
2024-01-15,NB-1124,0.0,0.0,8,261.6
2024-01-22,NB-1124,0.0,0.0,8,261.6
2024-01-29,NB-1124,202.0,0.0,8,261.6
2024-02-05,NB-1124,0.0,0.0,8,261.6
2024-02-12,NB-1124,262.0,262.0,8,261.6
2024-02-19,NB-1124,25.0,0.0,8,261.6
2024-02-26,NB-1124,0.0,375.0,8,261.6
2024-03-04,NB-1124,0.0,0.0,8,261.6
2024-03-11,NB-1124,0.0,0.0,8,261.6
2024-03-18,NB-1124,0.0,398.0,8,261.6
2024-03-25,NB-1124,0.0,386.0,8,261.6
2024-04-01,NB-1124,0.0,0.0,8,261.6
2024-04-08,NB-1124,198.0,379.0,8,261.6
2024-04-15,NB-1124,281.0,0.0,8,261.6
2024-04-22,NB-1124,417.0,0.0,8,261.6
2024-04-29,NB-1124,193.0,0.0,8,261.6
2024-05-06,NB-1124,0.0,375.0,8,261.6
2024-05-13,NB-1124,278.0,0.0,8,261.6
2024-05-20,NB-1124,129.0,379.0,8,261.6
2024-05-27,NB-1124,0.0,0.0,8,261.6
2024-06-03,NB-1124,229.0,286.0,8,261.6
2024-06-10,NB-1124,469.0,366.0,8,261.6
2024-06-17,NB-1124,248.0,397.0,8,261.6
2024-06-24,NB-1124,375.0,0.0,8,261.6
2024-07-01,NB-1124,245.0,0.0,8,261.6
2024-07-08,NB-1124,520.0,0.0,8,261.6
2024-07-15,NB-1124,424.0,0.0,8,261.6
2024-07-22,NB-1124,327.0,0.0,8,261.6
2024-07-29,NB-1124,224.0,0.0,8,261.6
2024-08-05,NB-1124,123.0,0.0,8,261.6
2024-08-12,NB-1124,24.0,250.0,8,261.6
2024-08-19,NB-1124,284.0,0.0,8,261.6
2024-08-26,NB-1124,542.0,370.0,8,261.6
2024-09-02,NB-1124,447.0,0.0,8,261.6
2024-09-09,NB-1124,314.0,0.0,8,261.6
2024-09-16,NB-1124,201.0,0.0,8,261.6
2024-09-23,NB-1124,404.0,0.0,8,261.6
2024-09-30,NB-1124,272.0,0.0,8,261.6
2024-10-07,NB-1124,431.0,0.0,8,261.6
2024-10-14,NB-1124,286.0,0.0,8,261.6
2024-10-21,NB-1124,112.0,376.0,8,261.6
2024-10-28,NB-1124,0.0,242.0,8,261.6
2024-11-04,NB-1124,0.0,0.0,8,261.6
2024-11-11,NB-1124,0.0,0.0,8,261.6
2024-11-18,NB-1124,0.0,327.0,8,261.6
2024-11-25,NB-1124,0.0,0.0,8,261.6
2024-12-02,NB-1124,278.0,278.0,8,261.6
2024-12-09,NB-1124,0.0,0.0,8,261.6
2024-12-16,NB-1124,124.0,0.0,8,261.6
2024-12-23,NB-1124,0.0,0.0,8,261.6
2024-12-30,NB-1124,365.0,365.0,8,261.6
2025-01-06,NB-1124,0.0,352.0,8,261.6
2025-01-13,NB-1124,322.0,0.0,8,261.6
2025-01-20,NB-1124,14.0,0.0,8,261.6
2025-01-27,NB-1124,0.0,293.0,8,261.6
2025-02-03,NB-1124,0.0,0.0,8,261.6
2025-02-10,NB-1124,364.0,0.0,8,261.6
2025-02-17,NB-1124,52.0,0.0,8,261.6
2025-02-24,NB-1124,0.0,362.0,8,261.6
2025-03-03,NB-1124,0.0,375.0,8,261.6
2025-03-10,NB-1124,165.0,0.0,8,261.6
2025-03-17,NB-1124,0.0,282.0,8,261.6
2025-03-24,NB-1124,0.0,0.0,8,261.6
2025-03-31,NB-1124,0.0,0.0,8,261.6
2025-04-07,NB-1124,0.0,0.0,8,261.6
2025-04-14,NB-1124,314.0,314.0,8,261.6
2025-04-21,NB-1124,78.0,0.0,8,261.6
2025-04-28,NB-1124,0.0,0.0,8,261.6
2025-05-05,NB-1124,0.0,0.0,8,261.6
2025-05-12,NB-1124,250.0,0.0,8,261.6
2025-05-19,NB-1124,564.0,305.0,8,261.6
2025-05-26,NB-1124,349.0,0.0,8,261.6
2025-06-02,NB-1124,500.0,338.0,8,261.6
2025-06-09,NB-1124,294.0,0.0,8,261.6
2025-06-16,NB-1124,476.0,0.0,8,261.6
2025-06-23,NB-1124,320.0,0.0,8,261.6
2025-06-30,NB-1124,150.0,0.0,8,261.6
2025-07-07,NB-1124,20.0,0.0,8,261.6
2025-07-14,NB-1124,0.0,317.0,8,261.6
2025-07-21,NB-1124,0.0,350.0,8,261.6
2025-07-28,NB-1124,0.0,353.0,8,261.6
2025-08-04,NB-1124,283.0,0.0,8,261.6
2025-08-11,NB-1124,508.0,0.0,8,261.6
2025-08-18,NB-1124,393.0,0.0,8,261.6
2025-08-25,NB-1124,252.0,320.0,8,261.6
2025-09-01,NB-1124,380.0,350.0,8,261.6
2025-09-08,NB-1124,491.0,0.0,8,261.6
2025-09-15,NB-1124,309.0,0.0,8,261.6
2025-09-22,NB-1124,465.0,0.0,8,261.6
2025-09-29,NB-1124,266.0,0.0,8,261.6
2025-10-06,NB-1124,373.0,0.0,8,261.6
2025-10-13,NB-1124,134.0,0.0,8,261.6
2025-10-20,NB-1124,215.0,0.0,8,261.6
2025-10-27,NB-1124,0.0,0.0,8,261.6
2025-11-03,NB-1124,0.0,0.0,8,261.6
2025-11-10,NB-1124,0.0,0.0,8,261.6
2025-11-17,NB-1124,0.0,0.0,8,261.6
2025-11-24,NB-1124,181.0,0.0,8,261.6
2025-12-01,NB-1124,0.0,0.0,8,261.6
2025-12-08,NB-1124,0.0,0.0,8,261.6
2025-12-15,NB-1124,16.0,335.0,8,261.6
2025-12-22,NB-1124,612.0,387.0,8,261.6
2025-12-29,NB-1124,232.0,0.0,8,261.6
2024-01-01,NB-1125,256.0,0.0,10,37.4
2024-01-08,NB-1125,233.0,0.0,10,37.4
2024-01-15,NB-1125,213.0,0.0,10,37.4
2024-01-22,NB-1125,184.0,0.0,10,37.4
2024-01-29,NB-1125,157.0,0.0,10,37.4
2024-02-05,NB-1125,143.0,0.0,10,37.4
2024-02-12,NB-1125,125.0,0.0,10,37.4
2024-02-19,NB-1125,98.0,0.0,10,37.4
2024-02-26,NB-1125,78.0,0.0,10,37.4
2024-03-04,NB-1125,47.0,0.0,10,37.4
2024-03-11,NB-1125,28.0,0.0,10,37.4
2024-03-18,NB-1125,10.0,0.0,10,37.4
2024-03-25,NB-1125,0.0,40.0,10,37.4
2024-04-01,NB-1125,50.0,50.0,10,37.4
2024-04-08,NB-1125,84.0,52.0,10,37.4
2024-04-15,NB-1125,63.0,0.0,10,37.4
2024-04-22,NB-1125,49.0,0.0,10,37.4
2024-04-29,NB-1125,42.0,0.0,10,37.4
2024-05-06,NB-1125,29.0,0.0,10,37.4
2024-05-13,NB-1125,13.0,42.0,10,37.4
2024-05-20,NB-1125,0.0,0.0,10,37.4
2024-05-27,NB-1125,37.0,0.0,10,37.4
2024-06-03,NB-1125,25.0,0.0,10,37.4
2024-06-10,NB-1125,4.0,0.0,10,37.4
2024-06-17,NB-1125,85.0,52.0,10,37.4
2024-06-24,NB-1125,68.0,0.0,10,37.4
2024-07-01,NB-1125,51.0,0.0,10,37.4
2024-07-08,NB-1125,36.0,0.0,10,37.4
2024-07-15,NB-1125,18.0,46.0,10,37.4
2024-07-22,NB-1125,37.0,0.0,10,37.4
2024-07-29,NB-1125,58.0,54.0,10,37.4
2024-08-05,NB-1125,42.0,0.0,10,37.4
2024-08-12,NB-1125,17.0,36.0,10,37.4
2024-08-19,NB-1125,38.0,0.0,10,37.4
2024-08-26,NB-1125,21.0,54.0,10,37.4
2024-09-02,NB-1125,9.0,0.0,10,37.4
2024-09-09,NB-1125,0.0,0.0,10,37.4
2024-09-16,NB-1125,0.0,0.0,10,37.4
2024-09-23,NB-1125,0.0,37.0,10,37.4
2024-09-30,NB-1125,0.0,45.0,10,37.4
2024-10-07,NB-1125,0.0,0.0,10,37.4
2024-10-14,NB-1125,0.0,0.0,10,37.4
2024-10-21,NB-1125,0.0,0.0,10,37.4
2024-10-28,NB-1125,0.0,55.0,10,37.4
2024-11-04,NB-1125,0.0,0.0,10,37.4
2024-11-11,NB-1125,0.0,56.0,10,37.4
2024-11-18,NB-1125,13.0,0.0,10,37.4
2024-11-25,NB-1125,83.0,55.0,10,37.4
2024-12-02,NB-1125,51.0,0.0,10,37.4
2024-12-09,NB-1125,9.0,0.0,10,37.4
2024-12-16,NB-1125,0.0,0.0,10,37.4
2024-12-23,NB-1125,0.0,46.0,10,37.4
2024-12-30,NB-1125,41.0,0.0,10,37.4
2025-01-06,NB-1125,4.0,0.0,10,37.4
2025-01-13,NB-1125,42.0,0.0,10,37.4
2025-01-20,NB-1125,21.0,0.0,10,37.4
2025-01-27,NB-1125,0.0,55.0,10,37.4
2025-02-03,NB-1125,0.0,39.0,10,37.4
2025-02-10,NB-1125,0.0,0.0,10,37.4
2025-02-17,NB-1125,0.0,54.0,10,37.4
2025-02-24,NB-1125,0.0,0.0,10,37.4
2025-03-03,NB-1125,0.0,0.0,10,37.4
2025-03-10,NB-1125,20.0,0.0,10,37.4
2025-03-17,NB-1125,0.0,39.0,10,37.4
2025-03-24,NB-1125,0.0,57.0,10,37.4
2025-03-31,NB-1125,13.0,0.0,10,37.4
2025-04-07,NB-1125,0.0,0.0,10,37.4
2025-04-14,NB-1125,0.0,42.0,10,37.4
2025-04-21,NB-1125,0.0,0.0,10,37.4
2025-04-28,NB-1125,47.0,0.0,10,37.4
2025-05-05,NB-1125,15.0,0.0,10,37.4
2025-05-12,NB-1125,0.0,0.0,10,37.4
2025-05-19,NB-1125,12.0,0.0,10,37.4
2025-05-26,NB-1125,0.0,55.0,10,37.4
2025-06-02,NB-1125,0.0,47.0,10,37.4
2025-06-09,NB-1125,43.0,0.0,10,37.4
2025-06-16,NB-1125,58.0,0.0,10,37.4
2025-06-23,NB-1125,25.0,43.0,10,37.4
2025-06-30,NB-1125,50.0,0.0,10,37.4
2025-07-07,NB-1125,15.0,44.0,10,37.4
2025-07-14,NB-1125,0.0,0.0,10,37.4
2025-07-21,NB-1125,37.0,0.0,10,37.4
2025-07-28,NB-1125,0.0,0.0,10,37.4
2025-08-04,NB-1125,0.0,0.0,10,37.4
2025-08-11,NB-1125,0.0,0.0,10,37.4
2025-08-18,NB-1125,0.0,42.0,10,37.4
2025-08-25,NB-1125,0.0,56.0,10,37.4
2025-09-01,NB-1125,11.0,0.0,10,37.4
2025-09-08,NB-1125,0.0,0.0,10,37.4
2025-09-15,NB-1125,0.0,0.0,10,37.4
2025-09-22,NB-1125,33.0,0.0,10,37.4
2025-09-29,NB-1125,0.0,0.0,10,37.4
2025-10-06,NB-1125,0.0,38.0,10,37.4
2025-10-13,NB-1125,31.0,0.0,10,37.4
2025-10-20,NB-1125,14.0,0.0,10,37.4
2025-10-27,NB-1125,14.0,0.0,10,37.4
2025-11-03,NB-1125,0.0,0.0,10,37.4
2025-11-10,NB-1125,0.0,42.0,10,37.4
2025-11-17,NB-1125,20.0,0.0,10,37.4
2025-11-24,NB-1125,18.0,0.0,10,37.4
2025-12-01,NB-1125,0.0,0.0,10,37.4
2025-12-08,NB-1125,0.0,0.0,10,37.4
2025-12-15,NB-1125,0.0,0.0,10,37.4
2025-12-22,NB-1125,0.0,0.0,10,37.4
2025-12-29,NB-1125,0.0,0.0,10,37.4
2024-01-01,NB-1126,169.0,0.0,18,446.3
2024-01-08,NB-1126,0.0,0.0,18,446.3
2024-01-15,NB-1126,0.0,663.0,18,446.3
2024-01-22,NB-1126,0.0,0.0,18,446.3
2024-01-29,NB-1126,561.0,0.0,18,446.3
2024-02-05,NB-1126,431.0,0.0,18,446.3
2024-02-12,NB-1126,281.0,0.0,18,446.3
2024-02-19,NB-1126,153.0,0.0,18,446.3
2024-02-26,NB-1126,73.0,0.0,18,446.3
2024-03-04,NB-1126,0.0,0.0,18,446.3
2024-03-11,NB-1126,551.0,0.0,18,446.3
2024-03-18,NB-1126,474.0,0.0,18,446.3
2024-03-25,NB-1126,828.0,0.0,18,446.3
2024-04-01,NB-1126,739.0,0.0,18,446.3
2024-04-08,NB-1126,682.0,0.0,18,446.3
2024-04-15,NB-1126,596.0,0.0,18,446.3
2024-04-22,NB-1126,503.0,0.0,18,446.3
2024-04-29,NB-1126,928.0,487.0,18,446.3
2024-05-06,NB-1126,855.0,0.0,18,446.3
2024-05-13,NB-1126,770.0,0.0,18,446.3
2024-05-20,NB-1126,705.0,0.0,18,446.3
2024-05-27,NB-1126,636.0,0.0,18,446.3
2024-06-03,NB-1126,530.0,0.0,18,446.3
2024-06-10,NB-1126,440.0,0.0,18,446.3
2024-06-17,NB-1126,322.0,0.0,18,446.3
2024-06-24,NB-1126,219.0,0.0,18,446.3
2024-07-01,NB-1126,121.0,487.0,18,446.3
2024-07-08,NB-1126,585.0,585.0,18,446.3
2024-07-15,NB-1126,481.0,0.0,18,446.3
2024-07-22,NB-1126,376.0,0.0,18,446.3
2024-07-29,NB-1126,263.0,452.0,18,446.3
2024-08-05,NB-1126,162.0,537.0,18,446.3
2024-08-12,NB-1126,34.0,526.0,18,446.3
2024-08-19,NB-1126,462.0,0.0,18,446.3
2024-08-26,NB-1126,346.0,0.0,18,446.3
2024-09-02,NB-1126,189.0,0.0,18,446.3
2024-09-09,NB-1126,36.0,0.0,18,446.3
2024-09-16,NB-1126,0.0,0.0,18,446.3
2024-09-23,NB-1126,559.0,559.0,18,446.3
2024-09-30,NB-1126,427.0,0.0,18,446.3
2024-10-07,NB-1126,173.0,0.0,18,446.3
2024-10-14,NB-1126,0.0,0.0,18,446.3
2024-10-21,NB-1126,0.0,552.0,18,446.3
2024-10-28,NB-1126,0.0,686.0,18,446.3
2024-11-04,NB-1126,0.0,0.0,18,446.3
2024-11-11,NB-1126,0.0,0.0,18,446.3
2024-11-18,NB-1126,426.0,426.0,18,446.3
2024-11-25,NB-1126,817.0,0.0,18,446.3
2024-12-02,NB-1126,651.0,0.0,18,446.3
2024-12-09,NB-1126,470.0,0.0,18,446.3
2024-12-16,NB-1126,335.0,672.0,18,446.3
2024-12-23,NB-1126,815.0,0.0,18,446.3
2024-12-30,NB-1126,656.0,0.0,18,446.3
2025-01-06,NB-1126,488.0,0.0,18,446.3
2025-01-13,NB-1126,340.0,0.0,18,446.3
2025-01-20,NB-1126,784.0,0.0,18,446.3
2025-01-27,NB-1126,661.0,0.0,18,446.3
2025-02-03,NB-1126,538.0,0.0,18,446.3
2025-02-10,NB-1126,435.0,0.0,18,446.3
2025-02-17,NB-1126,363.0,0.0,18,446.3
2025-02-24,NB-1126,281.0,0.0,18,446.3
2025-03-03,NB-1126,775.0,0.0,18,446.3
2025-03-10,NB-1126,709.0,0.0,18,446.3
2025-03-17,NB-1126,649.0,0.0,18,446.3
2025-03-24,NB-1126,587.0,0.0,18,446.3
2025-03-31,NB-1126,506.0,0.0,18,446.3
2025-04-07,NB-1126,432.0,576.0,18,446.3
2025-04-14,NB-1126,388.0,0.0,18,446.3
2025-04-21,NB-1126,324.0,415.0,18,446.3
2025-04-28,NB-1126,268.0,531.0,18,446.3
2025-05-05,NB-1126,212.0,0.0,18,446.3
2025-05-12,NB-1126,147.0,0.0,18,446.3
2025-05-19,NB-1126,711.0,0.0,18,446.3
2025-05-26,NB-1126,662.0,0.0,18,446.3
2025-06-02,NB-1126,602.0,0.0,18,446.3
2025-06-09,NB-1126,521.0,0.0,18,446.3
2025-06-16,NB-1126,457.0,0.0,18,446.3
2025-06-23,NB-1126,357.0,0.0,18,446.3
2025-06-30,NB-1126,270.0,0.0,18,446.3
2025-07-07,NB-1126,781.0,0.0,18,446.3
2025-07-14,NB-1126,681.0,0.0,18,446.3
2025-07-21,NB-1126,543.0,0.0,18,446.3
2025-07-28,NB-1126,411.0,573.0,18,446.3
2025-08-04,NB-1126,287.0,471.0,18,446.3
2025-08-11,NB-1126,160.0,0.0,18,446.3
2025-08-18,NB-1126,595.0,0.0,18,446.3
2025-08-25,NB-1126,463.0,0.0,18,446.3
2025-09-01,NB-1126,298.0,497.0,18,446.3
2025-09-08,NB-1126,757.0,0.0,18,446.3
2025-09-15,NB-1126,578.0,0.0,18,446.3
2025-09-22,NB-1126,409.0,0.0,18,446.3
2025-09-29,NB-1126,231.0,0.0,18,446.3
2025-10-06,NB-1126,54.0,0.0,18,446.3
2025-10-13,NB-1126,517.0,0.0,18,446.3
2025-10-20,NB-1126,242.0,0.0,18,446.3
2025-10-27,NB-1126,597.0,0.0,18,446.3
2025-11-03,NB-1126,380.0,0.0,18,446.3
2025-11-10,NB-1126,237.0,619.0,18,446.3
2025-11-17,NB-1126,0.0,505.0,18,446.3
2025-11-24,NB-1126,621.0,0.0,18,446.3
2025-12-01,NB-1126,466.0,0.0,18,446.3
2025-12-08,NB-1126,335.0,0.0,18,446.3
2025-12-15,NB-1126,572.0,0.0,18,446.3
2025-12-22,NB-1126,429.0,0.0,18,446.3
2025-12-29,NB-1126,311.0,0.0,18,446.3
2024-01-01,NB-1127,246.0,0.0,15,622.3
2024-01-08,NB-1127,64.0,835.0,15,622.3
2024-01-15,NB-1127,707.0,0.0,15,622.3
2024-01-22,NB-1127,517.0,0.0,15,622.3
2024-01-29,NB-1127,912.0,0.0,15,622.3
2024-02-05,NB-1127,746.0,0.0,15,622.3
2024-02-12,NB-1127,531.0,0.0,15,622.3
2024-02-19,NB-1127,321.0,0.0,15,622.3
2024-02-26,NB-1127,809.0,0.0,15,622.3
2024-03-04,NB-1127,578.0,0.0,15,622.3
2024-03-11,NB-1127,366.0,0.0,15,622.3
2024-03-18,NB-1127,139.0,0.0,15,622.3
2024-03-25,NB-1127,0.0,0.0,15,622.3
2024-04-01,NB-1127,0.0,0.0,15,622.3
2024-04-08,NB-1127,0.0,0.0,15,622.3
2024-04-15,NB-1127,0.0,653.0,15,622.3
2024-04-22,NB-1127,725.0,0.0,15,622.3
2024-04-29,NB-1127,415.0,0.0,15,622.3
2024-05-06,NB-1127,195.0,776.0,15,622.3
2024-05-13,NB-1127,0.0,0.0,15,622.3
2024-05-20,NB-1127,791.0,0.0,15,622.3
2024-05-27,NB-1127,1443.0,0.0,15,622.3
2024-06-03,NB-1127,1181.0,0.0,15,622.3
2024-06-10,NB-1127,910.0,0.0,15,622.3
2024-06-17,NB-1127,525.0,0.0,15,622.3
2024-06-24,NB-1127,252.0,0.0,15,622.3
2024-07-01,NB-1127,3.0,0.0,15,622.3
2024-07-08,NB-1127,1281.0,0.0,15,622.3
2024-07-15,NB-1127,1044.0,0.0,15,622.3
2024-07-22,NB-1127,806.0,0.0,15,622.3
2024-07-29,NB-1127,570.0,0.0,15,622.3
2024-08-05,NB-1127,921.0,0.0,15,622.3
2024-08-12,NB-1127,738.0,0.0,15,622.3
2024-08-19,NB-1127,1168.0,0.0,15,622.3
2024-08-26,NB-1127,958.0,0.0,15,622.3
2024-09-02,NB-1127,740.0,0.0,15,622.3
2024-09-09,NB-1127,563.0,0.0,15,622.3
2024-09-16,NB-1127,392.0,0.0,15,622.3
2024-09-23,NB-1127,196.0,844.0,15,622.3
2024-09-30,NB-1127,20.0,768.0,15,622.3
2024-10-07,NB-1127,0.0,0.0,15,622.3
2024-10-14,NB-1127,0.0,0.0,15,622.3
2024-10-21,NB-1127,0.0,630.0,15,622.3
2024-10-28,NB-1127,0.0,708.0,15,622.3
2024-11-04,NB-1127,0.0,0.0,15,622.3
2024-11-11,NB-1127,833.0,0.0,15,622.3
2024-11-18,NB-1127,630.0,0.0,15,622.3
2024-11-25,NB-1127,441.0,0.0,15,622.3
2024-12-02,NB-1127,263.0,677.0,15,622.3
2024-12-09,NB-1127,125.0,0.0,15,622.3
2024-12-16,NB-1127,769.0,0.0,15,622.3
2024-12-23,NB-1127,616.0,700.0,15,622.3
2024-12-30,NB-1127,452.0,0.0,15,622.3
2025-01-06,NB-1127,1092.0,0.0,15,622.3
2025-01-13,NB-1127,921.0,0.0,15,622.3
2025-01-20,NB-1127,719.0,0.0,15,622.3
2025-01-27,NB-1127,524.0,0.0,15,622.3
2025-02-03,NB-1127,1276.0,0.0,15,622.3
2025-02-10,NB-1127,1076.0,0.0,15,622.3
2025-02-17,NB-1127,904.0,0.0,15,622.3
2025-02-24,NB-1127,675.0,0.0,15,622.3
2025-03-03,NB-1127,374.0,0.0,15,622.3
2025-03-10,NB-1127,786.0,0.0,15,622.3
2025-03-17,NB-1127,566.0,0.0,15,622.3
2025-03-24,NB-1127,354.0,0.0,15,622.3
2025-03-31,NB-1127,76.0,947.0,15,622.3
2025-04-07,NB-1127,0.0,792.0,15,622.3
2025-04-14,NB-1127,0.0,0.0,15,622.3
2025-04-21,NB-1127,0.0,0.0,15,622.3
2025-04-28,NB-1127,774.0,774.0,15,622.3
2025-05-05,NB-1127,538.0,0.0,15,622.3
2025-05-12,NB-1127,246.0,0.0,15,622.3
2025-05-19,NB-1127,544.0,0.0,15,622.3
2025-05-26,NB-1127,321.0,808.0,15,622.3
2025-06-02,NB-1127,839.0,0.0,15,622.3
2025-06-09,NB-1127,583.0,0.0,15,622.3
2025-06-16,NB-1127,318.0,0.0,15,622.3
2025-06-23,NB-1127,694.0,0.0,15,622.3
2025-06-30,NB-1127,416.0,0.0,15,622.3
2025-07-07,NB-1127,180.0,0.0,15,622.3
2025-07-14,NB-1127,0.0,0.0,15,622.3
2025-07-21,NB-1127,446.0,0.0,15,622.3
2025-07-28,NB-1127,949.0,0.0,15,622.3
2025-08-04,NB-1127,754.0,0.0,15,622.3
2025-08-11,NB-1127,1262.0,0.0,15,622.3
2025-08-18,NB-1127,992.0,0.0,15,622.3
2025-08-25,NB-1127,803.0,0.0,15,622.3
2025-09-01,NB-1127,501.0,0.0,15,622.3
2025-09-08,NB-1127,193.0,0.0,15,622.3
2025-09-15,NB-1127,0.0,0.0,15,622.3
2025-09-22,NB-1127,0.0,733.0,15,622.3
2025-09-29,NB-1127,0.0,0.0,15,622.3
2025-10-06,NB-1127,0.0,0.0,15,622.3
2025-10-13,NB-1127,0.0,0.0,15,622.3
2025-10-20,NB-1127,801.0,0.0,15,622.3
2025-10-27,NB-1127,642.0,0.0,15,622.3
2025-11-03,NB-1127,1171.0,706.0,15,622.3
2025-11-10,NB-1127,990.0,0.0,15,622.3
2025-11-17,NB-1127,781.0,0.0,15,622.3
2025-11-24,NB-1127,577.0,0.0,15,622.3
2025-12-01,NB-1127,426.0,0.0,15,622.3
2025-12-08,NB-1127,264.0,957.0,15,622.3
2025-12-15,NB-1127,922.0,797.0,15,622.3
2025-12-22,NB-1127,759.0,0.0,15,622.3
2025-12-29,NB-1127,576.0,0.0,15,622.3
2024-01-01,NB-1128,315.0,0.0,10,64.3
2024-01-08,NB-1128,287.0,0.0,10,64.3
2024-01-15,NB-1128,258.0,0.0,10,64.3
2024-01-22,NB-1128,234.0,0.0,10,64.3
2024-01-29,NB-1128,202.0,0.0,10,64.3
2024-02-05,NB-1128,159.0,0.0,10,64.3
2024-02-12,NB-1128,127.0,0.0,10,64.3
2024-02-19,NB-1128,101.0,0.0,10,64.3
2024-02-26,NB-1128,69.0,0.0,10,64.3
2024-03-04,NB-1128,28.0,75.0,10,64.3
2024-03-11,NB-1128,68.0,0.0,10,64.3
2024-03-18,NB-1128,18.0,0.0,10,64.3
2024-03-25,NB-1128,0.0,0.0,10,64.3
2024-04-01,NB-1128,0.0,81.0,10,64.3
2024-04-08,NB-1128,62.0,72.0,10,64.3
2024-04-15,NB-1128,21.0,0.0,10,64.3
2024-04-22,NB-1128,39.0,85.0,10,64.3
2024-04-29,NB-1128,1.0,0.0,10,64.3
2024-05-06,NB-1128,0.0,0.0,10,64.3
2024-05-13,NB-1128,0.0,0.0,10,64.3
2024-05-20,NB-1128,0.0,0.0,10,64.3
2024-05-27,NB-1128,139.0,0.0,10,64.3
2024-06-03,NB-1128,94.0,0.0,10,64.3
2024-06-10,NB-1128,52.0,0.0,10,64.3
2024-06-17,NB-1128,83.0,0.0,10,64.3
2024-06-24,NB-1128,119.0,0.0,10,64.3
2024-07-01,NB-1128,80.0,0.0,10,64.3
2024-07-08,NB-1128,47.0,0.0,10,64.3
2024-07-15,NB-1128,16.0,0.0,10,64.3
2024-07-22,NB-1128,0.0,0.0,10,64.3
2024-07-29,NB-1128,29.0,77.0,10,64.3
2024-08-05,NB-1128,0.0,0.0,10,64.3
2024-08-12,NB-1128,0.0,0.0,10,64.3
2024-08-19,NB-1128,0.0,0.0,10,64.3
2024-08-26,NB-1128,69.0,0.0,10,64.3
2024-09-02,NB-1128,114.0,0.0,10,64.3
2024-09-09,NB-1128,90.0,0.0,10,64.3
2024-09-16,NB-1128,75.0,0.0,10,64.3
2024-09-23,NB-1128,34.0,0.0,10,64.3
2024-09-30,NB-1128,13.0,0.0,10,64.3
2024-10-07,NB-1128,0.0,0.0,10,64.3
2024-10-14,NB-1128,0.0,0.0,10,64.3
2024-10-21,NB-1128,0.0,70.0,10,64.3
2024-10-28,NB-1128,60.0,0.0,10,64.3
2024-11-04,NB-1128,43.0,82.0,10,64.3
2024-11-11,NB-1128,16.0,73.0,10,64.3
2024-11-18,NB-1128,0.0,68.0,10,64.3
2024-11-25,NB-1128,56.0,0.0,10,64.3
2024-12-02,NB-1128,126.0,94.0,10,64.3
2024-12-09,NB-1128,101.0,0.0,10,64.3
2024-12-16,NB-1128,78.0,0.0,10,64.3
2024-12-23,NB-1128,49.0,95.0,10,64.3
2024-12-30,NB-1128,10.0,0.0,10,64.3
2025-01-06,NB-1128,0.0,0.0,10,64.3
2025-01-13,NB-1128,70.0,0.0,10,64.3
2025-01-20,NB-1128,30.0,78.0,10,64.3
2025-01-27,NB-1128,0.0,97.0,10,64.3
2025-02-03,NB-1128,74.0,0.0,10,64.3
2025-02-10,NB-1128,22.0,0.0,10,64.3
2025-02-17,NB-1128,0.0,0.0,10,64.3
2025-02-24,NB-1128,0.0,0.0,10,64.3
2025-03-03,NB-1128,64.0,64.0,10,64.3
2025-03-10,NB-1128,94.0,88.0,10,64.3
2025-03-17,NB-1128,54.0,0.0,10,64.3
2025-03-24,NB-1128,0.0,0.0,10,64.3
2025-03-31,NB-1128,0.0,72.0,10,64.3
2025-04-07,NB-1128,75.0,0.0,10,64.3
2025-04-14,NB-1128,5.0,96.0,10,64.3
2025-04-21,NB-1128,0.0,0.0,10,64.3
2025-04-28,NB-1128,0.0,0.0,10,64.3
2025-05-05,NB-1128,0.0,0.0,10,64.3
2025-05-12,NB-1128,0.0,97.0,10,64.3
2025-05-19,NB-1128,0.0,0.0,10,64.3
2025-05-26,NB-1128,49.0,80.0,10,64.3
2025-06-02,NB-1128,66.0,0.0,10,64.3
2025-06-09,NB-1128,112.0,0.0,10,64.3
2025-06-16,NB-1128,69.0,0.0,10,64.3
2025-06-23,NB-1128,29.0,0.0,10,64.3
2025-06-30,NB-1128,0.0,0.0,10,64.3
2025-07-07,NB-1128,0.0,0.0,10,64.3
2025-07-14,NB-1128,43.0,66.0,10,64.3
2025-07-21,NB-1128,74.0,74.0,10,64.3
2025-07-28,NB-1128,0.0,0.0,10,64.3
2025-08-04,NB-1128,0.0,63.0,10,64.3
2025-08-11,NB-1128,0.0,0.0,10,64.3
2025-08-18,NB-1128,0.0,61.0,10,64.3
2025-08-25,NB-1128,0.0,0.0,10,64.3
2025-09-01,NB-1128,0.0,0.0,10,64.3
2025-09-08,NB-1128,44.0,0.0,10,64.3
2025-09-15,NB-1128,16.0,0.0,10,64.3
2025-09-22,NB-1128,0.0,0.0,10,64.3
2025-09-29,NB-1128,0.0,0.0,10,64.3
2025-10-06,NB-1128,0.0,0.0,10,64.3
2025-10-13,NB-1128,0.0,77.0,10,64.3
2025-10-20,NB-1128,134.0,0.0,10,64.3
2025-10-27,NB-1128,120.0,0.0,10,64.3
2025-11-03,NB-1128,91.0,0.0,10,64.3
2025-11-10,NB-1128,61.0,0.0,10,64.3
2025-11-17,NB-1128,29.0,0.0,10,64.3
2025-11-24,NB-1128,61.0,0.0,10,64.3
2025-12-01,NB-1128,99.0,0.0,10,64.3
2025-12-08,NB-1128,66.0,0.0,10,64.3
2025-12-15,NB-1128,21.0,0.0,10,64.3
2025-12-22,NB-1128,55.0,0.0,10,64.3
2025-12-29,NB-1128,28.0,0.0,10,64.3
2024-01-01,NB-1129,368.0,0.0,19,118.8
2024-01-08,NB-1129,349.0,0.0,19,118.8
2024-01-15,NB-1129,333.0,0.0,19,118.8
2024-01-22,NB-1129,310.0,0.0,19,118.8
2024-01-29,NB-1129,278.0,0.0,19,118.8
2024-02-05,NB-1129,252.0,0.0,19,118.8
2024-02-12,NB-1129,223.0,0.0,19,118.8
2024-02-19,NB-1129,208.0,0.0,19,118.8
2024-02-26,NB-1129,172.0,0.0,19,118.8
2024-03-04,NB-1129,141.0,0.0,19,118.8
2024-03-11,NB-1129,117.0,0.0,19,118.8
2024-03-18,NB-1129,86.0,0.0,19,118.8
2024-03-25,NB-1129,177.0,0.0,19,118.8
2024-04-01,NB-1129,154.0,0.0,19,118.8
2024-04-08,NB-1129,123.0,0.0,19,118.8
2024-04-15,NB-1129,99.0,0.0,19,118.8
2024-04-22,NB-1129,66.0,0.0,19,118.8
2024-04-29,NB-1129,184.0,0.0,19,118.8
2024-05-06,NB-1129,143.0,0.0,19,118.8
2024-05-13,NB-1129,105.0,0.0,19,118.8
2024-05-20,NB-1129,67.0,154.0,19,118.8
2024-05-27,NB-1129,38.0,0.0,19,118.8
2024-06-03,NB-1129,0.0,0.0,19,118.8
2024-06-10,NB-1129,0.0,0.0,19,118.8
2024-06-17,NB-1129,0.0,0.0,19,118.8
2024-06-24,NB-1129,0.0,0.0,19,118.8
2024-07-01,NB-1129,0.0,0.0,19,118.8
2024-07-08,NB-1129,130.0,0.0,19,118.8
2024-07-15,NB-1129,83.0,0.0,19,118.8
2024-07-22,NB-1129,35.0,0.0,19,118.8
2024-07-29,NB-1129,157.0,0.0,19,118.8
2024-08-05,NB-1129,224.0,118.0,19,118.8
2024-08-12,NB-1129,162.0,0.0,19,118.8
2024-08-19,NB-1129,119.0,0.0,19,118.8
2024-08-26,NB-1129,80.0,148.0,19,118.8
2024-09-02,NB-1129,39.0,159.0,19,118.8
2024-09-09,NB-1129,174.0,0.0,19,118.8
2024-09-16,NB-1129,122.0,0.0,19,118.8
2024-09-23,NB-1129,234.0,0.0,19,118.8
2024-09-30,NB-1129,185.0,0.0,19,118.8
2024-10-07,NB-1129,122.0,0.0,19,118.8
2024-10-14,NB-1129,67.0,0.0,19,118.8
2024-10-21,NB-1129,30.0,0.0,19,118.8
2024-10-28,NB-1129,101.0,0.0,19,118.8
2024-11-04,NB-1129,41.0,168.0,19,118.8
2024-11-11,NB-1129,10.0,167.0,19,118.8
2024-11-18,NB-1129,138.0,0.0,19,118.8
2024-11-25,NB-1129,234.0,0.0,19,118.8
2024-12-02,NB-1129,202.0,0.0,19,118.8
2024-12-09,NB-1129,170.0,0.0,19,118.8
2024-12-16,NB-1129,139.0,0.0,19,118.8
2024-12-23,NB-1129,91.0,0.0,19,118.8
2024-12-30,NB-1129,224.0,0.0,19,118.8
2025-01-06,NB-1129,193.0,0.0,19,118.8
2025-01-13,NB-1129,158.0,0.0,19,118.8
2025-01-20,NB-1129,118.0,132.0,19,118.8
2025-01-27,NB-1129,206.0,133.0,19,118.8
2025-02-03,NB-1129,159.0,0.0,19,118.8
2025-02-10,NB-1129,125.0,0.0,19,118.8
2025-02-17,NB-1129,86.0,177.0,19,118.8
2025-02-24,NB-1129,51.0,165.0,19,118.8
2025-03-03,NB-1129,269.0,0.0,19,118.8
2025-03-10,NB-1129,213.0,0.0,19,118.8
2025-03-17,NB-1129,164.0,0.0,19,118.8
2025-03-24,NB-1129,114.0,0.0,19,118.8
2025-03-31,NB-1129,29.0,138.0,19,118.8
2025-04-07,NB-1129,81.0,0.0,19,118.8
2025-04-14,NB-1129,31.0,0.0,19,118.8
2025-04-21,NB-1129,112.0,0.0,19,118.8
2025-04-28,NB-1129,200.0,0.0,19,118.8
2025-05-05,NB-1129,143.0,0.0,19,118.8
2025-05-12,NB-1129,65.0,0.0,19,118.8
2025-05-19,NB-1129,0.0,0.0,19,118.8
2025-05-26,NB-1129,0.0,0.0,19,118.8
2025-06-02,NB-1129,0.0,0.0,19,118.8
2025-06-09,NB-1129,0.0,0.0,19,118.8
2025-06-16,NB-1129,0.0,0.0,19,118.8
2025-06-23,NB-1129,134.0,0.0,19,118.8
2025-06-30,NB-1129,60.0,0.0,19,118.8
2025-07-07,NB-1129,0.0,0.0,19,118.8
2025-07-14,NB-1129,87.0,0.0,19,118.8
2025-07-21,NB-1129,96.0,0.0,19,118.8
2025-07-28,NB-1129,179.0,0.0,19,118.8
2025-08-04,NB-1129,229.0,138.0,19,118.8
2025-08-11,NB-1129,156.0,0.0,19,118.8
2025-08-18,NB-1129,82.0,0.0,19,118.8
2025-08-25,NB-1129,25.0,0.0,19,118.8
2025-09-01,NB-1129,50.0,0.0,19,118.8
2025-09-08,NB-1129,0.0,0.0,19,118.8
2025-09-15,NB-1129,0.0,0.0,19,118.8
2025-09-22,NB-1129,203.0,136.0,19,118.8
2025-09-29,NB-1129,146.0,0.0,19,118.8
2025-10-06,NB-1129,72.0,0.0,19,118.8
2025-10-13,NB-1129,0.0,0.0,19,118.8
2025-10-20,NB-1129,125.0,0.0,19,118.8
2025-10-27,NB-1129,48.0,0.0,19,118.8
2025-11-03,NB-1129,0.0,152.0,19,118.8
2025-11-10,NB-1129,75.0,0.0,19,118.8
2025-11-17,NB-1129,0.0,165.0,19,118.8
2025-11-24,NB-1129,167.0,0.0,19,118.8
2025-12-01,NB-1129,92.0,0.0,19,118.8
2025-12-08,NB-1129,35.0,0.0,19,118.8
2025-12-15,NB-1129,0.0,125.0,19,118.8
2025-12-22,NB-1129,0.0,0.0,19,118.8
2025-12-29,NB-1129,109.0,0.0,19,118.8
2024-01-01,NB-1130,371.0,0.0,12,117.7
2024-01-08,NB-1130,344.0,0.0,12,117.7
2024-01-15,NB-1130,304.0,0.0,12,117.7
2024-01-22,NB-1130,276.0,0.0,12,117.7
2024-01-29,NB-1130,246.0,0.0,12,117.7
2024-02-05,NB-1130,215.0,0.0,12,117.7
2024-02-12,NB-1130,172.0,0.0,12,117.7
2024-02-19,NB-1130,133.0,0.0,12,117.7
2024-02-26,NB-1130,87.0,165.0,12,117.7
2024-03-04,NB-1130,50.0,0.0,12,117.7
2024-03-11,NB-1130,179.0,168.0,12,117.7
2024-03-18,NB-1130,128.0,0.0,12,117.7
2024-03-25,NB-1130,203.0,109.0,12,117.7
2024-04-01,NB-1130,181.0,0.0,12,117.7
2024-04-08,NB-1130,140.0,0.0,12,117.7
2024-04-15,NB-1130,104.0,0.0,12,117.7
2024-04-22,NB-1130,187.0,0.0,12,117.7
2024-04-29,NB-1130,140.0,0.0,12,117.7
2024-05-06,NB-1130,219.0,0.0,12,117.7
2024-05-13,NB-1130,150.0,0.0,12,117.7
2024-05-20,NB-1130,240.0,0.0,12,117.7
2024-05-27,NB-1130,194.0,0.0,12,117.7
2024-06-03,NB-1130,128.0,0.0,12,117.7
2024-06-10,NB-1130,241.0,0.0,12,117.7
2024-06-17,NB-1130,151.0,0.0,12,117.7
2024-06-24,NB-1130,87.0,0.0,12,117.7
2024-07-01,NB-1130,31.0,0.0,12,117.7
2024-07-08,NB-1130,0.0,0.0,12,117.7
2024-07-15,NB-1130,0.0,170.0,12,117.7
2024-07-22,NB-1130,61.0,176.0,12,117.7
2024-07-29,NB-1130,6.0,153.0,12,117.7
2024-08-05,NB-1130,148.0,0.0,12,117.7
2024-08-12,NB-1130,237.0,0.0,12,117.7
2024-08-19,NB-1130,175.0,0.0,12,117.7
2024-08-26,NB-1130,111.0,158.0,12,117.7
2024-09-02,NB-1130,63.0,0.0,12,117.7
2024-09-09,NB-1130,26.0,135.0,12,117.7
2024-09-16,NB-1130,0.0,0.0,12,117.7
2024-09-23,NB-1130,0.0,0.0,12,117.7
2024-09-30,NB-1130,0.0,150.0,12,117.7
2024-10-07,NB-1130,132.0,0.0,12,117.7
2024-10-14,NB-1130,76.0,147.0,12,117.7
2024-10-21,NB-1130,166.0,127.0,12,117.7
2024-10-28,NB-1130,121.0,0.0,12,117.7
2024-11-04,NB-1130,208.0,0.0,12,117.7
2024-11-11,NB-1130,166.0,0.0,12,117.7
2024-11-18,NB-1130,130.0,0.0,12,117.7
2024-11-25,NB-1130,90.0,0.0,12,117.7
2024-12-02,NB-1130,62.0,0.0,12,117.7
2024-12-09,NB-1130,30.0,0.0,12,117.7
2024-12-16,NB-1130,0.0,0.0,12,117.7
2024-12-23,NB-1130,99.0,0.0,12,117.7
2024-12-30,NB-1130,238.0,0.0,12,117.7
2025-01-06,NB-1130,201.0,0.0,12,117.7
2025-01-13,NB-1130,173.0,0.0,12,117.7
2025-01-20,NB-1130,137.0,0.0,12,117.7
2025-01-27,NB-1130,99.0,0.0,12,117.7
2025-02-03,NB-1130,208.0,0.0,12,117.7
2025-02-10,NB-1130,170.0,0.0,12,117.7
2025-02-17,NB-1130,141.0,0.0,12,117.7
2025-02-24,NB-1130,226.0,0.0,12,117.7
2025-03-03,NB-1130,180.0,0.0,12,117.7
2025-03-10,NB-1130,159.0,0.0,12,117.7
2025-03-17,NB-1130,134.0,0.0,12,117.7
2025-03-24,NB-1130,95.0,0.0,12,117.7
2025-03-31,NB-1130,54.0,0.0,12,117.7
2025-04-07,NB-1130,11.0,147.0,12,117.7
2025-04-14,NB-1130,0.0,0.0,12,117.7
2025-04-21,NB-1130,0.0,0.0,12,117.7
2025-04-28,NB-1130,98.0,174.0,12,117.7
2025-05-05,NB-1130,64.0,0.0,12,117.7
2025-05-12,NB-1130,13.0,0.0,12,117.7
2025-05-19,NB-1130,0.0,170.0,12,117.7
2025-05-26,NB-1130,244.0,157.0,12,117.7
2025-06-02,NB-1130,186.0,0.0,12,117.7
2025-06-09,NB-1130,137.0,0.0,12,117.7
2025-06-16,NB-1130,101.0,0.0,12,117.7
2025-06-23,NB-1130,212.0,0.0,12,117.7
2025-06-30,NB-1130,165.0,0.0,12,117.7
2025-07-07,NB-1130,226.0,110.0,12,117.7
2025-07-14,NB-1130,158.0,0.0,12,117.7
2025-07-21,NB-1130,73.0,0.0,12,117.7
2025-07-28,NB-1130,6.0,171.0,12,117.7
2025-08-04,NB-1130,0.0,0.0,12,117.7
2025-08-11,NB-1130,127.0,0.0,12,117.7
2025-08-18,NB-1130,84.0,0.0,12,117.7
2025-08-25,NB-1130,33.0,0.0,12,117.7
2025-09-01,NB-1130,0.0,0.0,12,117.7
2025-09-08,NB-1130,0.0,0.0,12,117.7
2025-09-15,NB-1130,189.0,0.0,12,117.7
2025-09-22,NB-1130,142.0,0.0,12,117.7
2025-09-29,NB-1130,97.0,131.0,12,117.7
2025-10-06,NB-1130,61.0,0.0,12,117.7
2025-10-13,NB-1130,7.0,0.0,12,117.7
2025-10-20,NB-1130,0.0,0.0,12,117.7
2025-10-27,NB-1130,111.0,111.0,12,117.7
2025-11-03,NB-1130,202.0,0.0,12,117.7
2025-11-10,NB-1130,183.0,0.0,12,117.7
2025-11-17,NB-1130,146.0,0.0,12,117.7
2025-11-24,NB-1130,83.0,0.0,12,117.7
2025-12-01,NB-1130,207.0,0.0,12,117.7
2025-12-08,NB-1130,177.0,0.0,12,117.7
2025-12-15,NB-1130,149.0,0.0,12,117.7
2025-12-22,NB-1130,125.0,0.0,12,117.7
2025-12-29,NB-1130,100.0,0.0,12,117.7
2024-01-01,NB-1131,41.0,0.0,11,437.4
2024-01-08,NB-1131,397.0,0.0,11,437.4
2024-01-15,NB-1131,298.0,0.0,11,437.4
2024-01-22,NB-1131,171.0,541.0,11,437.4
2024-01-29,NB-1131,549.0,0.0,11,437.4
2024-02-05,NB-1131,370.0,0.0,11,437.4
2024-02-12,NB-1131,206.0,0.0,11,437.4
2024-02-19,NB-1131,424.0,0.0,11,437.4
2024-02-26,NB-1131,254.0,0.0,11,437.4
2024-03-04,NB-1131,0.0,0.0,11,437.4
2024-03-11,NB-1131,0.0,0.0,11,437.4
2024-03-18,NB-1131,0.0,0.0,11,437.4
2024-03-25,NB-1131,0.0,453.0,11,437.4
2024-04-01,NB-1131,0.0,623.0,11,437.4
2024-04-08,NB-1131,660.0,660.0,11,437.4
2024-04-15,NB-1131,295.0,0.0,11,437.4
2024-04-22,NB-1131,0.0,0.0,11,437.4
2024-04-29,NB-1131,0.0,622.0,11,437.4
2024-05-06,NB-1131,0.0,0.0,11,437.4
2024-05-13,NB-1131,0.0,0.0,11,437.4
2024-05-20,NB-1131,0.0,641.0,11,437.4
2024-05-27,NB-1131,0.0,0.0,11,437.4
2024-06-03,NB-1131,0.0,593.0,11,437.4
2024-06-10,NB-1131,357.0,0.0,11,437.4
2024-06-17,NB-1131,0.0,0.0,11,437.4
2024-06-24,NB-1131,0.0,0.0,11,437.4
2024-07-01,NB-1131,0.0,0.0,11,437.4
2024-07-08,NB-1131,398.0,503.0,11,437.4
2024-07-15,NB-1131,571.0,0.0,11,437.4
2024-07-22,NB-1131,690.0,0.0,11,437.4
2024-07-29,NB-1131,390.0,612.0,11,437.4
2024-08-05,NB-1131,58.0,648.0,11,437.4
2024-08-12,NB-1131,0.0,0.0,11,437.4
2024-08-19,NB-1131,0.0,0.0,11,437.4
2024-08-26,NB-1131,0.0,0.0,11,437.4
2024-09-02,NB-1131,450.0,450.0,11,437.4
2024-09-09,NB-1131,185.0,0.0,11,437.4
2024-09-16,NB-1131,0.0,444.0,11,437.4
2024-09-23,NB-1131,0.0,0.0,11,437.4
2024-09-30,NB-1131,0.0,469.0,11,437.4
2024-10-07,NB-1131,0.0,0.0,11,437.4
2024-10-14,NB-1131,461.0,0.0,11,437.4
2024-10-21,NB-1131,898.0,615.0,11,437.4
2024-10-28,NB-1131,750.0,0.0,11,437.4
2024-11-04,NB-1131,583.0,0.0,11,437.4
2024-11-11,NB-1131,374.0,0.0,11,437.4
2024-11-18,NB-1131,173.0,0.0,11,437.4
2024-11-25,NB-1131,5.0,0.0,11,437.4
2024-12-02,NB-1131,0.0,0.0,11,437.4
2024-12-09,NB-1131,587.0,0.0,11,437.4
2024-12-16,NB-1131,432.0,0.0,11,437.4
2024-12-23,NB-1131,240.0,0.0,11,437.4
2024-12-30,NB-1131,594.0,0.0,11,437.4
2025-01-06,NB-1131,417.0,0.0,11,437.4
2025-01-13,NB-1131,703.0,410.0,11,437.4
2025-01-20,NB-1131,439.0,0.0,11,437.4
2025-01-27,NB-1131,259.0,0.0,11,437.4
2025-02-03,NB-1131,15.0,0.0,11,437.4
2025-02-10,NB-1131,0.0,0.0,11,437.4
2025-02-17,NB-1131,0.0,0.0,11,437.4
2025-02-24,NB-1131,0.0,0.0,11,437.4
2025-03-03,NB-1131,423.0,0.0,11,437.4
2025-03-10,NB-1131,82.0,0.0,11,437.4
2025-03-17,NB-1131,403.0,0.0,11,437.4
2025-03-24,NB-1131,0.0,0.0,11,437.4
2025-03-31,NB-1131,0.0,0.0,11,437.4
2025-04-07,NB-1131,0.0,506.0,11,437.4
2025-04-14,NB-1131,0.0,0.0,11,437.4
2025-04-21,NB-1131,0.0,486.0,11,437.4
2025-04-28,NB-1131,773.0,0.0,11,437.4
2025-05-05,NB-1131,434.0,598.0,11,437.4
2025-05-12,NB-1131,274.0,0.0,11,437.4
2025-05-19,NB-1131,235.0,638.0,11,437.4
2025-05-26,NB-1131,0.0,633.0,11,437.4
2025-06-02,NB-1131,0.0,0.0,11,437.4
2025-06-09,NB-1131,0.0,0.0,11,437.4
2025-06-16,NB-1131,0.0,610.0,11,437.4
2025-06-23,NB-1131,346.0,0.0,11,437.4
2025-06-30,NB-1131,0.0,660.0,11,437.4
2025-07-07,NB-1131,0.0,0.0,11,437.4
2025-07-14,NB-1131,0.0,0.0,11,437.4
2025-07-21,NB-1131,0.0,0.0,11,437.4
2025-07-28,NB-1131,0.0,0.0,11,437.4
2025-08-04,NB-1131,0.0,0.0,11,437.4
2025-08-11,NB-1131,0.0,0.0,11,437.4
2025-08-18,NB-1131,250.0,0.0,11,437.4
2025-08-25,NB-1131,0.0,0.0,11,437.4
2025-09-01,NB-1131,0.0,0.0,11,437.4
2025-09-08,NB-1131,0.0,0.0,11,437.4
2025-09-15,NB-1131,0.0,0.0,11,437.4
2025-09-22,NB-1131,0.0,0.0,11,437.4
2025-09-29,NB-1131,0.0,0.0,11,437.4
2025-10-06,NB-1131,479.0,0.0,11,437.4
2025-10-13,NB-1131,193.0,0.0,11,437.4
2025-10-20,NB-1131,0.0,0.0,11,437.4
2025-10-27,NB-1131,0.0,581.0,11,437.4
2025-11-03,NB-1131,533.0,0.0,11,437.4
2025-11-10,NB-1131,321.0,0.0,11,437.4
2025-11-17,NB-1131,647.0,0.0,11,437.4
2025-11-24,NB-1131,267.0,0.0,11,437.4
2025-12-01,NB-1131,569.0,0.0,11,437.4
2025-12-08,NB-1131,349.0,0.0,11,437.4
2025-12-15,NB-1131,795.0,0.0,11,437.4
2025-12-22,NB-1131,630.0,0.0,11,437.4
2025-12-29,NB-1131,447.0,0.0,11,437.4
2024-01-01,NB-1132,112.0,0.0,12,283.6
2024-01-08,NB-1132,252.0,0.0,12,283.6
2024-01-15,NB-1132,86.0,0.0,12,283.6
2024-01-22,NB-1132,0.0,0.0,12,283.6
2024-01-29,NB-1132,0.0,0.0,12,283.6
2024-02-05,NB-1132,0.0,290.0,12,283.6
2024-02-12,NB-1132,0.0,0.0,12,283.6
2024-02-19,NB-1132,0.0,293.0,12,283.6
2024-02-26,NB-1132,0.0,0.0,12,283.6
2024-03-04,NB-1132,222.0,0.0,12,283.6
2024-03-11,NB-1132,445.0,0.0,12,283.6
2024-03-18,NB-1132,343.0,0.0,12,283.6
2024-03-25,NB-1132,226.0,0.0,12,283.6
2024-04-01,NB-1132,123.0,0.0,12,283.6
2024-04-08,NB-1132,377.0,0.0,12,283.6
2024-04-15,NB-1132,289.0,0.0,12,283.6
2024-04-22,NB-1132,180.0,0.0,12,283.6
2024-04-29,NB-1132,93.0,0.0,12,283.6
2024-05-06,NB-1132,16.0,0.0,12,283.6
2024-05-13,NB-1132,0.0,0.0,12,283.6
2024-05-20,NB-1132,0.0,0.0,12,283.6
2024-05-27,NB-1132,264.0,264.0,12,283.6
2024-06-03,NB-1132,465.0,0.0,12,283.6
2024-06-10,NB-1132,418.0,0.0,12,283.6
2024-06-17,NB-1132,319.0,0.0,12,283.6
2024-06-24,NB-1132,647.0,0.0,12,283.6
2024-07-01,NB-1132,558.0,0.0,12,283.6
2024-07-08,NB-1132,480.0,0.0,12,283.6
2024-07-15,NB-1132,372.0,0.0,12,283.6
2024-07-22,NB-1132,279.0,0.0,12,283.6
2024-07-29,NB-1132,196.0,0.0,12,283.6
2024-08-05,NB-1132,102.0,0.0,12,283.6
2024-08-12,NB-1132,375.0,0.0,12,283.6
2024-08-19,NB-1132,275.0,265.0,12,283.6
2024-08-26,NB-1132,196.0,0.0,12,283.6
2024-09-02,NB-1132,89.0,425.0,12,283.6
2024-09-09,NB-1132,0.0,311.0,12,283.6
2024-09-16,NB-1132,422.0,0.0,12,283.6
2024-09-23,NB-1132,281.0,0.0,12,283.6
2024-09-30,NB-1132,159.0,0.0,12,283.6
2024-10-07,NB-1132,0.0,0.0,12,283.6
2024-10-14,NB-1132,0.0,278.0,12,283.6
2024-10-21,NB-1132,198.0,306.0,12,283.6
2024-10-28,NB-1132,334.0,0.0,12,283.6
2024-11-04,NB-1132,612.0,0.0,12,283.6
2024-11-11,NB-1132,480.0,0.0,12,283.6
2024-11-18,NB-1132,329.0,0.0,12,283.6
2024-11-25,NB-1132,147.0,397.0,12,283.6
2024-12-02,NB-1132,234.0,0.0,12,283.6
2024-12-09,NB-1132,349.0,0.0,12,283.6
2024-12-16,NB-1132,496.0,330.0,12,283.6
2024-12-23,NB-1132,344.0,0.0,12,283.6
2024-12-30,NB-1132,218.0,0.0,12,283.6
2025-01-06,NB-1132,378.0,0.0,12,283.6
2025-01-13,NB-1132,599.0,394.0,12,283.6
2025-01-20,NB-1132,454.0,0.0,12,283.6
2025-01-27,NB-1132,289.0,0.0,12,283.6
2025-02-03,NB-1132,154.0,400.0,12,283.6
2025-02-10,NB-1132,0.0,436.0,12,283.6
2025-02-17,NB-1132,267.0,428.0,12,283.6
2025-02-24,NB-1132,119.0,423.0,12,283.6
2025-03-03,NB-1132,0.0,400.0,12,283.6
2025-03-10,NB-1132,0.0,0.0,12,283.6
2025-03-17,NB-1132,279.0,0.0,12,283.6
2025-03-24,NB-1132,149.0,0.0,12,283.6
2025-03-31,NB-1132,0.0,377.0,12,283.6
2025-04-07,NB-1132,0.0,0.0,12,283.6
2025-04-14,NB-1132,0.0,0.0,12,283.6
2025-04-21,NB-1132,0.0,0.0,12,283.6
2025-04-28,NB-1132,0.0,319.0,12,283.6
2025-05-05,NB-1132,246.0,0.0,12,283.6
2025-05-12,NB-1132,131.0,377.0,12,283.6
2025-05-19,NB-1132,27.0,0.0,12,283.6
2025-05-26,NB-1132,306.0,0.0,12,283.6
2025-06-02,NB-1132,238.0,0.0,12,283.6
2025-06-09,NB-1132,149.0,0.0,12,283.6
2025-06-16,NB-1132,85.0,0.0,12,283.6
2025-06-23,NB-1132,11.0,419.0,12,283.6
2025-06-30,NB-1132,0.0,0.0,12,283.6
2025-07-07,NB-1132,534.0,304.0,12,283.6
2025-07-14,NB-1132,440.0,0.0,12,283.6
2025-07-21,NB-1132,312.0,0.0,12,283.6
2025-07-28,NB-1132,192.0,0.0,12,283.6
2025-08-04,NB-1132,118.0,0.0,12,283.6
2025-08-11,NB-1132,442.0,0.0,12,283.6
2025-08-18,NB-1132,354.0,0.0,12,283.6
2025-08-25,NB-1132,602.0,335.0,12,283.6
2025-09-01,NB-1132,506.0,0.0,12,283.6
2025-09-08,NB-1132,360.0,0.0,12,283.6
2025-09-15,NB-1132,670.0,0.0,12,283.6
2025-09-22,NB-1132,601.0,0.0,12,283.6
2025-09-29,NB-1132,467.0,0.0,12,283.6
2025-10-06,NB-1132,328.0,0.0,12,283.6
2025-10-13,NB-1132,154.0,0.0,12,283.6
2025-10-20,NB-1132,309.0,0.0,12,283.6
2025-10-27,NB-1132,144.0,404.0,12,283.6
2025-11-03,NB-1132,366.0,0.0,12,283.6
2025-11-10,NB-1132,219.0,0.0,12,283.6
2025-11-17,NB-1132,29.0,0.0,12,283.6
2025-11-24,NB-1132,262.0,0.0,12,283.6
2025-12-01,NB-1132,62.0,0.0,12,283.6
2025-12-08,NB-1132,0.0,0.0,12,283.6
2025-12-15,NB-1132,176.0,0.0,12,283.6
2025-12-22,NB-1132,17.0,0.0,12,283.6
2025-12-29,NB-1132,318.0,0.0,12,283.6
2024-01-01,NB-1133,354.0,0.0,10,129.8
2024-01-08,NB-1133,282.0,0.0,10,129.8
2024-01-15,NB-1133,230.0,0.0,10,129.8
2024-01-22,NB-1133,164.0,0.0,10,129.8
2024-01-29,NB-1133,293.0,0.0,10,129.8
2024-02-05,NB-1133,246.0,0.0,10,129.8
2024-02-12,NB-1133,179.0,0.0,10,129.8
2024-02-19,NB-1133,133.0,0.0,10,129.8
2024-02-26,NB-1133,229.0,0.0,10,129.8
2024-03-04,NB-1133,193.0,0.0,10,129.8
2024-03-11,NB-1133,142.0,0.0,10,129.8
2024-03-18,NB-1133,108.0,135.0,10,129.8
2024-03-25,NB-1133,72.0,166.0,10,129.8
2024-04-01,NB-1133,212.0,0.0,10,129.8
2024-04-08,NB-1133,186.0,0.0,10,129.8
2024-04-15,NB-1133,149.0,0.0,10,129.8
2024-04-22,NB-1133,106.0,0.0,10,129.8
2024-04-29,NB-1133,66.0,0.0,10,129.8
2024-05-06,NB-1133,20.0,169.0,10,129.8
2024-05-13,NB-1133,0.0,0.0,10,129.8
2024-05-20,NB-1133,0.0,189.0,10,129.8
2024-05-27,NB-1133,140.0,140.0,10,129.8
2024-06-03,NB-1133,213.0,0.0,10,129.8
2024-06-10,NB-1133,162.0,0.0,10,129.8
2024-06-17,NB-1133,77.0,0.0,10,129.8
2024-06-24,NB-1133,7.0,0.0,10,129.8
2024-07-01,NB-1133,156.0,0.0,10,129.8
2024-07-08,NB-1133,72.0,0.0,10,129.8
2024-07-15,NB-1133,0.0,171.0,10,129.8
2024-07-22,NB-1133,151.0,0.0,10,129.8
2024-07-29,NB-1133,86.0,0.0,10,129.8
2024-08-05,NB-1133,122.0,0.0,10,129.8
2024-08-12,NB-1133,20.0,0.0,10,129.8
2024-08-19,NB-1133,0.0,0.0,10,129.8
2024-08-26,NB-1133,87.0,180.0,10,129.8
2024-09-02,NB-1133,0.0,0.0,10,129.8
2024-09-09,NB-1133,0.0,0.0,10,129.8
2024-09-16,NB-1133,0.0,0.0,10,129.8
2024-09-23,NB-1133,0.0,0.0,10,129.8
2024-09-30,NB-1133,0.0,0.0,10,129.8
2024-10-07,NB-1133,0.0,0.0,10,129.8
2024-10-14,NB-1133,0.0,0.0,10,129.8
2024-10-21,NB-1133,132.0,0.0,10,129.8
2024-10-28,NB-1133,32.0,0.0,10,129.8
2024-11-04,NB-1133,126.0,0.0,10,129.8
2024-11-11,NB-1133,16.0,172.0,10,129.8
2024-11-18,NB-1133,0.0,0.0,10,129.8
2024-11-25,NB-1133,0.0,0.0,10,129.8
2024-12-02,NB-1133,154.0,154.0,10,129.8
2024-12-09,NB-1133,236.0,0.0,10,129.8
2024-12-16,NB-1133,158.0,0.0,10,129.8
2024-12-23,NB-1133,79.0,0.0,10,129.8
2024-12-30,NB-1133,0.0,0.0,10,129.8
2025-01-06,NB-1133,0.0,0.0,10,129.8
2025-01-13,NB-1133,0.0,174.0,10,129.8
2025-01-20,NB-1133,86.0,179.0,10,129.8
2025-01-27,NB-1133,29.0,0.0,10,129.8
2025-02-03,NB-1133,0.0,0.0,10,129.8
2025-02-10,NB-1133,0.0,124.0,10,129.8
2025-02-17,NB-1133,0.0,131.0,10,129.8
2025-02-24,NB-1133,0.0,195.0,10,129.8
2025-03-03,NB-1133,145.0,0.0,10,129.8
2025-03-10,NB-1133,260.0,0.0,10,129.8
2025-03-17,NB-1133,219.0,0.0,10,129.8
2025-03-24,NB-1133,187.0,0.0,10,129.8
2025-03-31,NB-1133,139.0,0.0,10,129.8
2025-04-07,NB-1133,89.0,190.0,10,129.8
2025-04-14,NB-1133,236.0,0.0,10,129.8
2025-04-21,NB-1133,182.0,0.0,10,129.8
2025-04-28,NB-1133,150.0,0.0,10,129.8
2025-05-05,NB-1133,97.0,0.0,10,129.8
2025-05-12,NB-1133,210.0,0.0,10,129.8
2025-05-19,NB-1133,147.0,0.0,10,129.8
2025-05-26,NB-1133,217.0,0.0,10,129.8
2025-06-02,NB-1133,171.0,0.0,10,129.8
2025-06-09,NB-1133,107.0,0.0,10,129.8
2025-06-16,NB-1133,41.0,0.0,10,129.8
2025-06-23,NB-1133,130.0,130.0,10,129.8
2025-06-30,NB-1133,251.0,0.0,10,129.8
2025-07-07,NB-1133,178.0,0.0,10,129.8
2025-07-14,NB-1133,96.0,155.0,10,129.8
2025-07-21,NB-1133,139.0,0.0,10,129.8
2025-07-28,NB-1133,10.0,0.0,10,129.8
2025-08-04,NB-1133,156.0,0.0,10,129.8
2025-08-11,NB-1133,64.0,0.0,10,129.8
2025-08-18,NB-1133,151.0,151.0,10,129.8
2025-08-25,NB-1133,47.0,189.0,10,129.8
2025-09-01,NB-1133,0.0,148.0,10,129.8
2025-09-08,NB-1133,0.0,0.0,10,129.8
2025-09-15,NB-1133,162.0,0.0,10,129.8
2025-09-22,NB-1133,211.0,0.0,10,129.8
2025-09-29,NB-1133,112.0,0.0,10,129.8
2025-10-06,NB-1133,0.0,0.0,10,129.8
2025-10-13,NB-1133,223.0,0.0,10,129.8
2025-10-20,NB-1133,81.0,0.0,10,129.8
2025-10-27,NB-1133,0.0,136.0,10,129.8
2025-11-03,NB-1133,122.0,0.0,10,129.8
2025-11-10,NB-1133,22.0,0.0,10,129.8
2025-11-17,NB-1133,0.0,187.0,10,129.8
2025-11-24,NB-1133,0.0,0.0,10,129.8
2025-12-01,NB-1133,0.0,0.0,10,129.8
2025-12-08,NB-1133,171.0,0.0,10,129.8
2025-12-15,NB-1133,108.0,0.0,10,129.8
2025-12-22,NB-1133,49.0,0.0,10,129.8
2025-12-29,NB-1133,0.0,0.0,10,129.8
2024-01-01,NB-1134,193.0,0.0,16,555.0
2024-01-08,NB-1134,0.0,700.0,16,555.0
2024-01-15,NB-1134,661.0,0.0,16,555.0
2024-01-22,NB-1134,1139.0,0.0,16,555.0
2024-01-29,NB-1134,928.0,0.0,16,555.0
2024-02-05,NB-1134,714.0,0.0,16,555.0
2024-02-12,NB-1134,490.0,522.0,16,555.0
2024-02-19,NB-1134,250.0,0.0,16,555.0
2024-02-26,NB-1134,708.0,0.0,16,555.0
2024-03-04,NB-1134,1149.0,0.0,16,555.0
2024-03-11,NB-1134,892.0,0.0,16,555.0
2024-03-18,NB-1134,685.0,0.0,16,555.0
2024-03-25,NB-1134,460.0,778.0,16,555.0
2024-04-01,NB-1134,250.0,0.0,16,555.0
2024-04-08,NB-1134,23.0,0.0,16,555.0
2024-04-15,NB-1134,591.0,0.0,16,555.0
2024-04-22,NB-1134,1040.0,0.0,16,555.0
2024-04-29,NB-1134,800.0,0.0,16,555.0
2024-05-06,NB-1134,597.0,0.0,16,555.0
2024-05-13,NB-1134,419.0,0.0,16,555.0
2024-05-20,NB-1134,230.0,0.0,16,555.0
2024-05-27,NB-1134,36.0,775.0,16,555.0
2024-06-03,NB-1134,0.0,0.0,16,555.0
2024-06-10,NB-1134,0.0,0.0,16,555.0
2024-06-17,NB-1134,543.0,807.0,16,555.0
2024-06-24,NB-1134,1023.0,0.0,16,555.0
2024-07-01,NB-1134,858.0,0.0,16,555.0
2024-07-08,NB-1134,709.0,0.0,16,555.0
2024-07-15,NB-1134,568.0,0.0,16,555.0
2024-07-22,NB-1134,978.0,0.0,16,555.0
2024-07-29,NB-1134,828.0,0.0,16,555.0
2024-08-05,NB-1134,664.0,0.0,16,555.0
2024-08-12,NB-1134,1161.0,628.0,16,555.0
2024-08-19,NB-1134,990.0,0.0,16,555.0
2024-08-26,NB-1134,859.0,0.0,16,555.0
2024-09-02,NB-1134,726.0,0.0,16,555.0
2024-09-09,NB-1134,587.0,0.0,16,555.0
2024-09-16,NB-1134,466.0,0.0,16,555.0
2024-09-23,NB-1134,330.0,698.0,16,555.0
2024-09-30,NB-1134,160.0,554.0,16,555.0
2024-10-07,NB-1134,33.0,0.0,16,555.0
2024-10-14,NB-1134,0.0,0.0,16,555.0
2024-10-21,NB-1134,0.0,0.0,16,555.0
2024-10-28,NB-1134,0.0,0.0,16,555.0
2024-11-04,NB-1134,0.0,0.0,16,555.0
2024-11-11,NB-1134,0.0,729.0,16,555.0
2024-11-18,NB-1134,0.0,0.0,16,555.0
2024-11-25,NB-1134,0.0,0.0,16,555.0
2024-12-02,NB-1134,509.0,604.0,16,555.0
2024-12-09,NB-1134,337.0,0.0,16,555.0
2024-12-16,NB-1134,135.0,0.0,16,555.0
2024-12-23,NB-1134,0.0,591.0,16,555.0
2024-12-30,NB-1134,0.0,0.0,16,555.0
2025-01-06,NB-1134,593.0,0.0,16,555.0
2025-01-13,NB-1134,383.0,0.0,16,555.0
2025-01-20,NB-1134,182.0,526.0,16,555.0
2025-01-27,NB-1134,0.0,598.0,16,555.0
2025-02-03,NB-1134,0.0,0.0,16,555.0
2025-02-10,NB-1134,585.0,0.0,16,555.0
2025-02-17,NB-1134,364.0,0.0,16,555.0
2025-02-24,NB-1134,141.0,701.0,16,555.0
2025-03-03,NB-1134,659.0,0.0,16,555.0
2025-03-10,NB-1134,1134.0,0.0,16,555.0
2025-03-17,NB-1134,897.0,0.0,16,555.0
2025-03-24,NB-1134,681.0,0.0,16,555.0
2025-03-31,NB-1134,454.0,725.0,16,555.0
2025-04-07,NB-1134,237.0,0.0,16,555.0
2025-04-14,NB-1134,61.0,0.0,16,555.0
2025-04-21,NB-1134,0.0,0.0,16,555.0
2025-04-28,NB-1134,0.0,0.0,16,555.0
2025-05-05,NB-1134,711.0,0.0,16,555.0
2025-05-12,NB-1134,507.0,0.0,16,555.0
2025-05-19,NB-1134,256.0,744.0,16,555.0
2025-05-26,NB-1134,913.0,0.0,16,555.0
2025-06-02,NB-1134,760.0,0.0,16,555.0
2025-06-09,NB-1134,619.0,0.0,16,555.0
2025-06-16,NB-1134,999.0,0.0,16,555.0
2025-06-23,NB-1134,844.0,0.0,16,555.0
2025-06-30,NB-1134,677.0,0.0,16,555.0
2025-07-07,NB-1134,548.0,0.0,16,555.0
2025-07-14,NB-1134,1067.0,0.0,16,555.0
2025-07-21,NB-1134,867.0,0.0,16,555.0
2025-07-28,NB-1134,657.0,0.0,16,555.0
2025-08-04,NB-1134,488.0,0.0,16,555.0
2025-08-11,NB-1134,373.0,0.0,16,555.0
2025-08-18,NB-1134,239.0,535.0,16,555.0
2025-08-25,NB-1134,130.0,0.0,16,555.0
2025-09-01,NB-1134,731.0,0.0,16,555.0
2025-09-08,NB-1134,556.0,0.0,16,555.0
2025-09-15,NB-1134,413.0,0.0,16,555.0
2025-09-22,NB-1134,291.0,0.0,16,555.0
2025-09-29,NB-1134,146.0,0.0,16,555.0
2025-10-06,NB-1134,10.0,0.0,16,555.0
2025-10-13,NB-1134,585.0,0.0,16,555.0
2025-10-20,NB-1134,1157.0,0.0,16,555.0
2025-10-27,NB-1134,1005.0,0.0,16,555.0
2025-11-03,NB-1134,822.0,0.0,16,555.0
2025-11-10,NB-1134,668.0,0.0,16,555.0
2025-11-17,NB-1134,1230.0,0.0,16,555.0
2025-11-24,NB-1134,1031.0,0.0,16,555.0
2025-12-01,NB-1134,829.0,0.0,16,555.0
2025-12-08,NB-1134,641.0,0.0,16,555.0
2025-12-15,NB-1134,1205.0,0.0,16,555.0
2025-12-22,NB-1134,1011.0,0.0,16,555.0
2025-12-29,NB-1134,770.0,0.0,16,555.0
2024-01-01,NB-1135,135.0,0.0,9,190.1
2024-01-08,NB-1135,47.0,0.0,9,190.1
2024-01-15,NB-1135,0.0,0.0,9,190.1
2024-01-22,NB-1135,0.0,0.0,9,190.1
2024-01-29,NB-1135,0.0,246.0,9,190.1
2024-02-05,NB-1135,201.0,0.0,9,190.1
2024-02-12,NB-1135,101.0,0.0,9,190.1
2024-02-19,NB-1135,0.0,0.0,9,190.1
2024-02-26,NB-1135,191.0,0.0,9,190.1
2024-03-04,NB-1135,308.0,0.0,9,190.1
2024-03-11,NB-1135,194.0,0.0,9,190.1
2024-03-18,NB-1135,331.0,0.0,9,190.1
2024-03-25,NB-1135,185.0,0.0,9,190.1
2024-04-01,NB-1135,62.0,207.0,9,190.1
2024-04-08,NB-1135,0.0,282.0,9,190.1
2024-04-15,NB-1135,0.0,0.0,9,190.1
2024-04-22,NB-1135,117.0,0.0,9,190.1
2024-04-29,NB-1135,0.0,0.0,9,190.1
2024-05-06,NB-1135,0.0,0.0,9,190.1
2024-05-13,NB-1135,239.0,0.0,9,190.1
2024-05-20,NB-1135,75.0,0.0,9,190.1
2024-05-27,NB-1135,0.0,0.0,9,190.1
2024-06-03,NB-1135,0.0,0.0,9,190.1
2024-06-10,NB-1135,0.0,0.0,9,190.1
2024-06-17,NB-1135,328.0,191.0,9,190.1
2024-06-24,NB-1135,207.0,0.0,9,190.1
2024-07-01,NB-1135,299.0,0.0,9,190.1
2024-07-08,NB-1135,422.0,0.0,9,190.1
2024-07-15,NB-1135,273.0,0.0,9,190.1
2024-07-22,NB-1135,146.0,0.0,9,190.1
2024-07-29,NB-1135,19.0,0.0,9,190.1
2024-08-05,NB-1135,240.0,0.0,9,190.1
2024-08-12,NB-1135,130.0,0.0,9,190.1
2024-08-19,NB-1135,255.0,0.0,9,190.1
2024-08-26,NB-1135,162.0,0.0,9,190.1
2024-09-02,NB-1135,240.0,187.0,9,190.1
2024-09-09,NB-1135,145.0,0.0,9,190.1
2024-09-16,NB-1135,25.0,0.0,9,190.1
2024-09-23,NB-1135,192.0,0.0,9,190.1
2024-09-30,NB-1135,318.0,0.0,9,190.1
2024-10-07,NB-1135,238.0,0.0,9,190.1
2024-10-14,NB-1135,352.0,0.0,9,190.1
2024-10-21,NB-1135,253.0,0.0,9,190.1
2024-10-28,NB-1135,167.0,290.0,9,190.1
2024-11-04,NB-1135,71.0,0.0,9,190.1
2024-11-11,NB-1135,0.0,197.0,9,190.1
2024-11-18,NB-1135,236.0,236.0,9,190.1
2024-11-25,NB-1135,156.0,0.0,9,190.1
2024-12-02,NB-1135,82.0,0.0,9,190.1
2024-12-09,NB-1135,251.0,0.0,9,190.1
2024-12-16,NB-1135,175.0,212.0,9,190.1
2024-12-23,NB-1135,281.0,0.0,9,190.1
2024-12-30,NB-1135,186.0,0.0,9,190.1
2025-01-06,NB-1135,109.0,0.0,9,190.1
2025-01-13,NB-1135,34.0,0.0,9,190.1
2025-01-20,NB-1135,280.0,280.0,9,190.1
2025-01-27,NB-1135,207.0,0.0,9,190.1
2025-02-03,NB-1135,104.0,271.0,9,190.1
2025-02-10,NB-1135,3.0,0.0,9,190.1
2025-02-17,NB-1135,0.0,0.0,9,190.1
2025-02-24,NB-1135,0.0,0.0,9,190.1
2025-03-03,NB-1135,0.0,0.0,9,190.1
2025-03-10,NB-1135,241.0,0.0,9,190.1
2025-03-17,NB-1135,397.0,0.0,9,190.1
2025-03-24,NB-1135,296.0,0.0,9,190.1
2025-03-31,NB-1135,129.0,0.0,9,190.1
2025-04-07,NB-1135,166.0,0.0,9,190.1
2025-04-14,NB-1135,19.0,0.0,9,190.1
2025-04-21,NB-1135,0.0,244.0,9,190.1
2025-04-28,NB-1135,195.0,0.0,9,190.1
2025-05-05,NB-1135,282.0,0.0,9,190.1
2025-05-12,NB-1135,121.0,0.0,9,190.1
2025-05-19,NB-1135,125.0,0.0,9,190.1
2025-05-26,NB-1135,234.0,0.0,9,190.1
2025-06-02,NB-1135,361.0,0.0,9,190.1
2025-06-09,NB-1135,230.0,0.0,9,190.1
2025-06-16,NB-1135,92.0,0.0,9,190.1
2025-06-23,NB-1135,188.0,0.0,9,190.1
2025-06-30,NB-1135,37.0,0.0,9,190.1
2025-07-07,NB-1135,216.0,0.0,9,190.1
2025-07-14,NB-1135,284.0,0.0,9,190.1
2025-07-21,NB-1135,110.0,0.0,9,190.1
2025-07-28,NB-1135,0.0,248.0,9,190.1
2025-08-04,NB-1135,0.0,0.0,9,190.1
2025-08-11,NB-1135,186.0,186.0,9,190.1
2025-08-18,NB-1135,66.0,0.0,9,190.1
2025-08-25,NB-1135,0.0,267.0,9,190.1
2025-09-01,NB-1135,0.0,0.0,9,190.1
2025-09-08,NB-1135,247.0,0.0,9,190.1
2025-09-15,NB-1135,120.0,0.0,9,190.1
2025-09-22,NB-1135,229.0,0.0,9,190.1
2025-09-29,NB-1135,140.0,0.0,9,190.1
2025-10-06,NB-1135,42.0,0.0,9,190.1
2025-10-13,NB-1135,0.0,250.0,9,190.1
2025-10-20,NB-1135,0.0,0.0,9,190.1
2025-10-27,NB-1135,0.0,243.0,9,190.1
2025-11-03,NB-1135,0.0,0.0,9,190.1
2025-11-10,NB-1135,0.0,0.0,9,190.1
2025-11-17,NB-1135,351.0,179.0,9,190.1
2025-11-24,NB-1135,273.0,0.0,9,190.1
2025-12-01,NB-1135,196.0,0.0,9,190.1
2025-12-08,NB-1135,395.0,0.0,9,190.1
2025-12-15,NB-1135,308.0,0.0,9,190.1
2025-12-22,NB-1135,218.0,0.0,9,190.1
2025-12-29,NB-1135,346.0,0.0,9,190.1
2024-01-01,NB-1136,285.0,614.0,20,573.1
2024-01-08,NB-1136,178.0,0.0,20,573.1
2024-01-15,NB-1136,636.0,0.0,20,573.1
2024-01-22,NB-1136,527.0,0.0,20,573.1
2024-01-29,NB-1136,1181.0,0.0,20,573.1
2024-02-05,NB-1136,1076.0,0.0,20,573.1
2024-02-12,NB-1136,971.0,0.0,20,573.1
2024-02-19,NB-1136,827.0,0.0,20,573.1
2024-02-26,NB-1136,702.0,0.0,20,573.1
2024-03-04,NB-1136,561.0,0.0,20,573.1
2024-03-11,NB-1136,422.0,0.0,20,573.1
2024-03-18,NB-1136,253.0,0.0,20,573.1
2024-03-25,NB-1136,92.0,0.0,20,573.1
2024-04-01,NB-1136,0.0,0.0,20,573.1
2024-04-08,NB-1136,0.0,851.0,20,573.1
2024-04-15,NB-1136,564.0,825.0,20,573.1
2024-04-22,NB-1136,350.0,0.0,20,573.1
2024-04-29,NB-1136,813.0,0.0,20,573.1
2024-05-06,NB-1136,604.0,0.0,20,573.1
2024-05-13,NB-1136,1233.0,0.0,20,573.1
2024-05-20,NB-1136,1054.0,0.0,20,573.1
2024-05-27,NB-1136,859.0,0.0,20,573.1
2024-06-03,NB-1136,653.0,0.0,20,573.1
2024-06-10,NB-1136,470.0,650.0,20,573.1
2024-06-17,NB-1136,213.0,0.0,20,573.1
2024-06-24,NB-1136,765.0,0.0,20,573.1
2024-07-01,NB-1136,599.0,0.0,20,573.1
2024-07-08,NB-1136,459.0,0.0,20,573.1
2024-07-15,NB-1136,275.0,0.0,20,573.1
2024-07-22,NB-1136,793.0,0.0,20,573.1
2024-07-29,NB-1136,602.0,0.0,20,573.1
2024-08-05,NB-1136,959.0,0.0,20,573.1
2024-08-12,NB-1136,835.0,0.0,20,573.1
2024-08-19,NB-1136,657.0,0.0,20,573.1
2024-08-26,NB-1136,1137.0,0.0,20,573.1
2024-09-02,NB-1136,974.0,0.0,20,573.1
2024-09-09,NB-1136,870.0,0.0,20,573.1
2024-09-16,NB-1136,730.0,0.0,20,573.1
2024-09-23,NB-1136,584.0,0.0,20,573.1
2024-09-30,NB-1136,1094.0,0.0,20,573.1
2024-10-07,NB-1136,986.0,0.0,20,573.1
2024-10-14,NB-1136,871.0,0.0,20,573.1
2024-10-21,NB-1136,769.0,0.0,20,573.1
2024-10-28,NB-1136,663.0,0.0,20,573.1
2024-11-04,NB-1136,577.0,0.0,20,573.1
2024-11-11,NB-1136,468.0,610.0,20,573.1
2024-11-18,NB-1136,380.0,0.0,20,573.1
2024-11-25,NB-1136,856.0,0.0,20,573.1
2024-12-02,NB-1136,786.0,0.0,20,573.1
2024-12-09,NB-1136,691.0,0.0,20,573.1
2024-12-16,NB-1136,607.0,0.0,20,573.1
2024-12-23,NB-1136,516.0,0.0,20,573.1
2024-12-30,NB-1136,425.0,863.0,20,573.1
2025-01-06,NB-1136,343.0,0.0,20,573.1
2025-01-13,NB-1136,803.0,0.0,20,573.1
2025-01-20,NB-1136,720.0,0.0,20,573.1
2025-01-27,NB-1136,634.0,0.0,20,573.1
2025-02-03,NB-1136,1140.0,0.0,20,573.1
2025-02-10,NB-1136,1017.0,0.0,20,573.1
2025-02-17,NB-1136,894.0,0.0,20,573.1
2025-02-24,NB-1136,769.0,0.0,20,573.1
2025-03-03,NB-1136,596.0,0.0,20,573.1
2025-03-10,NB-1136,467.0,628.0,20,573.1
2025-03-17,NB-1136,297.0,0.0,20,573.1
2025-03-24,NB-1136,751.0,600.0,20,573.1
2025-03-31,NB-1136,563.0,0.0,20,573.1
2025-04-07,NB-1136,380.0,0.0,20,573.1
2025-04-14,NB-1136,239.0,0.0,20,573.1
2025-04-21,NB-1136,42.0,0.0,20,573.1
2025-04-28,NB-1136,0.0,0.0,20,573.1
2025-05-05,NB-1136,0.0,0.0,20,573.1
2025-05-12,NB-1136,471.0,856.0,20,573.1
2025-05-19,NB-1136,772.0,0.0,20,573.1
2025-05-26,NB-1136,615.0,0.0,20,573.1
2025-06-02,NB-1136,930.0,0.0,20,573.1
2025-06-09,NB-1136,781.0,0.0,20,573.1
2025-06-16,NB-1136,590.0,0.0,20,573.1
2025-06-23,NB-1136,1096.0,0.0,20,573.1
2025-06-30,NB-1136,928.0,0.0,20,573.1
2025-07-07,NB-1136,733.0,0.0,20,573.1
2025-07-14,NB-1136,572.0,559.0,20,573.1
2025-07-21,NB-1136,338.0,0.0,20,573.1
2025-07-28,NB-1136,855.0,0.0,20,573.1
2025-08-04,NB-1136,722.0,0.0,20,573.1
2025-08-11,NB-1136,601.0,0.0,20,573.1
2025-08-18,NB-1136,436.0,0.0,20,573.1
2025-08-25,NB-1136,317.0,633.0,20,573.1
2025-09-01,NB-1136,881.0,742.0,20,573.1
2025-09-08,NB-1136,723.0,0.0,20,573.1
2025-09-15,NB-1136,586.0,0.0,20,573.1
2025-09-22,NB-1136,478.0,0.0,20,573.1
2025-09-29,NB-1136,1063.0,0.0,20,573.1
2025-10-06,NB-1136,953.0,0.0,20,573.1
2025-10-13,NB-1136,836.0,0.0,20,573.1
2025-10-20,NB-1136,680.0,0.0,20,573.1
2025-10-27,NB-1136,606.0,0.0,20,573.1
2025-11-03,NB-1136,530.0,0.0,20,573.1
2025-11-10,NB-1136,473.0,619.0,20,573.1
2025-11-17,NB-1136,384.0,713.0,20,573.1
2025-11-24,NB-1136,884.0,0.0,20,573.1
2025-12-01,NB-1136,814.0,0.0,20,573.1
2025-12-08,NB-1136,729.0,0.0,20,573.1
2025-12-15,NB-1136,655.0,0.0,20,573.1
2025-12-22,NB-1136,586.0,0.0,20,573.1
2025-12-29,NB-1136,505.0,0.0,20,573.1
2024-01-01,NB-1137,111.0,395.0,10,397.1
2024-01-08,NB-1137,313.0,0.0,10,397.1
2024-01-15,NB-1137,66.0,590.0,10,397.1
2024-01-22,NB-1137,421.0,421.0,10,397.1
2024-01-29,NB-1137,165.0,0.0,10,397.1
2024-02-05,NB-1137,405.0,0.0,10,397.1
2024-02-12,NB-1137,147.0,564.0,10,397.1
2024-02-19,NB-1137,505.0,0.0,10,397.1
2024-02-26,NB-1137,311.0,0.0,10,397.1
2024-03-04,NB-1137,669.0,0.0,10,397.1
2024-03-11,NB-1137,448.0,0.0,10,397.1
2024-03-18,NB-1137,260.0,574.0,10,397.1
2024-03-25,NB-1137,115.0,0.0,10,397.1
2024-04-01,NB-1137,0.0,0.0,10,397.1
2024-04-08,NB-1137,0.0,0.0,10,397.1
2024-04-15,NB-1137,0.0,445.0,10,397.1
2024-04-22,NB-1137,0.0,0.0,10,397.1
2024-04-29,NB-1137,0.0,473.0,10,397.1
2024-05-06,NB-1137,0.0,0.0,10,397.1
2024-05-13,NB-1137,0.0,578.0,10,397.1
2024-05-20,NB-1137,0.0,0.0,10,397.1
2024-05-27,NB-1137,0.0,452.0,10,397.1
2024-06-03,NB-1137,0.0,388.0,10,397.1
2024-06-10,NB-1137,0.0,405.0,10,397.1
2024-06-17,NB-1137,0.0,0.0,10,397.1
2024-06-24,NB-1137,0.0,0.0,10,397.1
2024-07-01,NB-1137,0.0,410.0,10,397.1
2024-07-08,NB-1137,0.0,0.0,10,397.1
2024-07-15,NB-1137,780.0,0.0,10,397.1
2024-07-22,NB-1137,625.0,0.0,10,397.1
2024-07-29,NB-1137,490.0,0.0,10,397.1
2024-08-05,NB-1137,333.0,0.0,10,397.1
2024-08-12,NB-1137,618.0,0.0,10,397.1
2024-08-19,NB-1137,428.0,0.0,10,397.1
2024-08-26,NB-1137,743.0,0.0,10,397.1
2024-09-02,NB-1137,541.0,0.0,10,397.1
2024-09-09,NB-1137,386.0,0.0,10,397.1
2024-09-16,NB-1137,174.0,412.0,10,397.1
2024-09-23,NB-1137,572.0,0.0,10,397.1
2024-09-30,NB-1137,363.0,0.0,10,397.1
2024-10-07,NB-1137,513.0,409.0,10,397.1
2024-10-14,NB-1137,249.0,440.0,10,397.1
2024-10-21,NB-1137,598.0,0.0,10,397.1
2024-10-28,NB-1137,882.0,0.0,10,397.1
2024-11-04,NB-1137,637.0,0.0,10,397.1
2024-11-11,NB-1137,393.0,0.0,10,397.1
2024-11-18,NB-1137,183.0,0.0,10,397.1
2024-11-25,NB-1137,0.0,0.0,10,397.1
2024-12-02,NB-1137,739.0,0.0,10,397.1
2024-12-09,NB-1137,514.0,0.0,10,397.1
2024-12-16,NB-1137,236.0,0.0,10,397.1
2024-12-23,NB-1137,19.0,0.0,10,397.1
2024-12-30,NB-1137,0.0,396.0,10,397.1
2025-01-06,NB-1137,492.0,0.0,10,397.1
2025-01-13,NB-1137,250.0,0.0,10,397.1
2025-01-20,NB-1137,31.0,0.0,10,397.1
2025-01-27,NB-1137,0.0,0.0,10,397.1
2025-02-03,NB-1137,477.0,0.0,10,397.1
2025-02-10,NB-1137,212.0,0.0,10,397.1
2025-02-17,NB-1137,460.0,0.0,10,397.1
2025-02-24,NB-1137,756.0,0.0,10,397.1
2025-03-03,NB-1137,519.0,0.0,10,397.1
2025-03-10,NB-1137,350.0,0.0,10,397.1
2025-03-17,NB-1137,183.0,0.0,10,397.1
2025-03-24,NB-1137,61.0,0.0,10,397.1
2025-03-31,NB-1137,929.0,567.0,10,397.1
2025-04-07,NB-1137,718.0,0.0,10,397.1
2025-04-14,NB-1137,564.0,0.0,10,397.1
2025-04-21,NB-1137,438.0,0.0,10,397.1
2025-04-28,NB-1137,318.0,451.0,10,397.1
2025-05-05,NB-1137,208.0,0.0,10,397.1
2025-05-12,NB-1137,70.0,0.0,10,397.1
2025-05-19,NB-1137,739.0,0.0,10,397.1
2025-05-26,NB-1137,624.0,0.0,10,397.1
2025-06-02,NB-1137,499.0,0.0,10,397.1
2025-06-09,NB-1137,392.0,0.0,10,397.1
2025-06-16,NB-1137,278.0,0.0,10,397.1
2025-06-23,NB-1137,504.0,0.0,10,397.1
2025-06-30,NB-1137,376.0,608.0,10,397.1
2025-07-07,NB-1137,764.0,0.0,10,397.1
2025-07-14,NB-1137,634.0,0.0,10,397.1
2025-07-21,NB-1137,470.0,0.0,10,397.1
2025-07-28,NB-1137,314.0,0.0,10,397.1
2025-08-04,NB-1137,188.0,0.0,10,397.1
2025-08-11,NB-1137,481.0,0.0,10,397.1
2025-08-18,NB-1137,301.0,0.0,10,397.1
2025-08-25,NB-1137,142.0,0.0,10,397.1
2025-09-01,NB-1137,337.0,546.0,10,397.1
2025-09-08,NB-1137,603.0,0.0,10,397.1
2025-09-15,NB-1137,396.0,0.0,10,397.1
2025-09-22,NB-1137,839.0,591.0,10,397.1
2025-09-29,NB-1137,656.0,0.0,10,397.1
2025-10-06,NB-1137,494.0,0.0,10,397.1
2025-10-13,NB-1137,291.0,0.0,10,397.1
2025-10-20,NB-1137,0.0,0.0,10,397.1
2025-10-27,NB-1137,381.0,0.0,10,397.1
2025-11-03,NB-1137,155.0,0.0,10,397.1
2025-11-10,NB-1137,504.0,0.0,10,397.1
2025-11-17,NB-1137,226.0,0.0,10,397.1
2025-11-24,NB-1137,554.0,0.0,10,397.1
2025-12-01,NB-1137,322.0,0.0,10,397.1
2025-12-08,NB-1137,138.0,0.0,10,397.1
2025-12-15,NB-1137,473.0,0.0,10,397.1
2025-12-22,NB-1137,298.0,0.0,10,397.1
2025-12-29,NB-1137,704.0,0.0,10,397.1
2024-01-01,NB-1138,94.0,0.0,18,144.8
2024-01-08,NB-1138,43.0,0.0,18,144.8
2024-01-15,NB-1138,0.0,0.0,18,144.8
2024-01-22,NB-1138,153.0,0.0,18,144.8
2024-01-29,NB-1138,100.0,175.0,18,144.8
2024-02-05,NB-1138,34.0,0.0,18,144.8
2024-02-12,NB-1138,0.0,163.0,18,144.8
2024-02-19,NB-1138,164.0,0.0,18,144.8
2024-02-26,NB-1138,107.0,147.0,18,144.8
2024-03-04,NB-1138,272.0,0.0,18,144.8
2024-03-11,NB-1138,216.0,0.0,18,144.8
2024-03-18,NB-1138,192.0,0.0,18,144.8
2024-03-25,NB-1138,152.0,0.0,18,144.8
2024-04-01,NB-1138,116.0,193.0,18,144.8
2024-04-08,NB-1138,95.0,0.0,18,144.8
2024-04-15,NB-1138,221.0,0.0,18,144.8
2024-04-22,NB-1138,199.0,0.0,18,144.8
2024-04-29,NB-1138,171.0,0.0,18,144.8
2024-05-06,NB-1138,144.0,171.0,18,144.8
2024-05-13,NB-1138,120.0,0.0,18,144.8
2024-05-20,NB-1138,99.0,0.0,18,144.8
2024-05-27,NB-1138,245.0,0.0,18,144.8
2024-06-03,NB-1138,222.0,0.0,18,144.8
2024-06-10,NB-1138,194.0,0.0,18,144.8
2024-06-17,NB-1138,161.0,0.0,18,144.8
2024-06-24,NB-1138,128.0,0.0,18,144.8
2024-07-01,NB-1138,95.0,204.0,18,144.8
2024-07-08,NB-1138,69.0,0.0,18,144.8
2024-07-15,NB-1138,45.0,0.0,18,144.8
2024-07-22,NB-1138,8.0,0.0,18,144.8
2024-07-29,NB-1138,140.0,161.0,18,144.8
2024-08-05,NB-1138,103.0,0.0,18,144.8
2024-08-12,NB-1138,72.0,0.0,18,144.8
2024-08-19,NB-1138,8.0,0.0,18,144.8
2024-08-26,NB-1138,0.0,0.0,18,144.8
2024-09-02,NB-1138,0.0,0.0,18,144.8
2024-09-09,NB-1138,0.0,0.0,18,144.8
2024-09-16,NB-1138,0.0,191.0,18,144.8
2024-09-23,NB-1138,156.0,0.0,18,144.8
2024-09-30,NB-1138,89.0,0.0,18,144.8
2024-10-07,NB-1138,178.0,171.0,18,144.8
2024-10-14,NB-1138,90.0,198.0,18,144.8
2024-10-21,NB-1138,195.0,0.0,18,144.8
2024-10-28,NB-1138,136.0,0.0,18,144.8
2024-11-04,NB-1138,254.0,0.0,18,144.8
2024-11-11,NB-1138,169.0,0.0,18,144.8
2024-11-18,NB-1138,93.0,0.0,18,144.8
2024-11-25,NB-1138,0.0,0.0,18,144.8
2024-12-02,NB-1138,0.0,0.0,18,144.8
2024-12-09,NB-1138,143.0,166.0,18,144.8
2024-12-16,NB-1138,288.0,0.0,18,144.8
2024-12-23,NB-1138,220.0,0.0,18,144.8
2024-12-30,NB-1138,114.0,156.0,18,144.8
2025-01-06,NB-1138,167.0,0.0,18,144.8
2025-01-13,NB-1138,75.0,0.0,18,144.8
2025-01-20,NB-1138,196.0,0.0,18,144.8
2025-01-27,NB-1138,247.0,0.0,18,144.8
2025-02-03,NB-1138,177.0,0.0,18,144.8
2025-02-10,NB-1138,95.0,0.0,18,144.8
2025-02-17,NB-1138,17.0,0.0,18,144.8
2025-02-24,NB-1138,0.0,0.0,18,144.8
2025-03-03,NB-1138,0.0,154.0,18,144.8
2025-03-10,NB-1138,0.0,0.0,18,144.8
2025-03-17,NB-1138,0.0,0.0,18,144.8
2025-03-24,NB-1138,0.0,0.0,18,144.8
2025-03-31,NB-1138,0.0,0.0,18,144.8
2025-04-07,NB-1138,159.0,159.0,18,144.8
2025-04-14,NB-1138,98.0,0.0,18,144.8
2025-04-21,NB-1138,66.0,0.0,18,144.8
2025-04-28,NB-1138,18.0,0.0,18,144.8
2025-05-05,NB-1138,170.0,0.0,18,144.8
2025-05-12,NB-1138,125.0,0.0,18,144.8
2025-05-19,NB-1138,247.0,177.0,18,144.8
2025-05-26,NB-1138,210.0,0.0,18,144.8
2025-06-02,NB-1138,177.0,0.0,18,144.8
2025-06-09,NB-1138,143.0,0.0,18,144.8
2025-06-16,NB-1138,106.0,0.0,18,144.8
2025-06-23,NB-1138,226.0,0.0,18,144.8
2025-06-30,NB-1138,178.0,0.0,18,144.8
2025-07-07,NB-1138,141.0,0.0,18,144.8
2025-07-14,NB-1138,90.0,0.0,18,144.8
2025-07-21,NB-1138,5.0,0.0,18,144.8
2025-07-28,NB-1138,152.0,0.0,18,144.8
2025-08-04,NB-1138,240.0,0.0,18,144.8
2025-08-11,NB-1138,187.0,0.0,18,144.8
2025-08-18,NB-1138,99.0,0.0,18,144.8
2025-08-25,NB-1138,26.0,0.0,18,144.8
2025-09-01,NB-1138,0.0,217.0,18,144.8
2025-09-08,NB-1138,99.0,154.0,18,144.8
2025-09-15,NB-1138,236.0,216.0,18,144.8
2025-09-22,NB-1138,146.0,0.0,18,144.8
2025-09-29,NB-1138,38.0,0.0,18,144.8
2025-10-06,NB-1138,0.0,216.0,18,144.8
2025-10-13,NB-1138,111.0,0.0,18,144.8
2025-10-20,NB-1138,0.0,0.0,18,144.8
2025-10-27,NB-1138,0.0,0.0,18,144.8
2025-11-03,NB-1138,0.0,0.0,18,144.8
2025-11-10,NB-1138,0.0,0.0,18,144.8
2025-11-17,NB-1138,0.0,0.0,18,144.8
2025-11-24,NB-1138,164.0,0.0,18,144.8
2025-12-01,NB-1138,236.0,0.0,18,144.8
2025-12-08,NB-1138,118.0,0.0,18,144.8
2025-12-15,NB-1138,217.0,0.0,18,144.8
2025-12-22,NB-1138,260.0,0.0,18,144.8
2025-12-29,NB-1138,168.0,0.0,18,144.8
2024-01-01,NB-1139,214.0,0.0,15,683.9
2024-01-08,NB-1139,902.0,0.0,15,683.9
2024-01-15,NB-1139,606.0,0.0,15,683.9
2024-01-22,NB-1139,328.0,763.0,15,683.9
2024-01-29,NB-1139,747.0,0.0,15,683.9
2024-02-05,NB-1139,452.0,0.0,15,683.9
2024-02-12,NB-1139,158.0,0.0,15,683.9
2024-02-19,NB-1139,0.0,0.0,15,683.9
2024-02-26,NB-1139,504.0,653.0,15,683.9
2024-03-04,NB-1139,210.0,0.0,15,683.9
2024-03-11,NB-1139,631.0,0.0,15,683.9
2024-03-18,NB-1139,314.0,756.0,15,683.9
2024-03-25,NB-1139,0.0,671.0,15,683.9
2024-04-01,NB-1139,783.0,0.0,15,683.9
2024-04-08,NB-1139,459.0,820.0,15,683.9
2024-04-15,NB-1139,189.0,0.0,15,683.9
2024-04-22,NB-1139,0.0,907.0,15,683.9
2024-04-29,NB-1139,783.0,0.0,15,683.9
2024-05-06,NB-1139,509.0,0.0,15,683.9
2024-05-13,NB-1139,216.0,820.0,15,683.9
2024-05-20,NB-1139,0.0,0.0,15,683.9
2024-05-27,NB-1139,0.0,0.0,15,683.9
2024-06-03,NB-1139,0.0,0.0,15,683.9
2024-06-10,NB-1139,0.0,0.0,15,683.9
2024-06-17,NB-1139,0.0,0.0,15,683.9
2024-06-24,NB-1139,0.0,0.0,15,683.9
2024-07-01,NB-1139,0.0,0.0,15,683.9
2024-07-08,NB-1139,0.0,813.0,15,683.9
2024-07-15,NB-1139,0.0,0.0,15,683.9
2024-07-22,NB-1139,0.0,931.0,15,683.9
2024-07-29,NB-1139,0.0,763.0,15,683.9
2024-08-05,NB-1139,0.0,0.0,15,683.9
2024-08-12,NB-1139,0.0,0.0,15,683.9
2024-08-19,NB-1139,0.0,0.0,15,683.9
2024-08-26,NB-1139,0.0,0.0,15,683.9
2024-09-02,NB-1139,0.0,0.0,15,683.9
2024-09-09,NB-1139,853.0,853.0,15,683.9
2024-09-16,NB-1139,665.0,0.0,15,683.9
2024-09-23,NB-1139,1517.0,0.0,15,683.9
2024-09-30,NB-1139,1302.0,0.0,15,683.9
2024-10-07,NB-1139,1102.0,0.0,15,683.9
2024-10-14,NB-1139,900.0,0.0,15,683.9
2024-10-21,NB-1139,716.0,0.0,15,683.9
2024-10-28,NB-1139,524.0,0.0,15,683.9
2024-11-04,NB-1139,328.0,0.0,15,683.9
2024-11-11,NB-1139,135.0,0.0,15,683.9
2024-11-18,NB-1139,0.0,0.0,15,683.9
2024-11-25,NB-1139,597.0,0.0,15,683.9
2024-12-02,NB-1139,340.0,0.0,15,683.9
2024-12-09,NB-1139,122.0,0.0,15,683.9
2024-12-16,NB-1139,0.0,929.0,15,683.9
2024-12-23,NB-1139,0.0,0.0,15,683.9
2024-12-30,NB-1139,0.0,944.0,15,683.9
2025-01-06,NB-1139,0.0,0.0,15,683.9
2025-01-13,NB-1139,0.0,695.0,15,683.9
2025-01-20,NB-1139,625.0,0.0,15,683.9
2025-01-27,NB-1139,272.0,0.0,15,683.9
2025-02-03,NB-1139,896.0,0.0,15,683.9
2025-02-10,NB-1139,634.0,0.0,15,683.9
2025-02-17,NB-1139,251.0,0.0,15,683.9
2025-02-24,NB-1139,0.0,940.0,15,683.9
2025-03-03,NB-1139,0.0,0.0,15,683.9
2025-03-10,NB-1139,0.0,0.0,15,683.9
2025-03-17,NB-1139,588.0,0.0,15,683.9
2025-03-24,NB-1139,207.0,0.0,15,683.9
2025-03-31,NB-1139,1480.0,915.0,15,683.9
2025-04-07,NB-1139,1047.0,0.0,15,683.9
2025-04-14,NB-1139,729.0,0.0,15,683.9
2025-04-21,NB-1139,449.0,0.0,15,683.9
2025-04-28,NB-1139,163.0,0.0,15,683.9
2025-05-05,NB-1139,0.0,0.0,15,683.9
2025-05-12,NB-1139,638.0,0.0,15,683.9
2025-05-19,NB-1139,98.0,0.0,15,683.9
2025-05-26,NB-1139,0.0,1052.0,15,683.9
2025-06-02,NB-1139,968.0,0.0,15,683.9
2025-06-09,NB-1139,683.0,0.0,15,683.9
2025-06-16,NB-1139,1153.0,0.0,15,683.9
2025-06-23,NB-1139,886.0,0.0,15,683.9
2025-06-30,NB-1139,587.0,1014.0,15,683.9
2025-07-07,NB-1139,368.0,730.0,15,683.9
2025-07-14,NB-1139,120.0,0.0,15,683.9
2025-07-21,NB-1139,0.0,0.0,15,683.9
2025-07-28,NB-1139,0.0,0.0,15,683.9
2025-08-04,NB-1139,0.0,914.0,15,683.9
2025-08-11,NB-1139,0.0,0.0,15,683.9
2025-08-18,NB-1139,0.0,0.0,15,683.9
2025-08-25,NB-1139,0.0,0.0,15,683.9
2025-09-01,NB-1139,0.0,0.0,15,683.9
2025-09-08,NB-1139,0.0,790.0,15,683.9
2025-09-15,NB-1139,621.0,853.0,15,683.9
2025-09-22,NB-1139,1305.0,858.0,15,683.9
2025-09-29,NB-1139,1092.0,0.0,15,683.9
2025-10-06,NB-1139,879.0,0.0,15,683.9
2025-10-13,NB-1139,655.0,977.0,15,683.9
2025-10-20,NB-1139,300.0,0.0,15,683.9
2025-10-27,NB-1139,954.0,0.0,15,683.9
2025-11-03,NB-1139,763.0,0.0,15,683.9
2025-11-10,NB-1139,569.0,0.0,15,683.9
2025-11-17,NB-1139,231.0,0.0,15,683.9
2025-11-24,NB-1139,642.0,0.0,15,683.9
2025-12-01,NB-1139,369.0,0.0,15,683.9
2025-12-08,NB-1139,927.0,0.0,15,683.9
2025-12-15,NB-1139,690.0,0.0,15,683.9
2025-12-22,NB-1139,1439.0,0.0,15,683.9
2025-12-29,NB-1139,1102.0,0.0,15,683.9
2024-01-01,NB-1140,345.0,0.0,16,824.0
2024-01-08,NB-1140,50.0,0.0,16,824.0
2024-01-15,NB-1140,780.0,939.0,16,824.0
2024-01-22,NB-1140,1291.0,0.0,16,824.0
2024-01-29,NB-1140,1016.0,0.0,16,824.0
2024-02-05,NB-1140,796.0,0.0,16,824.0
2024-02-12,NB-1140,556.0,0.0,16,824.0
2024-02-19,NB-1140,1399.0,0.0,16,824.0
2024-02-26,NB-1140,1127.0,0.0,16,824.0
2024-03-04,NB-1140,886.0,0.0,16,824.0
2024-03-11,NB-1140,650.0,0.0,16,824.0
2024-03-18,NB-1140,381.0,0.0,16,824.0
2024-03-25,NB-1140,156.0,0.0,16,824.0
2024-04-01,NB-1140,0.0,0.0,16,824.0
2024-04-08,NB-1140,1647.0,982.0,16,824.0
2024-04-15,NB-1140,1451.0,0.0,16,824.0
2024-04-22,NB-1140,1183.0,0.0,16,824.0
2024-04-29,NB-1140,937.0,0.0,16,824.0
2024-05-06,NB-1140,720.0,0.0,16,824.0
2024-05-13,NB-1140,1383.0,0.0,16,824.0
2024-05-20,NB-1140,1126.0,0.0,16,824.0
2024-05-27,NB-1140,822.0,978.0,16,824.0
2024-06-03,NB-1140,568.0,0.0,16,824.0
2024-06-10,NB-1140,330.0,925.0,16,824.0
2024-06-17,NB-1140,0.0,0.0,16,824.0
2024-06-24,NB-1140,0.0,0.0,16,824.0
2024-07-01,NB-1140,1079.0,0.0,16,824.0
2024-07-08,NB-1140,829.0,0.0,16,824.0
2024-07-15,NB-1140,580.0,0.0,16,824.0
2024-07-22,NB-1140,301.0,0.0,16,824.0
2024-07-29,NB-1140,44.0,0.0,16,824.0
2024-08-05,NB-1140,1023.0,0.0,16,824.0
2024-08-12,NB-1140,737.0,780.0,16,824.0
2024-08-19,NB-1140,463.0,0.0,16,824.0
2024-08-26,NB-1140,1389.0,0.0,16,824.0
2024-09-02,NB-1140,1059.0,0.0,16,824.0
2024-09-09,NB-1140,766.0,0.0,16,824.0
2024-09-16,NB-1140,1364.0,0.0,16,824.0
2024-09-23,NB-1140,1093.0,0.0,16,824.0
2024-09-30,NB-1140,825.0,0.0,16,824.0
2024-10-07,NB-1140,544.0,917.0,16,824.0
2024-10-14,NB-1140,1218.0,0.0,16,824.0
2024-10-21,NB-1140,953.0,0.0,16,824.0
2024-10-28,NB-1140,699.0,0.0,16,824.0
2024-11-04,NB-1140,1459.0,0.0,16,824.0
2024-11-11,NB-1140,1126.0,0.0,16,824.0
2024-11-18,NB-1140,876.0,0.0,16,824.0
2024-11-25,NB-1140,624.0,0.0,16,824.0
2024-12-02,NB-1140,332.0,0.0,16,824.0
2024-12-09,NB-1140,906.0,0.0,16,824.0
2024-12-16,NB-1140,671.0,0.0,16,824.0
2024-12-23,NB-1140,1701.0,0.0,16,824.0
2024-12-30,NB-1140,1440.0,0.0,16,824.0
2025-01-06,NB-1140,1201.0,0.0,16,824.0
2025-01-13,NB-1140,993.0,0.0,16,824.0
2025-01-20,NB-1140,798.0,976.0,16,824.0
2025-01-27,NB-1140,1488.0,0.0,16,824.0
2025-02-03,NB-1140,1276.0,0.0,16,824.0
2025-02-10,NB-1140,1065.0,0.0,16,824.0
2025-02-17,NB-1140,850.0,0.0,16,824.0
2025-02-24,NB-1140,655.0,0.0,16,824.0
2025-03-03,NB-1140,372.0,1088.0,16,824.0
2025-03-10,NB-1140,1195.0,0.0,16,824.0
2025-03-17,NB-1140,995.0,0.0,16,824.0
2025-03-24,NB-1140,804.0,0.0,16,824.0
2025-03-31,NB-1140,560.0,0.0,16,824.0
2025-04-07,NB-1140,267.0,0.0,16,824.0
2025-04-14,NB-1140,969.0,0.0,16,824.0
2025-04-21,NB-1140,1815.0,0.0,16,824.0
2025-04-28,NB-1140,1610.0,0.0,16,824.0
2025-05-05,NB-1140,1430.0,0.0,16,824.0
2025-05-12,NB-1140,1190.0,0.0,16,824.0
2025-05-19,NB-1140,929.0,0.0,16,824.0
2025-05-26,NB-1140,742.0,0.0,16,824.0
2025-06-02,NB-1140,561.0,1095.0,16,824.0
2025-06-09,NB-1140,1239.0,869.0,16,824.0
2025-06-16,NB-1140,1056.0,0.0,16,824.0
2025-06-23,NB-1140,830.0,0.0,16,824.0
2025-06-30,NB-1140,629.0,0.0,16,824.0
2025-07-07,NB-1140,1548.0,1127.0,16,824.0
2025-07-14,NB-1140,1337.0,0.0,16,824.0
2025-07-21,NB-1140,1046.0,0.0,16,824.0
2025-07-28,NB-1140,734.0,0.0,16,824.0
2025-08-04,NB-1140,417.0,0.0,16,824.0
2025-08-11,NB-1140,1057.0,0.0,16,824.0
2025-08-18,NB-1140,1689.0,0.0,16,824.0
2025-08-25,NB-1140,1439.0,0.0,16,824.0
2025-09-01,NB-1140,1130.0,0.0,16,824.0
2025-09-08,NB-1140,767.0,871.0,16,824.0
2025-09-15,NB-1140,520.0,0.0,16,824.0
2025-09-22,NB-1140,296.0,790.0,16,824.0
2025-09-29,NB-1140,983.0,0.0,16,824.0
2025-10-06,NB-1140,1688.0,0.0,16,824.0
2025-10-13,NB-1140,1348.0,0.0,16,824.0
2025-10-20,NB-1140,990.0,0.0,16,824.0
2025-10-27,NB-1140,724.0,0.0,16,824.0
2025-11-03,NB-1140,1544.0,0.0,16,824.0
2025-11-10,NB-1140,1325.0,0.0,16,824.0
2025-11-17,NB-1140,1065.0,0.0,16,824.0
2025-11-24,NB-1140,841.0,0.0,16,824.0
2025-12-01,NB-1140,628.0,0.0,16,824.0
2025-12-08,NB-1140,418.0,0.0,16,824.0
2025-12-15,NB-1140,1285.0,0.0,16,824.0
2025-12-22,NB-1140,1071.0,0.0,16,824.0
2025-12-29,NB-1140,816.0,1220.0,16,824.0
2024-01-01,NB-1141,234.0,0.0,14,142.9
2024-01-08,NB-1141,187.0,0.0,14,142.9
2024-01-15,NB-1141,104.0,166.0,14,142.9
2024-01-22,NB-1141,42.0,0.0,14,142.9
2024-01-29,NB-1141,184.0,0.0,14,142.9
2024-02-05,NB-1141,286.0,0.0,14,142.9
2024-02-12,NB-1141,230.0,0.0,14,142.9
2024-02-19,NB-1141,191.0,0.0,14,142.9
2024-02-26,NB-1141,149.0,0.0,14,142.9
2024-03-04,NB-1141,89.0,0.0,14,142.9
2024-03-11,NB-1141,241.0,0.0,14,142.9
2024-03-18,NB-1141,188.0,0.0,14,142.9
2024-03-25,NB-1141,132.0,0.0,14,142.9
2024-04-01,NB-1141,56.0,0.0,14,142.9
2024-04-08,NB-1141,13.0,201.0,14,142.9
2024-04-15,NB-1141,0.0,0.0,14,142.9
2024-04-22,NB-1141,145.0,0.0,14,142.9
2024-04-29,NB-1141,85.0,185.0,14,142.9
2024-05-06,NB-1141,23.0,0.0,14,142.9
2024-05-13,NB-1141,0.0,166.0,14,142.9
2024-05-20,NB-1141,0.0,0.0,14,142.9
2024-05-27,NB-1141,148.0,0.0,14,142.9
2024-06-03,NB-1141,235.0,0.0,14,142.9
2024-06-10,NB-1141,179.0,0.0,14,142.9
2024-06-17,NB-1141,94.0,0.0,14,142.9
2024-06-24,NB-1141,33.0,0.0,14,142.9
2024-07-01,NB-1141,157.0,0.0,14,142.9
2024-07-08,NB-1141,240.0,0.0,14,142.9
2024-07-15,NB-1141,179.0,0.0,14,142.9
2024-07-22,NB-1141,138.0,0.0,14,142.9
2024-07-29,NB-1141,254.0,0.0,14,142.9
2024-08-05,NB-1141,210.0,0.0,14,142.9
2024-08-12,NB-1141,180.0,0.0,14,142.9
2024-08-19,NB-1141,123.0,0.0,14,142.9
2024-08-26,NB-1141,93.0,0.0,14,142.9
2024-09-02,NB-1141,56.0,0.0,14,142.9
2024-09-09,NB-1141,160.0,0.0,14,142.9
2024-09-16,NB-1141,121.0,0.0,14,142.9
2024-09-23,NB-1141,87.0,0.0,14,142.9
2024-09-30,NB-1141,259.0,0.0,14,142.9
2024-10-07,NB-1141,218.0,0.0,14,142.9
2024-10-14,NB-1141,160.0,0.0,14,142.9
2024-10-21,NB-1141,116.0,0.0,14,142.9
2024-10-28,NB-1141,253.0,0.0,14,142.9
2024-11-04,NB-1141,176.0,0.0,14,142.9
2024-11-11,NB-1141,127.0,0.0,14,142.9
2024-11-18,NB-1141,287.0,0.0,14,142.9
2024-11-25,NB-1141,257.0,0.0,14,142.9
2024-12-02,NB-1141,210.0,0.0,14,142.9
2024-12-09,NB-1141,172.0,0.0,14,142.9
2024-12-16,NB-1141,121.0,0.0,14,142.9
2024-12-23,NB-1141,77.0,0.0,14,142.9
2024-12-30,NB-1141,176.0,0.0,14,142.9
2025-01-06,NB-1141,325.0,207.0,14,142.9
2025-01-13,NB-1141,275.0,0.0,14,142.9
2025-01-20,NB-1141,230.0,0.0,14,142.9
2025-01-27,NB-1141,186.0,0.0,14,142.9
2025-02-03,NB-1141,126.0,152.0,14,142.9
2025-02-10,NB-1141,74.0,0.0,14,142.9
2025-02-17,NB-1141,6.0,142.0,14,142.9
2025-02-24,NB-1141,0.0,0.0,14,142.9
2025-03-03,NB-1141,0.0,169.0,14,142.9
2025-03-10,NB-1141,83.0,0.0,14,142.9
2025-03-17,NB-1141,0.0,0.0,14,142.9
2025-03-24,NB-1141,0.0,0.0,14,142.9
2025-03-31,NB-1141,0.0,0.0,14,142.9
2025-04-07,NB-1141,0.0,0.0,14,142.9
2025-04-14,NB-1141,0.0,0.0,14,142.9
2025-04-21,NB-1141,0.0,0.0,14,142.9
2025-04-28,NB-1141,185.0,0.0,14,142.9
2025-05-05,NB-1141,130.0,0.0,14,142.9
2025-05-12,NB-1141,63.0,0.0,14,142.9
2025-05-19,NB-1141,15.0,0.0,14,142.9
2025-05-26,NB-1141,0.0,0.0,14,142.9
2025-06-02,NB-1141,174.0,0.0,14,142.9
2025-06-09,NB-1141,95.0,0.0,14,142.9
2025-06-16,NB-1141,253.0,0.0,14,142.9
2025-06-23,NB-1141,213.0,0.0,14,142.9
2025-06-30,NB-1141,168.0,0.0,14,142.9
2025-07-07,NB-1141,117.0,0.0,14,142.9
2025-07-14,NB-1141,79.0,139.0,14,142.9
2025-07-21,NB-1141,38.0,0.0,14,142.9
2025-07-28,NB-1141,0.0,219.0,14,142.9
2025-08-04,NB-1141,120.0,0.0,14,142.9
2025-08-11,NB-1141,286.0,0.0,14,142.9
2025-08-18,NB-1141,237.0,0.0,14,142.9
2025-08-25,NB-1141,202.0,0.0,14,142.9
2025-09-01,NB-1141,141.0,154.0,14,142.9
2025-09-08,NB-1141,259.0,0.0,14,142.9
2025-09-15,NB-1141,216.0,0.0,14,142.9
2025-09-22,NB-1141,170.0,0.0,14,142.9
2025-09-29,NB-1141,140.0,0.0,14,142.9
2025-10-06,NB-1141,280.0,0.0,14,142.9
2025-10-13,NB-1141,213.0,0.0,14,142.9
2025-10-20,NB-1141,339.0,0.0,14,142.9
2025-10-27,NB-1141,289.0,0.0,14,142.9
2025-11-03,NB-1141,229.0,0.0,14,142.9
2025-11-10,NB-1141,194.0,0.0,14,142.9
2025-11-17,NB-1141,153.0,0.0,14,142.9
2025-11-24,NB-1141,98.0,179.0,14,142.9
2025-12-01,NB-1141,249.0,0.0,14,142.9
2025-12-08,NB-1141,210.0,0.0,14,142.9
2025-12-15,NB-1141,154.0,0.0,14,142.9
2025-12-22,NB-1141,304.0,188.0,14,142.9
2025-12-29,NB-1141,261.0,0.0,14,142.9
2024-01-01,NB-1142,335.0,0.0,9,142.9
2024-01-08,NB-1142,255.0,0.0,9,142.9
2024-01-15,NB-1142,182.0,0.0,9,142.9
2024-01-22,NB-1142,111.0,144.0,9,142.9
2024-01-29,NB-1142,199.0,0.0,9,142.9
2024-02-05,NB-1142,139.0,0.0,9,142.9
2024-02-12,NB-1142,257.0,0.0,9,142.9
2024-02-19,NB-1142,191.0,0.0,9,142.9
2024-02-26,NB-1142,138.0,0.0,9,142.9
2024-03-04,NB-1142,74.0,0.0,9,142.9
2024-03-11,NB-1142,1.0,0.0,9,142.9
2024-03-18,NB-1142,175.0,0.0,9,142.9
2024-03-25,NB-1142,311.0,0.0,9,142.9
2024-04-01,NB-1142,238.0,0.0,9,142.9
2024-04-08,NB-1142,182.0,0.0,9,142.9
2024-04-15,NB-1142,257.0,0.0,9,142.9
2024-04-22,NB-1142,198.0,0.0,9,142.9
2024-04-29,NB-1142,109.0,0.0,9,142.9
2024-05-06,NB-1142,174.0,0.0,9,142.9
2024-05-13,NB-1142,301.0,193.0,9,142.9
2024-05-20,NB-1142,239.0,0.0,9,142.9
2024-05-27,NB-1142,176.0,0.0,9,142.9
2024-06-03,NB-1142,100.0,0.0,9,142.9
2024-06-10,NB-1142,24.0,192.0,9,142.9
2024-06-17,NB-1142,0.0,0.0,9,142.9
2024-06-24,NB-1142,0.0,164.0,9,142.9
2024-07-01,NB-1142,135.0,204.0,9,142.9
2024-07-08,NB-1142,47.0,0.0,9,142.9
2024-07-15,NB-1142,163.0,0.0,9,142.9
2024-07-22,NB-1142,55.0,168.0,9,142.9
2024-07-29,NB-1142,97.0,0.0,9,142.9
2024-08-05,NB-1142,0.0,0.0,9,142.9
2024-08-12,NB-1142,0.0,0.0,9,142.9
2024-08-19,NB-1142,0.0,161.0,9,142.9
2024-08-26,NB-1142,0.0,0.0,9,142.9
2024-09-02,NB-1142,0.0,0.0,9,142.9
2024-09-09,NB-1142,0.0,0.0,9,142.9
2024-09-16,NB-1142,96.0,0.0,9,142.9
2024-09-23,NB-1142,0.0,0.0,9,142.9
2024-09-30,NB-1142,0.0,0.0,9,142.9
2024-10-07,NB-1142,136.0,0.0,9,142.9
2024-10-14,NB-1142,21.0,0.0,9,142.9
2024-10-21,NB-1142,0.0,0.0,9,142.9
2024-10-28,NB-1142,0.0,0.0,9,142.9
2024-11-04,NB-1142,0.0,0.0,9,142.9
2024-11-11,NB-1142,0.0,194.0,9,142.9
2024-11-18,NB-1142,144.0,0.0,9,142.9
2024-11-25,NB-1142,61.0,0.0,9,142.9
2024-12-02,NB-1142,0.0,0.0,9,142.9
2024-12-09,NB-1142,209.0,209.0,9,142.9
2024-12-16,NB-1142,133.0,0.0,9,142.9
2024-12-23,NB-1142,36.0,0.0,9,142.9
2024-12-30,NB-1142,0.0,0.0,9,142.9
2025-01-06,NB-1142,0.0,136.0,9,142.9
2025-01-13,NB-1142,0.0,0.0,9,142.9
2025-01-20,NB-1142,105.0,0.0,9,142.9
2025-01-27,NB-1142,27.0,0.0,9,142.9
2025-02-03,NB-1142,0.0,0.0,9,142.9
2025-02-10,NB-1142,181.0,0.0,9,142.9
2025-02-17,NB-1142,284.0,0.0,9,142.9
2025-02-24,NB-1142,219.0,0.0,9,142.9
2025-03-03,NB-1142,142.0,0.0,9,142.9
2025-03-10,NB-1142,280.0,0.0,9,142.9
2025-03-17,NB-1142,221.0,0.0,9,142.9
2025-03-24,NB-1142,168.0,0.0,9,142.9
2025-03-31,NB-1142,61.0,0.0,9,142.9
2025-04-07,NB-1142,126.0,181.0,9,142.9
2025-04-14,NB-1142,53.0,0.0,9,142.9
2025-04-21,NB-1142,0.0,0.0,9,142.9
2025-04-28,NB-1142,0.0,0.0,9,142.9
2025-05-05,NB-1142,0.0,0.0,9,142.9
2025-05-12,NB-1142,0.0,215.0,9,142.9
2025-05-19,NB-1142,0.0,0.0,9,142.9
2025-05-26,NB-1142,0.0,0.0,9,142.9
2025-06-02,NB-1142,0.0,190.0,9,142.9
2025-06-09,NB-1142,0.0,0.0,9,142.9
2025-06-16,NB-1142,183.0,0.0,9,142.9
2025-06-23,NB-1142,250.0,0.0,9,142.9
2025-06-30,NB-1142,160.0,0.0,9,142.9
2025-07-07,NB-1142,69.0,177.0,9,142.9
2025-07-14,NB-1142,0.0,0.0,9,142.9
2025-07-21,NB-1142,14.0,0.0,9,142.9
2025-07-28,NB-1142,0.0,0.0,9,142.9
2025-08-04,NB-1142,92.0,0.0,9,142.9
2025-08-11,NB-1142,0.0,216.0,9,142.9
2025-08-18,NB-1142,93.0,0.0,9,142.9
2025-08-25,NB-1142,0.0,0.0,9,142.9
2025-09-01,NB-1142,60.0,0.0,9,142.9
2025-09-08,NB-1142,219.0,219.0,9,142.9
2025-09-15,NB-1142,140.0,0.0,9,142.9
2025-09-22,NB-1142,195.0,0.0,9,142.9
2025-09-29,NB-1142,255.0,0.0,9,142.9
2025-10-06,NB-1142,143.0,0.0,9,142.9
2025-10-13,NB-1142,213.0,0.0,9,142.9
2025-10-20,NB-1142,57.0,0.0,9,142.9
2025-10-27,NB-1142,0.0,0.0,9,142.9
2025-11-03,NB-1142,0.0,0.0,9,142.9
2025-11-10,NB-1142,0.0,0.0,9,142.9
2025-11-17,NB-1142,0.0,0.0,9,142.9
2025-11-24,NB-1142,150.0,0.0,9,142.9
2025-12-01,NB-1142,263.0,0.0,9,142.9
2025-12-08,NB-1142,183.0,0.0,9,142.9
2025-12-15,NB-1142,115.0,0.0,9,142.9
2025-12-22,NB-1142,205.0,0.0,9,142.9
2025-12-29,NB-1142,120.0,0.0,9,142.9
2024-01-01,NB-1143,200.0,0.0,20,1032.2
2024-01-08,NB-1143,1282.0,0.0,20,1032.2
2024-01-15,NB-1143,970.0,0.0,20,1032.2
2024-01-22,NB-1143,642.0,1234.0,20,1032.2
2024-01-29,NB-1143,338.0,0.0,20,1032.2
2024-02-05,NB-1143,16.0,0.0,20,1032.2
2024-02-12,NB-1143,0.0,1077.0,20,1032.2
2024-02-19,NB-1143,0.0,1479.0,20,1032.2
2024-02-26,NB-1143,0.0,0.0,20,1032.2
2024-03-04,NB-1143,0.0,1051.0,20,1032.2
2024-03-11,NB-1143,0.0,0.0,20,1032.2
2024-03-18,NB-1143,1288.0,0.0,20,1032.2
2024-03-25,NB-1143,2406.0,1376.0,20,1032.2
2024-04-01,NB-1143,2185.0,0.0,20,1032.2
2024-04-08,NB-1143,1952.0,0.0,20,1032.2
2024-04-15,NB-1143,1693.0,0.0,20,1032.2
2024-04-22,NB-1143,1442.0,0.0,20,1032.2
2024-04-29,NB-1143,1170.0,0.0,20,1032.2
2024-05-06,NB-1143,966.0,0.0,20,1032.2
2024-05-13,NB-1143,730.0,0.0,20,1032.2
2024-05-20,NB-1143,479.0,1052.0,20,1032.2
2024-05-27,NB-1143,192.0,0.0,20,1032.2
2024-06-03,NB-1143,0.0,0.0,20,1032.2
2024-06-10,NB-1143,0.0,1403.0,20,1032.2
2024-06-17,NB-1143,0.0,0.0,20,1032.2
2024-06-24,NB-1143,1169.0,0.0,20,1032.2
2024-07-01,NB-1143,838.0,0.0,20,1032.2
2024-07-08,NB-1143,1969.0,0.0,20,1032.2
2024-07-15,NB-1143,1726.0,0.0,20,1032.2
2024-07-22,NB-1143,1394.0,0.0,20,1032.2
2024-07-29,NB-1143,1136.0,0.0,20,1032.2
2024-08-05,NB-1143,1811.0,0.0,20,1032.2
2024-08-12,NB-1143,1468.0,0.0,20,1032.2
2024-08-19,NB-1143,1072.0,0.0,20,1032.2
2024-08-26,NB-1143,1832.0,0.0,20,1032.2
2024-09-02,NB-1143,1390.0,0.0,20,1032.2
2024-09-09,NB-1143,995.0,0.0,20,1032.2
2024-09-16,NB-1143,525.0,0.0,20,1032.2
2024-09-23,NB-1143,134.0,1481.0,20,1032.2
2024-09-30,NB-1143,1327.0,0.0,20,1032.2
2024-10-07,NB-1143,896.0,0.0,20,1032.2
2024-10-14,NB-1143,428.0,0.0,20,1032.2
2024-10-21,NB-1143,0.0,1525.0,20,1032.2
2024-10-28,NB-1143,0.0,1026.0,20,1032.2
2024-11-04,NB-1143,0.0,0.0,20,1032.2
2024-11-11,NB-1143,828.0,0.0,20,1032.2
2024-11-18,NB-1143,1920.0,0.0,20,1032.2
2024-11-25,NB-1143,1491.0,0.0,20,1032.2
2024-12-02,NB-1143,1188.0,0.0,20,1032.2
2024-12-09,NB-1143,797.0,0.0,20,1032.2
2024-12-16,NB-1143,368.0,0.0,20,1032.2
2024-12-23,NB-1143,0.0,1426.0,20,1032.2
2024-12-30,NB-1143,0.0,1368.0,20,1032.2
2025-01-06,NB-1143,0.0,0.0,20,1032.2
2025-01-13,NB-1143,972.0,0.0,20,1032.2
2025-01-20,NB-1143,1976.0,0.0,20,1032.2
2025-01-27,NB-1143,1519.0,0.0,20,1032.2
2025-02-03,NB-1143,1071.0,0.0,20,1032.2
2025-02-10,NB-1143,814.0,0.0,20,1032.2
2025-02-17,NB-1143,360.0,0.0,20,1032.2
2025-02-24,NB-1143,1000.0,0.0,20,1032.2
2025-03-03,NB-1143,408.0,0.0,20,1032.2
2025-03-10,NB-1143,1382.0,0.0,20,1032.2
2025-03-17,NB-1143,1075.0,0.0,20,1032.2
2025-03-24,NB-1143,723.0,0.0,20,1032.2
2025-03-31,NB-1143,230.0,0.0,20,1032.2
2025-04-07,NB-1143,0.0,0.0,20,1032.2
2025-04-14,NB-1143,0.0,0.0,20,1032.2
2025-04-21,NB-1143,0.0,0.0,20,1032.2
2025-04-28,NB-1143,0.0,0.0,20,1032.2
2025-05-05,NB-1143,0.0,0.0,20,1032.2
2025-05-12,NB-1143,0.0,0.0,20,1032.2
2025-05-19,NB-1143,0.0,1039.0,20,1032.2
2025-05-26,NB-1143,873.0,0.0,20,1032.2
2025-06-02,NB-1143,507.0,0.0,20,1032.2
2025-06-09,NB-1143,1214.0,0.0,20,1032.2
2025-06-16,NB-1143,830.0,1489.0,20,1032.2
2025-06-23,NB-1143,483.0,0.0,20,1032.2
2025-06-30,NB-1143,70.0,0.0,20,1032.2
2025-07-07,NB-1143,1402.0,0.0,20,1032.2
2025-07-14,NB-1143,1029.0,0.0,20,1032.2
2025-07-21,NB-1143,505.0,0.0,20,1032.2
2025-07-28,NB-1143,0.0,0.0,20,1032.2
2025-08-04,NB-1143,0.0,0.0,20,1032.2
2025-08-11,NB-1143,0.0,1564.0,20,1032.2
2025-08-18,NB-1143,910.0,1352.0,20,1032.2
2025-08-25,NB-1143,1381.0,1059.0,20,1032.2
2025-09-01,NB-1143,1989.0,0.0,20,1032.2
2025-09-08,NB-1143,1116.0,0.0,20,1032.2
2025-09-15,NB-1143,2184.0,0.0,20,1032.2
2025-09-22,NB-1143,1651.0,0.0,20,1032.2
2025-09-29,NB-1143,1074.0,0.0,20,1032.2
2025-10-06,NB-1143,522.0,0.0,20,1032.2
2025-10-13,NB-1143,896.0,966.0,20,1032.2
2025-10-20,NB-1143,1548.0,1458.0,20,1032.2
2025-10-27,NB-1143,1034.0,0.0,20,1032.2
2025-11-03,NB-1143,335.0,0.0,20,1032.2
2025-11-10,NB-1143,0.0,0.0,20,1032.2
2025-11-17,NB-1143,1125.0,0.0,20,1032.2
2025-11-24,NB-1143,1581.0,0.0,20,1032.2
2025-12-01,NB-1143,930.0,0.0,20,1032.2
2025-12-08,NB-1143,1947.0,0.0,20,1032.2
2025-12-15,NB-1143,1330.0,0.0,20,1032.2
2025-12-22,NB-1143,608.0,0.0,20,1032.2
2025-12-29,NB-1143,1561.0,0.0,20,1032.2
2024-01-01,NB-1144,199.0,0.0,12,483.5
2024-01-08,NB-1144,683.0,683.0,12,483.5
2024-01-15,NB-1144,412.0,0.0,12,483.5
2024-01-22,NB-1144,119.0,0.0,12,483.5
2024-01-29,NB-1144,0.0,0.0,12,483.5
2024-02-05,NB-1144,509.0,509.0,12,483.5
2024-02-12,NB-1144,756.0,0.0,12,483.5
2024-02-19,NB-1144,494.0,0.0,12,483.5
2024-02-26,NB-1144,256.0,465.0,12,483.5
2024-03-04,NB-1144,610.0,0.0,12,483.5
2024-03-11,NB-1144,352.0,0.0,12,483.5
2024-03-18,NB-1144,699.0,0.0,12,483.5
2024-03-25,NB-1144,456.0,0.0,12,483.5
2024-04-01,NB-1144,217.0,0.0,12,483.5
2024-04-08,NB-1144,0.0,0.0,12,483.5
2024-04-15,NB-1144,0.0,0.0,12,483.5
2024-04-22,NB-1144,0.0,0.0,12,483.5
2024-04-29,NB-1144,437.0,0.0,12,483.5
2024-05-06,NB-1144,279.0,0.0,12,483.5
2024-05-13,NB-1144,97.0,472.0,12,483.5
2024-05-20,NB-1144,0.0,0.0,12,483.5
2024-05-27,NB-1144,0.0,508.0,12,483.5
2024-06-03,NB-1144,0.0,723.0,12,483.5
2024-06-10,NB-1144,0.0,0.0,12,483.5
2024-06-17,NB-1144,0.0,649.0,12,483.5
2024-06-24,NB-1144,0.0,0.0,12,483.5
2024-07-01,NB-1144,447.0,481.0,12,483.5
2024-07-08,NB-1144,294.0,670.0,12,483.5
2024-07-15,NB-1144,127.0,0.0,12,483.5
2024-07-22,NB-1144,668.0,0.0,12,483.5
2024-07-29,NB-1144,467.0,0.0,12,483.5
2024-08-05,NB-1144,285.0,0.0,12,483.5
2024-08-12,NB-1144,99.0,0.0,12,483.5
2024-08-19,NB-1144,0.0,0.0,12,483.5
2024-08-26,NB-1144,555.0,0.0,12,483.5
2024-09-02,NB-1144,293.0,689.0,12,483.5
2024-09-09,NB-1144,539.0,0.0,12,483.5
2024-09-16,NB-1144,929.0,0.0,12,483.5
2024-09-23,NB-1144,720.0,0.0,12,483.5
2024-09-30,NB-1144,455.0,503.0,12,483.5
2024-10-07,NB-1144,154.0,449.0,12,483.5
2024-10-14,NB-1144,0.0,0.0,12,483.5
2024-10-21,NB-1144,0.0,0.0,12,483.5
2024-10-28,NB-1144,0.0,0.0,12,483.5
2024-11-04,NB-1144,0.0,538.0,12,483.5
2024-11-11,NB-1144,1051.0,609.0,12,483.5
2024-11-18,NB-1144,691.0,0.0,12,483.5
2024-11-25,NB-1144,230.0,0.0,12,483.5
2024-12-02,NB-1144,0.0,0.0,12,483.5
2024-12-09,NB-1144,0.0,0.0,12,483.5
2024-12-16,NB-1144,0.0,0.0,12,483.5
2024-12-23,NB-1144,0.0,0.0,12,483.5
2024-12-30,NB-1144,0.0,0.0,12,483.5
2025-01-06,NB-1144,0.0,485.0,12,483.5
2025-01-13,NB-1144,557.0,557.0,12,483.5
2025-01-20,NB-1144,816.0,0.0,12,483.5
2025-01-27,NB-1144,425.0,0.0,12,483.5
2025-02-03,NB-1144,530.0,0.0,12,483.5
2025-02-10,NB-1144,63.0,0.0,12,483.5
2025-02-17,NB-1144,0.0,540.0,12,483.5
2025-02-24,NB-1144,0.0,0.0,12,483.5
2025-03-03,NB-1144,92.0,0.0,12,483.5
2025-03-10,NB-1144,0.0,0.0,12,483.5
2025-03-17,NB-1144,0.0,0.0,12,483.5
2025-03-24,NB-1144,0.0,0.0,12,483.5
2025-03-31,NB-1144,0.0,0.0,12,483.5
2025-04-07,NB-1144,458.0,0.0,12,483.5
2025-04-14,NB-1144,134.0,0.0,12,483.5
2025-04-21,NB-1144,0.0,0.0,12,483.5
2025-04-28,NB-1144,0.0,0.0,12,483.5
2025-05-05,NB-1144,0.0,0.0,12,483.5
2025-05-12,NB-1144,0.0,0.0,12,483.5
2025-05-19,NB-1144,0.0,0.0,12,483.5
2025-05-26,NB-1144,0.0,0.0,12,483.5
2025-06-02,NB-1144,0.0,656.0,12,483.5
2025-06-09,NB-1144,612.0,0.0,12,483.5
2025-06-16,NB-1144,452.0,0.0,12,483.5
2025-06-23,NB-1144,257.0,0.0,12,483.5
2025-06-30,NB-1144,47.0,0.0,12,483.5
2025-07-07,NB-1144,635.0,0.0,12,483.5
2025-07-14,NB-1144,375.0,0.0,12,483.5
2025-07-21,NB-1144,53.0,0.0,12,483.5
2025-07-28,NB-1144,0.0,0.0,12,483.5
2025-08-04,NB-1144,0.0,0.0,12,483.5
2025-08-11,NB-1144,0.0,688.0,12,483.5
2025-08-18,NB-1144,0.0,0.0,12,483.5
2025-08-25,NB-1144,0.0,0.0,12,483.5
2025-09-01,NB-1144,318.0,650.0,12,483.5
2025-09-08,NB-1144,0.0,0.0,12,483.5
2025-09-15,NB-1144,621.0,621.0,12,483.5
2025-09-22,NB-1144,298.0,0.0,12,483.5
2025-09-29,NB-1144,0.0,0.0,12,483.5
2025-10-06,NB-1144,328.0,0.0,12,483.5
2025-10-13,NB-1144,0.0,0.0,12,483.5
2025-10-20,NB-1144,290.0,0.0,12,483.5
2025-10-27,NB-1144,0.0,0.0,12,483.5
2025-11-03,NB-1144,0.0,489.0,12,483.5
2025-11-10,NB-1144,0.0,540.0,12,483.5
2025-11-17,NB-1144,0.0,0.0,12,483.5
2025-11-24,NB-1144,0.0,0.0,12,483.5
2025-12-01,NB-1144,0.0,0.0,12,483.5
2025-12-08,NB-1144,0.0,0.0,12,483.5
2025-12-15,NB-1144,0.0,0.0,12,483.5
2025-12-22,NB-1144,673.0,0.0,12,483.5
2025-12-29,NB-1144,112.0,560.0,12,483.5
2024-01-01,NB-1145,106.0,0.0,8,256.5
2024-01-08,NB-1145,0.0,0.0,8,256.5
2024-01-15,NB-1145,0.0,0.0,8,256.5
2024-01-22,NB-1145,0.0,0.0,8,256.5
2024-01-29,NB-1145,0.0,0.0,8,256.5
2024-02-05,NB-1145,0.0,0.0,8,256.5
2024-02-12,NB-1145,0.0,0.0,8,256.5
2024-02-19,NB-1145,301.0,301.0,8,256.5
2024-02-26,NB-1145,122.0,0.0,8,256.5
2024-03-04,NB-1145,0.0,282.0,8,256.5
2024-03-11,NB-1145,193.0,0.0,8,256.5
2024-03-18,NB-1145,273.0,0.0,8,256.5
2024-03-25,NB-1145,401.0,338.0,8,256.5
2024-04-01,NB-1145,174.0,0.0,8,256.5
2024-04-08,NB-1145,0.0,392.0,8,256.5
2024-04-15,NB-1145,0.0,342.0,8,256.5
2024-04-22,NB-1145,0.0,0.0,8,256.5
2024-04-29,NB-1145,186.0,0.0,8,256.5
2024-05-06,NB-1145,0.0,0.0,8,256.5
2024-05-13,NB-1145,297.0,0.0,8,256.5
2024-05-20,NB-1145,128.0,374.0,8,256.5
2024-05-27,NB-1145,0.0,258.0,8,256.5
2024-06-03,NB-1145,0.0,0.0,8,256.5
2024-06-10,NB-1145,218.0,240.0,8,256.5
2024-06-17,NB-1145,0.0,0.0,8,256.5
2024-06-24,NB-1145,249.0,0.0,8,256.5
2024-07-01,NB-1145,482.0,0.0,8,256.5
2024-07-08,NB-1145,316.0,0.0,8,256.5
2024-07-15,NB-1145,168.0,0.0,8,256.5
2024-07-22,NB-1145,371.0,0.0,8,256.5
2024-07-29,NB-1145,470.0,0.0,8,256.5
2024-08-05,NB-1145,307.0,0.0,8,256.5
2024-08-12,NB-1145,409.0,0.0,8,256.5
2024-08-19,NB-1145,252.0,0.0,8,256.5
2024-08-26,NB-1145,381.0,304.0,8,256.5
2024-09-02,NB-1145,212.0,0.0,8,256.5
2024-09-09,NB-1145,19.0,0.0,8,256.5
2024-09-16,NB-1145,0.0,0.0,8,256.5
2024-09-23,NB-1145,0.0,0.0,8,256.5
2024-09-30,NB-1145,0.0,0.0,8,256.5
2024-10-07,NB-1145,158.0,382.0,8,256.5
2024-10-14,NB-1145,0.0,0.0,8,256.5
2024-10-21,NB-1145,0.0,301.0,8,256.5
2024-10-28,NB-1145,0.0,0.0,8,256.5
2024-11-04,NB-1145,0.0,0.0,8,256.5
2024-11-11,NB-1145,0.0,0.0,8,256.5
2024-11-18,NB-1145,0.0,0.0,8,256.5
2024-11-25,NB-1145,0.0,0.0,8,256.5
2024-12-02,NB-1145,0.0,0.0,8,256.5
2024-12-09,NB-1145,0.0,0.0,8,256.5
2024-12-16,NB-1145,0.0,0.0,8,256.5
2024-12-23,NB-1145,149.0,379.0,8,256.5
2024-12-30,NB-1145,0.0,372.0,8,256.5
2025-01-06,NB-1145,0.0,0.0,8,256.5
2025-01-13,NB-1145,0.0,324.0,8,256.5
2025-01-20,NB-1145,0.0,326.0,8,256.5
2025-01-27,NB-1145,295.0,0.0,8,256.5
2025-02-03,NB-1145,378.0,0.0,8,256.5
2025-02-10,NB-1145,175.0,0.0,8,256.5
2025-02-17,NB-1145,0.0,0.0,8,256.5
2025-02-24,NB-1145,0.0,0.0,8,256.5
2025-03-03,NB-1145,63.0,0.0,8,256.5
2025-03-10,NB-1145,0.0,377.0,8,256.5
2025-03-17,NB-1145,0.0,0.0,8,256.5
2025-03-24,NB-1145,0.0,0.0,8,256.5
2025-03-31,NB-1145,0.0,0.0,8,256.5
2025-04-07,NB-1145,0.0,0.0,8,256.5
2025-04-14,NB-1145,355.0,0.0,8,256.5
2025-04-21,NB-1145,499.0,0.0,8,256.5
2025-04-28,NB-1145,312.0,0.0,8,256.5
2025-05-05,NB-1145,111.0,0.0,8,256.5
2025-05-12,NB-1145,0.0,0.0,8,256.5
2025-05-19,NB-1145,364.0,0.0,8,256.5
2025-05-26,NB-1145,172.0,0.0,8,256.5
2025-06-02,NB-1145,214.0,299.0,8,256.5
2025-06-09,NB-1145,53.0,377.0,8,256.5
2025-06-16,NB-1145,0.0,0.0,8,256.5
2025-06-23,NB-1145,0.0,0.0,8,256.5
2025-06-30,NB-1145,0.0,0.0,8,256.5
2025-07-07,NB-1145,0.0,0.0,8,256.5
2025-07-14,NB-1145,275.0,0.0,8,256.5
2025-07-21,NB-1145,25.0,0.0,8,256.5
2025-07-28,NB-1145,373.0,373.0,8,256.5
2025-08-04,NB-1145,434.0,0.0,8,256.5
2025-08-11,NB-1145,238.0,0.0,8,256.5
2025-08-18,NB-1145,40.0,0.0,8,256.5
2025-08-25,NB-1145,200.0,0.0,8,256.5
2025-09-01,NB-1145,0.0,349.0,8,256.5
2025-09-08,NB-1145,0.0,0.0,8,256.5
2025-09-15,NB-1145,0.0,0.0,8,256.5
2025-09-22,NB-1145,0.0,325.0,8,256.5
2025-09-29,NB-1145,0.0,0.0,8,256.5
2025-10-06,NB-1145,0.0,0.0,8,256.5
2025-10-13,NB-1145,0.0,304.0,8,256.5
2025-10-20,NB-1145,0.0,0.0,8,256.5
2025-10-27,NB-1145,0.0,0.0,8,256.5
2025-11-03,NB-1145,0.0,0.0,8,256.5
2025-11-10,NB-1145,0.0,0.0,8,256.5
2025-11-17,NB-1145,0.0,352.0,8,256.5
2025-11-24,NB-1145,396.0,0.0,8,256.5
2025-12-01,NB-1145,163.0,0.0,8,256.5
2025-12-08,NB-1145,0.0,0.0,8,256.5
2025-12-15,NB-1145,313.0,313.0,8,256.5
2025-12-22,NB-1145,97.0,0.0,8,256.5
2025-12-29,NB-1145,296.0,0.0,8,256.5
2024-01-01,NB-1146,342.0,0.0,19,218.7
2024-01-08,NB-1146,297.0,0.0,19,218.7
2024-01-15,NB-1146,269.0,0.0,19,218.7
2024-01-22,NB-1146,230.0,0.0,19,218.7
2024-01-29,NB-1146,197.0,296.0,19,218.7
2024-02-05,NB-1146,160.0,301.0,19,218.7
2024-02-12,NB-1146,120.0,0.0,19,218.7
2024-02-19,NB-1146,77.0,0.0,19,218.7
2024-02-26,NB-1146,40.0,0.0,19,218.7
2024-03-04,NB-1146,230.0,0.0,19,218.7
2024-03-11,NB-1146,189.0,219.0,19,218.7
2024-03-18,NB-1146,417.0,0.0,19,218.7
2024-03-25,NB-1146,377.0,0.0,19,218.7
2024-04-01,NB-1146,339.0,0.0,19,218.7
2024-04-08,NB-1146,288.0,0.0,19,218.7
2024-04-15,NB-1146,258.0,0.0,19,218.7
2024-04-22,NB-1146,199.0,0.0,19,218.7
2024-04-29,NB-1146,442.0,0.0,19,218.7
2024-05-06,NB-1146,378.0,0.0,19,218.7
2024-05-13,NB-1146,330.0,0.0,19,218.7
2024-05-20,NB-1146,287.0,0.0,19,218.7
2024-05-27,NB-1146,236.0,0.0,19,218.7
2024-06-03,NB-1146,195.0,255.0,19,218.7
2024-06-10,NB-1146,112.0,0.0,19,218.7
2024-06-17,NB-1146,2.0,0.0,19,218.7
2024-06-24,NB-1146,275.0,0.0,19,218.7
2024-07-01,NB-1146,198.0,239.0,19,218.7
2024-07-08,NB-1146,390.0,0.0,19,218.7
2024-07-15,NB-1146,321.0,0.0,19,218.7
2024-07-22,NB-1146,265.0,0.0,19,218.7
2024-07-29,NB-1146,202.0,229.0,19,218.7
2024-08-05,NB-1146,122.0,0.0,19,218.7
2024-08-12,NB-1146,44.0,0.0,19,218.7
2024-08-19,NB-1146,0.0,279.0,19,218.7
2024-08-26,NB-1146,0.0,0.0,19,218.7
2024-09-02,NB-1146,0.0,0.0,19,218.7
2024-09-09,NB-1146,0.0,212.0,19,218.7
2024-09-16,NB-1146,201.0,232.0,19,218.7
2024-09-23,NB-1146,116.0,246.0,19,218.7
2024-09-30,NB-1146,275.0,0.0,19,218.7
2024-10-07,NB-1146,420.0,0.0,19,218.7
2024-10-14,NB-1146,372.0,0.0,19,218.7
2024-10-21,NB-1146,314.0,0.0,19,218.7
2024-10-28,NB-1146,273.0,0.0,19,218.7
2024-11-04,NB-1146,209.0,206.0,19,218.7
2024-11-11,NB-1146,147.0,0.0,19,218.7
2024-11-18,NB-1146,330.0,0.0,19,218.7
2024-11-25,NB-1146,263.0,0.0,19,218.7
2024-12-02,NB-1146,217.0,0.0,19,218.7
2024-12-09,NB-1146,160.0,0.0,19,218.7
2024-12-16,NB-1146,97.0,0.0,19,218.7
2024-12-23,NB-1146,56.0,255.0,19,218.7
2024-12-30,NB-1146,21.0,292.0,19,218.7
2025-01-06,NB-1146,0.0,275.0,19,218.7
2025-01-13,NB-1146,0.0,0.0,19,218.7
2025-01-20,NB-1146,0.0,0.0,19,218.7
2025-01-27,NB-1146,0.0,294.0,19,218.7
2025-02-03,NB-1146,0.0,233.0,19,218.7
2025-02-10,NB-1146,0.0,0.0,19,218.7
2025-02-17,NB-1146,208.0,0.0,19,218.7
2025-02-24,NB-1146,172.0,0.0,19,218.7
2025-03-03,NB-1146,118.0,0.0,19,218.7
2025-03-10,NB-1146,88.0,299.0,19,218.7
2025-03-17,NB-1146,388.0,0.0,19,218.7
2025-03-24,NB-1146,359.0,0.0,19,218.7
2025-03-31,NB-1146,318.0,0.0,19,218.7
2025-04-07,NB-1146,278.0,0.0,19,218.7
2025-04-14,NB-1146,232.0,0.0,19,218.7
2025-04-21,NB-1146,205.0,0.0,19,218.7
2025-04-28,NB-1146,161.0,0.0,19,218.7
2025-05-05,NB-1146,382.0,0.0,19,218.7
2025-05-12,NB-1146,324.0,0.0,19,218.7
2025-05-19,NB-1146,259.0,0.0,19,218.7
2025-05-26,NB-1146,521.0,311.0,19,218.7
2025-06-02,NB-1146,481.0,0.0,19,218.7
2025-06-09,NB-1146,419.0,0.0,19,218.7
2025-06-16,NB-1146,356.0,0.0,19,218.7
2025-06-23,NB-1146,315.0,0.0,19,218.7
2025-06-30,NB-1146,265.0,0.0,19,218.7
2025-07-07,NB-1146,202.0,0.0,19,218.7
2025-07-14,NB-1146,381.0,0.0,19,218.7
2025-07-21,NB-1146,272.0,0.0,19,218.7
2025-07-28,NB-1146,429.0,0.0,19,218.7
2025-08-04,NB-1146,357.0,0.0,19,218.7
2025-08-11,NB-1146,276.0,0.0,19,218.7
2025-08-18,NB-1146,471.0,263.0,19,218.7
2025-08-25,NB-1146,400.0,0.0,19,218.7
2025-09-01,NB-1146,296.0,0.0,19,218.7
2025-09-08,NB-1146,191.0,219.0,19,218.7
2025-09-15,NB-1146,408.0,0.0,19,218.7
2025-09-22,NB-1146,349.0,0.0,19,218.7
2025-09-29,NB-1146,285.0,0.0,19,218.7
2025-10-06,NB-1146,453.0,249.0,19,218.7
2025-10-13,NB-1146,364.0,0.0,19,218.7
2025-10-20,NB-1146,267.0,0.0,19,218.7
2025-10-27,NB-1146,516.0,324.0,19,218.7
2025-11-03,NB-1146,448.0,0.0,19,218.7
2025-11-10,NB-1146,402.0,0.0,19,218.7
2025-11-17,NB-1146,312.0,0.0,19,218.7
2025-11-24,NB-1146,250.0,0.0,19,218.7
2025-12-01,NB-1146,199.0,0.0,19,218.7
2025-12-08,NB-1146,441.0,0.0,19,218.7
2025-12-15,NB-1146,407.0,0.0,19,218.7
2025-12-22,NB-1146,365.0,0.0,19,218.7
2025-12-29,NB-1146,328.0,0.0,19,218.7
2024-01-01,NB-1147,58.0,0.0,16,795.2
2024-01-08,NB-1147,0.0,0.0,16,795.2
2024-01-15,NB-1147,0.0,0.0,16,795.2
2024-01-22,NB-1147,0.0,0.0,16,795.2
2024-01-29,NB-1147,0.0,0.0,16,795.2
2024-02-05,NB-1147,0.0,0.0,16,795.2
2024-02-12,NB-1147,0.0,0.0,16,795.2
2024-02-19,NB-1147,0.0,0.0,16,795.2
2024-02-26,NB-1147,0.0,0.0,16,795.2
2024-03-04,NB-1147,734.0,0.0,16,795.2
2024-03-11,NB-1147,421.0,0.0,16,795.2
2024-03-18,NB-1147,1340.0,0.0,16,795.2
2024-03-25,NB-1147,1059.0,0.0,16,795.2
2024-04-01,NB-1147,783.0,0.0,16,795.2
2024-04-08,NB-1147,446.0,1164.0,16,795.2
2024-04-15,NB-1147,159.0,0.0,16,795.2
2024-04-22,NB-1147,0.0,0.0,16,795.2
2024-04-29,NB-1147,0.0,0.0,16,795.2
2024-05-06,NB-1147,0.0,0.0,16,795.2
2024-05-13,NB-1147,0.0,0.0,16,795.2
2024-05-20,NB-1147,0.0,0.0,16,795.2
2024-05-27,NB-1147,0.0,778.0,16,795.2
2024-06-03,NB-1147,0.0,1045.0,16,795.2
2024-06-10,NB-1147,0.0,0.0,16,795.2
2024-06-17,NB-1147,743.0,0.0,16,795.2
2024-06-24,NB-1147,325.0,0.0,16,795.2
2024-07-01,NB-1147,874.0,0.0,16,795.2
2024-07-08,NB-1147,557.0,0.0,16,795.2
2024-07-15,NB-1147,255.0,811.0,16,795.2
2024-07-22,NB-1147,0.0,0.0,16,795.2
2024-07-29,NB-1147,0.0,932.0,16,795.2
2024-08-05,NB-1147,603.0,0.0,16,795.2
2024-08-12,NB-1147,1208.0,0.0,16,795.2
2024-08-19,NB-1147,921.0,0.0,16,795.2
2024-08-26,NB-1147,662.0,0.0,16,795.2
2024-09-02,NB-1147,380.0,0.0,16,795.2
2024-09-09,NB-1147,146.0,976.0,16,795.2
2024-09-16,NB-1147,0.0,0.0,16,795.2
2024-09-23,NB-1147,987.0,0.0,16,795.2
2024-09-30,NB-1147,811.0,0.0,16,795.2
2024-10-07,NB-1147,1544.0,924.0,16,795.2
2024-10-14,NB-1147,1360.0,0.0,16,795.2
2024-10-21,NB-1147,1190.0,0.0,16,795.2
2024-10-28,NB-1147,1055.0,0.0,16,795.2
2024-11-04,NB-1147,880.0,0.0,16,795.2
2024-11-11,NB-1147,755.0,0.0,16,795.2
2024-11-18,NB-1147,607.0,1069.0,16,795.2
2024-11-25,NB-1147,505.0,1092.0,16,795.2
2024-12-02,NB-1147,413.0,0.0,16,795.2
2024-12-09,NB-1147,1450.0,0.0,16,795.2
2024-12-16,NB-1147,1307.0,0.0,16,795.2
2024-12-23,NB-1147,1179.0,0.0,16,795.2
2024-12-30,NB-1147,1031.0,0.0,16,795.2
2025-01-06,NB-1147,922.0,0.0,16,795.2
2025-01-13,NB-1147,788.0,0.0,16,795.2
2025-01-20,NB-1147,646.0,1113.0,16,795.2
2025-01-27,NB-1147,1329.0,832.0,16,795.2
2025-02-03,NB-1147,1159.0,0.0,16,795.2
2025-02-10,NB-1147,1011.0,0.0,16,795.2
2025-02-17,NB-1147,801.0,0.0,16,795.2
2025-02-24,NB-1147,1616.0,0.0,16,795.2
2025-03-03,NB-1147,1321.0,0.0,16,795.2
2025-03-10,NB-1147,1159.0,0.0,16,795.2
2025-03-17,NB-1147,992.0,0.0,16,795.2
2025-03-24,NB-1147,843.0,0.0,16,795.2
2025-03-31,NB-1147,1711.0,0.0,16,795.2
2025-04-07,NB-1147,1438.0,0.0,16,795.2
2025-04-14,NB-1147,1217.0,0.0,16,795.2
2025-04-21,NB-1147,931.0,0.0,16,795.2
2025-04-28,NB-1147,605.0,0.0,16,795.2
2025-05-05,NB-1147,1546.0,0.0,16,795.2
2025-05-12,NB-1147,1198.0,0.0,16,795.2
2025-05-19,NB-1147,877.0,0.0,16,795.2
2025-05-26,NB-1147,627.0,0.0,16,795.2
2025-06-02,NB-1147,376.0,0.0,16,795.2
2025-06-09,NB-1147,92.0,0.0,16,795.2
2025-06-16,NB-1147,703.0,0.0,16,795.2
2025-06-23,NB-1147,1633.0,1185.0,16,795.2
2025-06-30,NB-1147,1388.0,0.0,16,795.2
2025-07-07,NB-1147,1136.0,0.0,16,795.2
2025-07-14,NB-1147,831.0,0.0,16,795.2
2025-07-21,NB-1147,1180.0,0.0,16,795.2
2025-07-28,NB-1147,821.0,0.0,16,795.2
2025-08-04,NB-1147,517.0,0.0,16,795.2
2025-08-11,NB-1147,1391.0,0.0,16,795.2
2025-08-18,NB-1147,1171.0,0.0,16,795.2
2025-08-25,NB-1147,1000.0,0.0,16,795.2
2025-09-01,NB-1147,761.0,0.0,16,795.2
2025-09-08,NB-1147,511.0,1100.0,16,795.2
2025-09-15,NB-1147,345.0,0.0,16,795.2
2025-09-22,NB-1147,199.0,0.0,16,795.2
2025-09-29,NB-1147,53.0,1104.0,16,795.2
2025-10-06,NB-1147,914.0,914.0,16,795.2
2025-10-13,NB-1147,785.0,0.0,16,795.2
2025-10-20,NB-1147,1653.0,0.0,16,795.2
2025-10-27,NB-1147,1587.0,0.0,16,795.2
2025-11-03,NB-1147,1443.0,0.0,16,795.2
2025-11-10,NB-1147,1364.0,0.0,16,795.2
2025-11-17,NB-1147,1240.0,0.0,16,795.2
2025-11-24,NB-1147,1127.0,0.0,16,795.2
2025-12-01,NB-1147,1013.0,0.0,16,795.2
2025-12-08,NB-1147,926.0,0.0,16,795.2
2025-12-15,NB-1147,817.0,0.0,16,795.2
2025-12-22,NB-1147,1567.0,0.0,16,795.2
2025-12-29,NB-1147,1448.0,0.0,16,795.2
2024-01-01,NB-1148,326.0,0.0,16,273.7
2024-01-08,NB-1148,228.0,0.0,16,273.7
2024-01-15,NB-1148,524.0,0.0,16,273.7
2024-01-22,NB-1148,457.0,0.0,16,273.7
2024-01-29,NB-1148,334.0,0.0,16,273.7
2024-02-05,NB-1148,252.0,276.0,16,273.7
2024-02-12,NB-1148,171.0,0.0,16,273.7
2024-02-19,NB-1148,436.0,353.0,16,273.7
2024-02-26,NB-1148,322.0,0.0,16,273.7
2024-03-04,NB-1148,220.0,0.0,16,273.7
2024-03-11,NB-1148,98.0,0.0,16,273.7
2024-03-18,NB-1148,0.0,332.0,16,273.7
2024-03-25,NB-1148,334.0,0.0,16,273.7
2024-04-01,NB-1148,228.0,330.0,16,273.7
2024-04-08,NB-1148,130.0,0.0,16,273.7
2024-04-15,NB-1148,42.0,0.0,16,273.7
2024-04-22,NB-1148,328.0,0.0,16,273.7
2024-04-29,NB-1148,266.0,0.0,16,273.7
2024-05-06,NB-1148,132.0,262.0,16,273.7
2024-05-13,NB-1148,23.0,0.0,16,273.7
2024-05-20,NB-1148,488.0,0.0,16,273.7
2024-05-27,NB-1148,406.0,0.0,16,273.7
2024-06-03,NB-1148,305.0,0.0,16,273.7
2024-06-10,NB-1148,203.0,286.0,16,273.7
2024-06-17,NB-1148,339.0,0.0,16,273.7
2024-06-24,NB-1148,572.0,324.0,16,273.7
2024-07-01,NB-1148,495.0,0.0,16,273.7
2024-07-08,NB-1148,413.0,0.0,16,273.7
2024-07-15,NB-1148,321.0,0.0,16,273.7
2024-07-22,NB-1148,233.0,311.0,16,273.7
2024-07-29,NB-1148,152.0,0.0,16,273.7
2024-08-05,NB-1148,66.0,0.0,16,273.7
2024-08-12,NB-1148,0.0,0.0,16,273.7
2024-08-19,NB-1148,0.0,0.0,16,273.7
2024-08-26,NB-1148,0.0,0.0,16,273.7
2024-09-02,NB-1148,0.0,0.0,16,273.7
2024-09-09,NB-1148,235.0,370.0,16,273.7
2024-09-16,NB-1148,437.0,0.0,16,273.7
2024-09-23,NB-1148,373.0,0.0,16,273.7
2024-09-30,NB-1148,289.0,0.0,16,273.7
2024-10-07,NB-1148,191.0,0.0,16,273.7
2024-10-14,NB-1148,514.0,0.0,16,273.7
2024-10-21,NB-1148,433.0,0.0,16,273.7
2024-10-28,NB-1148,360.0,0.0,16,273.7
2024-11-04,NB-1148,304.0,0.0,16,273.7
2024-11-11,NB-1148,551.0,326.0,16,273.7
2024-11-18,NB-1148,478.0,0.0,16,273.7
2024-11-25,NB-1148,392.0,0.0,16,273.7
2024-12-02,NB-1148,312.0,0.0,16,273.7
2024-12-09,NB-1148,184.0,0.0,16,273.7
2024-12-16,NB-1148,82.0,337.0,16,273.7
2024-12-23,NB-1148,0.0,0.0,16,273.7
2024-12-30,NB-1148,316.0,0.0,16,273.7
2025-01-06,NB-1148,186.0,0.0,16,273.7
2025-01-13,NB-1148,70.0,0.0,16,273.7
2025-01-20,NB-1148,0.0,266.0,16,273.7
2025-01-27,NB-1148,0.0,0.0,16,273.7
2025-02-03,NB-1148,225.0,0.0,16,273.7
2025-02-10,NB-1148,465.0,0.0,16,273.7
2025-02-17,NB-1148,335.0,0.0,16,273.7
2025-02-24,NB-1148,203.0,339.0,16,273.7
2025-03-03,NB-1148,24.0,325.0,16,273.7
2025-03-10,NB-1148,0.0,0.0,16,273.7
2025-03-17,NB-1148,163.0,0.0,16,273.7
2025-03-24,NB-1148,379.0,0.0,16,273.7
2025-03-31,NB-1148,260.0,0.0,16,273.7
2025-04-07,NB-1148,124.0,0.0,16,273.7
2025-04-14,NB-1148,23.0,0.0,16,273.7
2025-04-21,NB-1148,0.0,408.0,16,273.7
2025-04-28,NB-1148,347.0,347.0,16,273.7
2025-05-05,NB-1148,255.0,0.0,16,273.7
2025-05-12,NB-1148,435.0,289.0,16,273.7
2025-05-19,NB-1148,305.0,0.0,16,273.7
2025-05-26,NB-1148,215.0,0.0,16,273.7
2025-06-02,NB-1148,120.0,417.0,16,273.7
2025-06-09,NB-1148,27.0,359.0,16,273.7
2025-06-16,NB-1148,233.0,387.0,16,273.7
2025-06-23,NB-1148,157.0,0.0,16,273.7
2025-06-30,NB-1148,60.0,0.0,16,273.7
2025-07-07,NB-1148,232.0,0.0,16,273.7
2025-07-14,NB-1148,514.0,0.0,16,273.7
2025-07-21,NB-1148,394.0,0.0,16,273.7
2025-07-28,NB-1148,296.0,0.0,16,273.7
2025-08-04,NB-1148,234.0,0.0,16,273.7
2025-08-11,NB-1148,163.0,253.0,16,273.7
2025-08-18,NB-1148,408.0,0.0,16,273.7
2025-08-25,NB-1148,304.0,0.0,16,273.7
2025-09-01,NB-1148,163.0,0.0,16,273.7
2025-09-08,NB-1148,81.0,0.0,16,273.7
2025-09-15,NB-1148,0.0,0.0,16,273.7
2025-09-22,NB-1148,538.0,0.0,16,273.7
2025-09-29,NB-1148,450.0,0.0,16,273.7
2025-10-06,NB-1148,349.0,0.0,16,273.7
2025-10-13,NB-1148,257.0,0.0,16,273.7
2025-10-20,NB-1148,400.0,0.0,16,273.7
2025-10-27,NB-1148,327.0,0.0,16,273.7
2025-11-03,NB-1148,245.0,0.0,16,273.7
2025-11-10,NB-1148,187.0,401.0,16,273.7
2025-11-17,NB-1148,49.0,0.0,16,273.7
2025-11-24,NB-1148,319.0,0.0,16,273.7
2025-12-01,NB-1148,229.0,0.0,16,273.7
2025-12-08,NB-1148,146.0,0.0,16,273.7
2025-12-15,NB-1148,387.0,332.0,16,273.7
2025-12-22,NB-1148,265.0,0.0,16,273.7
2025-12-29,NB-1148,160.0,0.0,16,273.7
2024-01-01,NB-1149,334.0,0.0,17,260.5
2024-01-08,NB-1149,231.0,0.0,17,260.5
2024-01-15,NB-1149,517.0,0.0,17,260.5
2024-01-22,NB-1149,417.0,0.0,17,260.5
2024-01-29,NB-1149,294.0,0.0,17,260.5
2024-02-05,NB-1149,191.0,367.0,17,260.5
2024-02-12,NB-1149,445.0,0.0,17,260.5
2024-02-19,NB-1149,333.0,0.0,17,260.5
2024-02-26,NB-1149,193.0,0.0,17,260.5
2024-03-04,NB-1149,89.0,0.0,17,260.5
2024-03-11,NB-1149,4.0,338.0,17,260.5
2024-03-18,NB-1149,0.0,0.0,17,260.5
2024-03-25,NB-1149,395.0,395.0,17,260.5
2024-04-01,NB-1149,289.0,0.0,17,260.5
2024-04-08,NB-1149,183.0,0.0,17,260.5
2024-04-15,NB-1149,83.0,0.0,17,260.5
2024-04-22,NB-1149,0.0,0.0,17,260.5
2024-04-29,NB-1149,186.0,0.0,17,260.5
2024-05-06,NB-1149,107.0,0.0,17,260.5
2024-05-13,NB-1149,352.0,0.0,17,260.5
2024-05-20,NB-1149,284.0,0.0,17,260.5
2024-05-27,NB-1149,525.0,0.0,17,260.5
2024-06-03,NB-1149,473.0,0.0,17,260.5
2024-06-10,NB-1149,387.0,0.0,17,260.5
2024-06-17,NB-1149,294.0,0.0,17,260.5
2024-06-24,NB-1149,539.0,312.0,17,260.5
2024-07-01,NB-1149,457.0,0.0,17,260.5
2024-07-08,NB-1149,391.0,0.0,17,260.5
2024-07-15,NB-1149,312.0,0.0,17,260.5
2024-07-22,NB-1149,254.0,0.0,17,260.5
2024-07-29,NB-1149,188.0,0.0,17,260.5
2024-08-05,NB-1149,138.0,0.0,17,260.5
2024-08-12,NB-1149,393.0,0.0,17,260.5
2024-08-19,NB-1149,330.0,0.0,17,260.5
2024-08-26,NB-1149,288.0,0.0,17,260.5
2024-09-02,NB-1149,240.0,278.0,17,260.5
2024-09-09,NB-1149,468.0,0.0,17,260.5
2024-09-16,NB-1149,427.0,0.0,17,260.5
2024-09-23,NB-1149,362.0,0.0,17,260.5
2024-09-30,NB-1149,312.0,0.0,17,260.5
2024-10-07,NB-1149,240.0,0.0,17,260.5
2024-10-14,NB-1149,161.0,0.0,17,260.5
2024-10-21,NB-1149,74.0,0.0,17,260.5
2024-10-28,NB-1149,0.0,0.0,17,260.5
2024-11-04,NB-1149,0.0,0.0,17,260.5
2024-11-11,NB-1149,277.0,0.0,17,260.5
2024-11-18,NB-1149,177.0,0.0,17,260.5
2024-11-25,NB-1149,82.0,336.0,17,260.5
2024-12-02,NB-1149,0.0,262.0,17,260.5
2024-12-09,NB-1149,0.0,323.0,17,260.5
2024-12-16,NB-1149,0.0,0.0,17,260.5
2024-12-23,NB-1149,395.0,0.0,17,260.5
2024-12-30,NB-1149,249.0,0.0,17,260.5
2025-01-06,NB-1149,457.0,0.0,17,260.5
2025-01-13,NB-1149,314.0,0.0,17,260.5
2025-01-20,NB-1149,504.0,0.0,17,260.5
2025-01-27,NB-1149,358.0,0.0,17,260.5
2025-02-03,NB-1149,237.0,309.0,17,260.5
2025-02-10,NB-1149,89.0,0.0,17,260.5
2025-02-17,NB-1149,0.0,0.0,17,260.5
2025-02-24,NB-1149,0.0,0.0,17,260.5
2025-03-03,NB-1149,180.0,0.0,17,260.5
2025-03-10,NB-1149,408.0,0.0,17,260.5
2025-03-17,NB-1149,236.0,0.0,17,260.5
2025-03-24,NB-1149,364.0,0.0,17,260.5
2025-03-31,NB-1149,520.0,0.0,17,260.5
2025-04-07,NB-1149,368.0,0.0,17,260.5
2025-04-14,NB-1149,249.0,0.0,17,260.5
2025-04-21,NB-1149,119.0,304.0,17,260.5
2025-04-28,NB-1149,479.0,245.0,17,260.5
2025-05-05,NB-1149,381.0,0.0,17,260.5
2025-05-12,NB-1149,255.0,0.0,17,260.5
2025-05-19,NB-1149,95.0,0.0,17,260.5
2025-05-26,NB-1149,327.0,0.0,17,260.5
2025-06-02,NB-1149,504.0,268.0,17,260.5
2025-06-09,NB-1149,427.0,0.0,17,260.5
2025-06-16,NB-1149,343.0,0.0,17,260.5
2025-06-23,NB-1149,536.0,0.0,17,260.5
2025-06-30,NB-1149,474.0,0.0,17,260.5
2025-07-07,NB-1149,399.0,0.0,17,260.5
2025-07-14,NB-1149,342.0,0.0,17,260.5
2025-07-21,NB-1149,260.0,269.0,17,260.5
2025-07-28,NB-1149,491.0,0.0,17,260.5
2025-08-04,NB-1149,433.0,0.0,17,260.5
2025-08-11,NB-1149,359.0,0.0,17,260.5
2025-08-18,NB-1149,291.0,0.0,17,260.5
2025-08-25,NB-1149,520.0,0.0,17,260.5
2025-09-01,NB-1149,444.0,0.0,17,260.5
2025-09-08,NB-1149,342.0,0.0,17,260.5
2025-09-15,NB-1149,285.0,0.0,17,260.5
2025-09-22,NB-1149,578.0,0.0,17,260.5
2025-09-29,NB-1149,487.0,0.0,17,260.5
2025-10-06,NB-1149,403.0,0.0,17,260.5
2025-10-13,NB-1149,307.0,0.0,17,260.5
2025-10-20,NB-1149,163.0,0.0,17,260.5
2025-10-27,NB-1149,52.0,0.0,17,260.5
2025-11-03,NB-1149,0.0,0.0,17,260.5
2025-11-10,NB-1149,0.0,0.0,17,260.5
2025-11-17,NB-1149,0.0,241.0,17,260.5
2025-11-24,NB-1149,0.0,0.0,17,260.5
2025-12-01,NB-1149,0.0,340.0,17,260.5
2025-12-08,NB-1149,0.0,0.0,17,260.5
2025-12-15,NB-1149,0.0,0.0,17,260.5
2025-12-22,NB-1149,283.0,0.0,17,260.5
2025-12-29,NB-1149,530.0,0.0,17,260.5
2024-01-01,NB-1150,341.0,0.0,15,328.9
2024-01-08,NB-1150,244.0,0.0,15,328.9
2024-01-15,NB-1150,151.0,0.0,15,328.9
2024-01-22,NB-1150,461.0,0.0,15,328.9
2024-01-29,NB-1150,335.0,0.0,15,328.9
2024-02-05,NB-1150,230.0,0.0,15,328.9
2024-02-12,NB-1150,141.0,0.0,15,328.9
2024-02-19,NB-1150,400.0,0.0,15,328.9
2024-02-26,NB-1150,299.0,0.0,15,328.9
2024-03-04,NB-1150,212.0,0.0,15,328.9
2024-03-11,NB-1150,142.0,0.0,15,328.9
2024-03-18,NB-1150,373.0,0.0,15,328.9
2024-03-25,NB-1150,717.0,0.0,15,328.9
2024-04-01,NB-1150,610.0,0.0,15,328.9
2024-04-08,NB-1150,524.0,0.0,15,328.9
2024-04-15,NB-1150,413.0,0.0,15,328.9
2024-04-22,NB-1150,303.0,0.0,15,328.9
2024-04-29,NB-1150,174.0,0.0,15,328.9
2024-05-06,NB-1150,554.0,469.0,15,328.9
2024-05-13,NB-1150,454.0,0.0,15,328.9
2024-05-20,NB-1150,340.0,0.0,15,328.9
2024-05-27,NB-1150,697.0,0.0,15,328.9
2024-06-03,NB-1150,598.0,0.0,15,328.9
2024-06-10,NB-1150,469.0,0.0,15,328.9
2024-06-17,NB-1150,749.0,454.0,15,328.9
2024-06-24,NB-1150,651.0,0.0,15,328.9
2024-07-01,NB-1150,528.0,0.0,15,328.9
2024-07-08,NB-1150,416.0,0.0,15,328.9
2024-07-15,NB-1150,303.0,0.0,15,328.9
2024-07-22,NB-1150,542.0,0.0,15,328.9
2024-07-29,NB-1150,446.0,0.0,15,328.9
2024-08-05,NB-1150,318.0,0.0,15,328.9
2024-08-12,NB-1150,162.0,0.0,15,328.9
2024-08-19,NB-1150,59.0,0.0,15,328.9
2024-08-26,NB-1150,0.0,406.0,15,328.9
2024-09-02,NB-1150,0.0,0.0,15,328.9
2024-09-09,NB-1150,0.0,438.0,15,328.9
2024-09-16,NB-1150,317.0,0.0,15,328.9
2024-09-23,NB-1150,197.0,0.0,15,328.9
2024-09-30,NB-1150,76.0,407.0,15,328.9
2024-10-07,NB-1150,474.0,0.0,15,328.9
2024-10-14,NB-1150,324.0,0.0,15,328.9
2024-10-21,NB-1150,641.0,0.0,15,328.9
2024-10-28,NB-1150,489.0,0.0,15,328.9
2024-11-04,NB-1150,361.0,0.0,15,328.9
2024-11-11,NB-1150,251.0,396.0,15,328.9
2024-11-18,NB-1150,128.0,0.0,15,328.9
2024-11-25,NB-1150,0.0,389.0,15,328.9
2024-12-02,NB-1150,0.0,0.0,15,328.9
2024-12-09,NB-1150,452.0,0.0,15,328.9
2024-12-16,NB-1150,327.0,0.0,15,328.9
2024-12-23,NB-1150,202.0,0.0,15,328.9
2024-12-30,NB-1150,101.0,389.0,15,328.9
2025-01-06,NB-1150,0.0,449.0,15,328.9
2025-01-13,NB-1150,0.0,0.0,15,328.9
2025-01-20,NB-1150,362.0,0.0,15,328.9
2025-01-27,NB-1150,558.0,0.0,15,328.9
2025-02-03,NB-1150,446.0,0.0,15,328.9
2025-02-10,NB-1150,351.0,0.0,15,328.9
2025-02-17,NB-1150,246.0,0.0,15,328.9
2025-02-24,NB-1150,432.0,330.0,15,328.9
2025-03-03,NB-1150,262.0,484.0,15,328.9
2025-03-10,NB-1150,496.0,0.0,15,328.9
2025-03-17,NB-1150,412.0,0.0,15,328.9
2025-03-24,NB-1150,312.0,0.0,15,328.9
2025-03-31,NB-1150,206.0,0.0,15,328.9
2025-04-07,NB-1150,582.0,0.0,15,328.9
2025-04-14,NB-1150,492.0,0.0,15,328.9
2025-04-21,NB-1150,394.0,0.0,15,328.9
2025-04-28,NB-1150,283.0,0.0,15,328.9
2025-05-05,NB-1150,471.0,0.0,15,328.9
2025-05-12,NB-1150,345.0,0.0,15,328.9
2025-05-19,NB-1150,187.0,335.0,15,328.9
2025-05-26,NB-1150,75.0,461.0,15,328.9
2025-06-02,NB-1150,432.0,0.0,15,328.9
2025-06-09,NB-1150,312.0,475.0,15,328.9
2025-06-16,NB-1150,183.0,322.0,15,328.9
2025-06-23,NB-1150,85.0,0.0,15,328.9
2025-06-30,NB-1150,0.0,495.0,15,328.9
2025-07-07,NB-1150,0.0,0.0,15,328.9
2025-07-14,NB-1150,0.0,0.0,15,328.9
2025-07-21,NB-1150,0.0,305.0,15,328.9
2025-07-28,NB-1150,0.0,0.0,15,328.9
2025-08-04,NB-1150,0.0,413.0,15,328.9
2025-08-11,NB-1150,0.0,0.0,15,328.9
2025-08-18,NB-1150,479.0,0.0,15,328.9
2025-08-25,NB-1150,376.0,0.0,15,328.9
2025-09-01,NB-1150,178.0,0.0,15,328.9
2025-09-08,NB-1150,346.0,0.0,15,328.9
2025-09-15,NB-1150,188.0,0.0,15,328.9
2025-09-22,NB-1150,586.0,0.0,15,328.9
2025-09-29,NB-1150,446.0,0.0,15,328.9
2025-10-06,NB-1150,312.0,0.0,15,328.9
2025-10-13,NB-1150,507.0,0.0,15,328.9
2025-10-20,NB-1150,327.0,310.0,15,328.9
2025-10-27,NB-1150,203.0,0.0,15,328.9
2025-11-03,NB-1150,49.0,362.0,15,328.9
2025-11-10,NB-1150,0.0,0.0,15,328.9
2025-11-17,NB-1150,0.0,0.0,15,328.9
2025-11-24,NB-1150,0.0,498.0,15,328.9
2025-12-01,NB-1150,0.0,0.0,15,328.9
2025-12-08,NB-1150,0.0,0.0,15,328.9
2025-12-15,NB-1150,0.0,0.0,15,328.9
2025-12-22,NB-1150,322.0,0.0,15,328.9
2025-12-29,NB-1150,200.0,0.0,15,328.9
2024-01-01,NB-1151,375.0,0.0,18,511.8
2024-01-08,NB-1151,226.0,593.0,18,511.8
2024-01-15,NB-1151,686.0,0.0,18,511.8
2024-01-22,NB-1151,537.0,0.0,18,511.8
2024-01-29,NB-1151,356.0,548.0,18,511.8
2024-02-05,NB-1151,218.0,0.0,18,511.8
2024-02-12,NB-1151,41.0,619.0,18,511.8
2024-02-19,NB-1151,0.0,0.0,18,511.8
2024-02-26,NB-1151,0.0,0.0,18,511.8
2024-03-04,NB-1151,0.0,0.0,18,511.8
2024-03-11,NB-1151,411.0,0.0,18,511.8
2024-03-18,NB-1151,208.0,0.0,18,511.8
2024-03-25,NB-1151,47.0,0.0,18,511.8
2024-04-01,NB-1151,0.0,549.0,18,511.8
2024-04-08,NB-1151,0.0,0.0,18,511.8
2024-04-15,NB-1151,0.0,0.0,18,511.8
2024-04-22,NB-1151,362.0,558.0,18,511.8
2024-04-29,NB-1151,210.0,617.0,18,511.8
2024-05-06,NB-1151,20.0,0.0,18,511.8
2024-05-13,NB-1151,0.0,0.0,18,511.8
2024-05-20,NB-1151,0.0,688.0,18,511.8
2024-05-27,NB-1151,0.0,0.0,18,511.8
2024-06-03,NB-1151,0.0,0.0,18,511.8
2024-06-10,NB-1151,547.0,0.0,18,511.8
2024-06-17,NB-1151,1091.0,0.0,18,511.8
2024-06-24,NB-1151,916.0,0.0,18,511.8
2024-07-01,NB-1151,772.0,0.0,18,511.8
2024-07-08,NB-1151,618.0,0.0,18,511.8
2024-07-15,NB-1151,505.0,0.0,18,511.8
2024-07-22,NB-1151,378.0,0.0,18,511.8
2024-07-29,NB-1151,246.0,0.0,18,511.8
2024-08-05,NB-1151,121.0,0.0,18,511.8
2024-08-12,NB-1151,655.0,0.0,18,511.8
2024-08-19,NB-1151,538.0,0.0,18,511.8
2024-08-26,NB-1151,401.0,0.0,18,511.8
2024-09-02,NB-1151,851.0,0.0,18,511.8
2024-09-09,NB-1151,739.0,0.0,18,511.8
2024-09-16,NB-1151,644.0,0.0,18,511.8
2024-09-23,NB-1151,538.0,0.0,18,511.8
2024-09-30,NB-1151,337.0,0.0,18,511.8
2024-10-07,NB-1151,172.0,0.0,18,511.8
2024-10-14,NB-1151,644.0,0.0,18,511.8
2024-10-21,NB-1151,537.0,0.0,18,511.8
2024-10-28,NB-1151,373.0,630.0,18,511.8
2024-11-04,NB-1151,223.0,0.0,18,511.8
2024-11-11,NB-1151,66.0,0.0,18,511.8
2024-11-18,NB-1151,447.0,478.0,18,511.8
2024-11-25,NB-1151,789.0,0.0,18,511.8
2024-12-02,NB-1151,642.0,0.0,18,511.8
2024-12-09,NB-1151,497.0,0.0,18,511.8
2024-12-16,NB-1151,880.0,0.0,18,511.8
2024-12-23,NB-1151,747.0,0.0,18,511.8
2024-12-30,NB-1151,550.0,0.0,18,511.8
2025-01-06,NB-1151,920.0,0.0,18,511.8
2025-01-13,NB-1151,786.0,0.0,18,511.8
2025-01-20,NB-1151,618.0,0.0,18,511.8
2025-01-27,NB-1151,381.0,0.0,18,511.8
2025-02-03,NB-1151,209.0,0.0,18,511.8
2025-02-10,NB-1151,27.0,0.0,18,511.8
2025-02-17,NB-1151,0.0,480.0,18,511.8
2025-02-24,NB-1151,666.0,0.0,18,511.8
2025-03-03,NB-1151,463.0,699.0,18,511.8
2025-03-10,NB-1151,248.0,0.0,18,511.8
2025-03-17,NB-1151,72.0,0.0,18,511.8
2025-03-24,NB-1151,0.0,0.0,18,511.8
2025-03-31,NB-1151,606.0,0.0,18,511.8
2025-04-07,NB-1151,460.0,0.0,18,511.8
2025-04-14,NB-1151,1030.0,741.0,18,511.8
2025-04-21,NB-1151,840.0,0.0,18,511.8
2025-04-28,NB-1151,684.0,0.0,18,511.8
2025-05-05,NB-1151,462.0,0.0,18,511.8
2025-05-12,NB-1151,274.0,0.0,18,511.8
2025-05-19,NB-1151,566.0,0.0,18,511.8
2025-05-26,NB-1151,1079.0,0.0,18,511.8
2025-06-02,NB-1151,956.0,0.0,18,511.8
2025-06-09,NB-1151,808.0,0.0,18,511.8
2025-06-16,NB-1151,661.0,0.0,18,511.8
2025-06-23,NB-1151,530.0,0.0,18,511.8
2025-06-30,NB-1151,424.0,494.0,18,511.8
2025-07-07,NB-1151,1067.0,0.0,18,511.8
2025-07-14,NB-1151,855.0,0.0,18,511.8
2025-07-21,NB-1151,679.0,0.0,18,511.8
2025-07-28,NB-1151,507.0,694.0,18,511.8
2025-08-04,NB-1151,373.0,553.0,18,511.8
2025-08-11,NB-1151,226.0,0.0,18,511.8
2025-08-18,NB-1151,89.0,512.0,18,511.8
2025-08-25,NB-1151,0.0,0.0,18,511.8
2025-09-01,NB-1151,524.0,0.0,18,511.8
2025-09-08,NB-1151,370.0,0.0,18,511.8
2025-09-15,NB-1151,250.0,578.0,18,511.8
2025-09-22,NB-1151,135.0,529.0,18,511.8
2025-09-29,NB-1151,0.0,0.0,18,511.8
2025-10-06,NB-1151,0.0,0.0,18,511.8
2025-10-13,NB-1151,0.0,0.0,18,511.8
2025-10-20,NB-1151,0.0,492.0,18,511.8
2025-10-27,NB-1151,0.0,0.0,18,511.8
2025-11-03,NB-1151,0.0,0.0,18,511.8
2025-11-10,NB-1151,0.0,524.0,18,511.8
2025-11-17,NB-1151,0.0,0.0,18,511.8
2025-11-24,NB-1151,0.0,0.0,18,511.8
2025-12-01,NB-1151,0.0,0.0,18,511.8
2025-12-08,NB-1151,0.0,0.0,18,511.8
2025-12-15,NB-1151,0.0,0.0,18,511.8
2025-12-22,NB-1151,571.0,0.0,18,511.8
2025-12-29,NB-1151,374.0,517.0,18,511.8
2024-01-01,NB-1152,322.0,866.0,15,577.8
2024-01-08,NB-1152,858.0,0.0,15,577.8
2024-01-15,NB-1152,606.0,0.0,15,577.8
2024-01-22,NB-1152,883.0,0.0,15,577.8
2024-01-29,NB-1152,610.0,0.0,15,577.8
2024-02-05,NB-1152,1178.0,0.0,15,577.8
2024-02-12,NB-1152,862.0,0.0,15,577.8
2024-02-19,NB-1152,561.0,809.0,15,577.8
2024-02-26,NB-1152,304.0,0.0,15,577.8
2024-03-04,NB-1152,795.0,0.0,15,577.8
2024-03-11,NB-1152,524.0,650.0,15,577.8
2024-03-18,NB-1152,255.0,0.0,15,577.8
2024-03-25,NB-1152,0.0,0.0,15,577.8
2024-04-01,NB-1152,0.0,0.0,15,577.8
2024-04-08,NB-1152,0.0,794.0,15,577.8
2024-04-15,NB-1152,0.0,0.0,15,577.8
2024-04-22,NB-1152,0.0,0.0,15,577.8
2024-04-29,NB-1152,0.0,770.0,15,577.8
2024-05-06,NB-1152,663.0,0.0,15,577.8
2024-05-13,NB-1152,1292.0,0.0,15,577.8
2024-05-20,NB-1152,1072.0,0.0,15,577.8
2024-05-27,NB-1152,891.0,0.0,15,577.8
2024-06-03,NB-1152,701.0,0.0,15,577.8
2024-06-10,NB-1152,542.0,863.0,15,577.8
2024-06-17,NB-1152,325.0,0.0,15,577.8
2024-06-24,NB-1152,157.0,534.0,15,577.8
2024-07-01,NB-1152,7.0,0.0,15,577.8
2024-07-08,NB-1152,521.0,0.0,15,577.8
2024-07-15,NB-1152,1187.0,0.0,15,577.8
2024-07-22,NB-1152,1060.0,0.0,15,577.8
2024-07-29,NB-1152,975.0,0.0,15,577.8
2024-08-05,NB-1152,873.0,0.0,15,577.8
2024-08-12,NB-1152,768.0,0.0,15,577.8
2024-08-19,NB-1152,658.0,0.0,15,577.8
2024-08-26,NB-1152,1127.0,584.0,15,577.8
2024-09-02,NB-1152,1026.0,0.0,15,577.8
2024-09-09,NB-1152,913.0,0.0,15,577.8
2024-09-16,NB-1152,817.0,0.0,15,577.8
2024-09-23,NB-1152,698.0,0.0,15,577.8
2024-09-30,NB-1152,585.0,0.0,15,577.8
2024-10-07,NB-1152,1340.0,0.0,15,577.8
2024-10-14,NB-1152,1195.0,0.0,15,577.8
2024-10-21,NB-1152,1065.0,0.0,15,577.8
2024-10-28,NB-1152,931.0,0.0,15,577.8
2024-11-04,NB-1152,803.0,0.0,15,577.8
2024-11-11,NB-1152,643.0,0.0,15,577.8
2024-11-18,NB-1152,478.0,0.0,15,577.8
2024-11-25,NB-1152,330.0,0.0,15,577.8
2024-12-02,NB-1152,149.0,0.0,15,577.8
2024-12-09,NB-1152,0.0,0.0,15,577.8
2024-12-16,NB-1152,0.0,814.0,15,577.8
2024-12-23,NB-1152,0.0,0.0,15,577.8
2024-12-30,NB-1152,0.0,0.0,15,577.8
2025-01-06,NB-1152,0.0,0.0,15,577.8
2025-01-13,NB-1152,0.0,0.0,15,577.8
2025-01-20,NB-1152,500.0,0.0,15,577.8
2025-01-27,NB-1152,266.0,745.0,15,577.8
2025-02-03,NB-1152,17.0,0.0,15,577.8
2025-02-10,NB-1152,0.0,0.0,15,577.8
2025-02-17,NB-1152,0.0,749.0,15,577.8
2025-02-24,NB-1152,0.0,678.0,15,577.8
2025-03-03,NB-1152,589.0,0.0,15,577.8
2025-03-10,NB-1152,1045.0,0.0,15,577.8
2025-03-17,NB-1152,828.0,0.0,15,577.8
2025-03-24,NB-1152,601.0,0.0,15,577.8
2025-03-31,NB-1152,1043.0,0.0,15,577.8
2025-04-07,NB-1152,807.0,0.0,15,577.8
2025-04-14,NB-1152,592.0,0.0,15,577.8
2025-04-21,NB-1152,1127.0,0.0,15,577.8
2025-04-28,NB-1152,927.0,0.0,15,577.8
2025-05-05,NB-1152,719.0,0.0,15,577.8
2025-05-12,NB-1152,514.0,0.0,15,577.8
2025-05-19,NB-1152,1091.0,0.0,15,577.8
2025-05-26,NB-1152,924.0,0.0,15,577.8
2025-06-02,NB-1152,796.0,0.0,15,577.8
2025-06-09,NB-1152,661.0,0.0,15,577.8
2025-06-16,NB-1152,1064.0,0.0,15,577.8
2025-06-23,NB-1152,964.0,0.0,15,577.8
2025-06-30,NB-1152,856.0,0.0,15,577.8
2025-07-07,NB-1152,723.0,0.0,15,577.8
2025-07-14,NB-1152,614.0,0.0,15,577.8
2025-07-21,NB-1152,1091.0,0.0,15,577.8
2025-07-28,NB-1152,998.0,0.0,15,577.8
2025-08-04,NB-1152,898.0,0.0,15,577.8
2025-08-11,NB-1152,814.0,0.0,15,577.8
2025-08-18,NB-1152,719.0,0.0,15,577.8
2025-08-25,NB-1152,652.0,0.0,15,577.8
2025-09-01,NB-1152,525.0,0.0,15,577.8
2025-09-08,NB-1152,1086.0,0.0,15,577.8
2025-09-15,NB-1152,1007.0,0.0,15,577.8
2025-09-22,NB-1152,921.0,0.0,15,577.8
2025-09-29,NB-1152,813.0,0.0,15,577.8
2025-10-06,NB-1152,708.0,0.0,15,577.8
2025-10-13,NB-1152,618.0,0.0,15,577.8
2025-10-20,NB-1152,1260.0,0.0,15,577.8
2025-10-27,NB-1152,1144.0,0.0,15,577.8
2025-11-03,NB-1152,1040.0,0.0,15,577.8
2025-11-10,NB-1152,927.0,0.0,15,577.8
2025-11-17,NB-1152,757.0,0.0,15,577.8
2025-11-24,NB-1152,607.0,0.0,15,577.8
2025-12-01,NB-1152,469.0,0.0,15,577.8
2025-12-08,NB-1152,1038.0,0.0,15,577.8
2025-12-15,NB-1152,871.0,0.0,15,577.8
2025-12-22,NB-1152,701.0,0.0,15,577.8
2025-12-29,NB-1152,509.0,0.0,15,577.8
2024-01-01,NB-1153,238.0,0.0,6,285.4
2024-01-08,NB-1153,0.0,0.0,6,285.4
2024-01-15,NB-1153,0.0,0.0,6,285.4
2024-01-22,NB-1153,0.0,413.0,6,285.4
2024-01-29,NB-1153,136.0,0.0,6,285.4
2024-02-05,NB-1153,261.0,0.0,6,285.4
2024-02-12,NB-1153,0.0,0.0,6,285.4
2024-02-19,NB-1153,0.0,368.0,6,285.4
2024-02-26,NB-1153,382.0,382.0,6,285.4
2024-03-04,NB-1153,550.0,0.0,6,285.4
2024-03-11,NB-1153,301.0,0.0,6,285.4
2024-03-18,NB-1153,402.0,0.0,6,285.4
2024-03-25,NB-1153,419.0,0.0,6,285.4
2024-04-01,NB-1153,112.0,266.0,6,285.4
2024-04-08,NB-1153,0.0,0.0,6,285.4
2024-04-15,NB-1153,0.0,0.0,6,285.4
2024-04-22,NB-1153,0.0,0.0,6,285.4
2024-04-29,NB-1153,0.0,0.0,6,285.4
2024-05-06,NB-1153,0.0,377.0,6,285.4
2024-05-13,NB-1153,0.0,0.0,6,285.4
2024-05-20,NB-1153,485.0,355.0,6,285.4
2024-05-27,NB-1153,226.0,0.0,6,285.4
2024-06-03,NB-1153,0.0,431.0,6,285.4
2024-06-10,NB-1153,0.0,0.0,6,285.4
2024-06-17,NB-1153,0.0,0.0,6,285.4
2024-06-24,NB-1153,0.0,309.0,6,285.4
2024-07-01,NB-1153,0.0,0.0,6,285.4
2024-07-08,NB-1153,0.0,0.0,6,285.4
2024-07-15,NB-1153,515.0,0.0,6,285.4
2024-07-22,NB-1153,246.0,366.0,6,285.4
2024-07-29,NB-1153,300.0,0.0,6,285.4
2024-08-05,NB-1153,89.0,351.0,6,285.4
2024-08-12,NB-1153,0.0,395.0,6,285.4
2024-08-19,NB-1153,0.0,0.0,6,285.4
2024-08-26,NB-1153,0.0,0.0,6,285.4
2024-09-02,NB-1153,292.0,292.0,6,285.4
2024-09-09,NB-1153,32.0,302.0,6,285.4
2024-09-16,NB-1153,0.0,0.0,6,285.4
2024-09-23,NB-1153,0.0,346.0,6,285.4
2024-09-30,NB-1153,0.0,0.0,6,285.4
2024-10-07,NB-1153,0.0,0.0,6,285.4
2024-10-14,NB-1153,0.0,0.0,6,285.4
2024-10-21,NB-1153,0.0,291.0,6,285.4
2024-10-28,NB-1153,358.0,0.0,6,285.4
2024-11-04,NB-1153,82.0,318.0,6,285.4
2024-11-11,NB-1153,0.0,319.0,6,285.4
2024-11-18,NB-1153,207.0,0.0,6,285.4
2024-11-25,NB-1153,0.0,0.0,6,285.4
2024-12-02,NB-1153,0.0,313.0,6,285.4
2024-12-09,NB-1153,0.0,0.0,6,285.4
2024-12-16,NB-1153,495.0,0.0,6,285.4
2024-12-23,NB-1153,188.0,0.0,6,285.4
2024-12-30,NB-1153,0.0,0.0,6,285.4
2025-01-06,NB-1153,0.0,378.0,6,285.4
2025-01-13,NB-1153,0.0,0.0,6,285.4
2025-01-20,NB-1153,323.0,0.0,6,285.4
2025-01-27,NB-1153,434.0,0.0,6,285.4
2025-02-03,NB-1153,0.0,0.0,6,285.4
2025-02-10,NB-1153,0.0,0.0,6,285.4
2025-02-17,NB-1153,0.0,0.0,6,285.4
2025-02-24,NB-1153,0.0,0.0,6,285.4
2025-03-03,NB-1153,365.0,365.0,6,285.4
2025-03-10,NB-1153,0.0,0.0,6,285.4
2025-03-17,NB-1153,0.0,0.0,6,285.4
2025-03-24,NB-1153,0.0,0.0,6,285.4
2025-03-31,NB-1153,0.0,363.0,6,285.4
2025-04-07,NB-1153,0.0,351.0,6,285.4
2025-04-14,NB-1153,0.0,0.0,6,285.4
2025-04-21,NB-1153,0.0,278.0,6,285.4
2025-04-28,NB-1153,117.0,0.0,6,285.4
2025-05-05,NB-1153,0.0,0.0,6,285.4
2025-05-12,NB-1153,187.0,0.0,6,285.4
2025-05-19,NB-1153,156.0,0.0,6,285.4
2025-05-26,NB-1153,0.0,422.0,6,285.4
2025-06-02,NB-1153,302.0,0.0,6,285.4
2025-06-09,NB-1153,264.0,0.0,6,285.4
2025-06-16,NB-1153,353.0,0.0,6,285.4
2025-06-23,NB-1153,1.0,368.0,6,285.4
2025-06-30,NB-1153,0.0,0.0,6,285.4
2025-07-07,NB-1153,382.0,382.0,6,285.4
2025-07-14,NB-1153,131.0,0.0,6,285.4
2025-07-21,NB-1153,270.0,0.0,6,285.4
2025-07-28,NB-1153,216.0,319.0,6,285.4
2025-08-04,NB-1153,228.0,0.0,6,285.4
2025-08-11,NB-1153,0.0,0.0,6,285.4
2025-08-18,NB-1153,73.0,0.0,6,285.4
2025-08-25,NB-1153,0.0,310.0,6,285.4
2025-09-01,NB-1153,0.0,0.0,6,285.4
2025-09-08,NB-1153,177.0,0.0,6,285.4
2025-09-15,NB-1153,0.0,0.0,6,285.4
2025-09-22,NB-1153,0.0,370.0,6,285.4
2025-09-29,NB-1153,0.0,0.0,6,285.4
2025-10-06,NB-1153,0.0,423.0,6,285.4
2025-10-13,NB-1153,0.0,285.0,6,285.4
2025-10-20,NB-1153,0.0,284.0,6,285.4
2025-10-27,NB-1153,0.0,0.0,6,285.4
2025-11-03,NB-1153,0.0,0.0,6,285.4
2025-11-10,NB-1153,0.0,0.0,6,285.4
2025-11-17,NB-1153,0.0,0.0,6,285.4
2025-11-24,NB-1153,0.0,0.0,6,285.4
2025-12-01,NB-1153,0.0,0.0,6,285.4
2025-12-08,NB-1153,169.0,0.0,6,285.4
2025-12-15,NB-1153,175.0,0.0,6,285.4
2025-12-22,NB-1153,0.0,0.0,6,285.4
2025-12-29,NB-1153,0.0,0.0,6,285.4
2024-01-01,NB-1154,88.0,162.0,6,155.7
2024-01-08,NB-1154,0.0,0.0,6,155.7
2024-01-15,NB-1154,0.0,0.0,6,155.7
2024-01-22,NB-1154,0.0,193.0,6,155.7
2024-01-29,NB-1154,0.0,0.0,6,155.7
2024-02-05,NB-1154,0.0,0.0,6,155.7
2024-02-12,NB-1154,89.0,0.0,6,155.7
2024-02-19,NB-1154,0.0,0.0,6,155.7
2024-02-26,NB-1154,0.0,0.0,6,155.7
2024-03-04,NB-1154,0.0,0.0,6,155.7
2024-03-11,NB-1154,0.0,0.0,6,155.7
2024-03-18,NB-1154,0.0,0.0,6,155.7
2024-03-25,NB-1154,66.0,0.0,6,155.7
2024-04-01,NB-1154,0.0,0.0,6,155.7
2024-04-08,NB-1154,156.0,0.0,6,155.7
2024-04-15,NB-1154,0.0,0.0,6,155.7
2024-04-22,NB-1154,0.0,0.0,6,155.7
2024-04-29,NB-1154,0.0,0.0,6,155.7
2024-05-06,NB-1154,0.0,0.0,6,155.7
2024-05-13,NB-1154,162.0,0.0,6,155.7
2024-05-20,NB-1154,0.0,0.0,6,155.7
2024-05-27,NB-1154,0.0,194.0,6,155.7
2024-06-03,NB-1154,105.0,158.0,6,155.7
2024-06-10,NB-1154,103.0,0.0,6,155.7
2024-06-17,NB-1154,0.0,0.0,6,155.7
2024-06-24,NB-1154,297.0,0.0,6,155.7
2024-07-01,NB-1154,123.0,0.0,6,155.7
2024-07-08,NB-1154,5.0,0.0,6,155.7
2024-07-15,NB-1154,0.0,0.0,6,155.7
2024-07-22,NB-1154,84.0,0.0,6,155.7
2024-07-29,NB-1154,0.0,0.0,6,155.7
2024-08-05,NB-1154,0.0,0.0,6,155.7
2024-08-12,NB-1154,197.0,197.0,6,155.7
2024-08-19,NB-1154,52.0,0.0,6,155.7
2024-08-26,NB-1154,0.0,0.0,6,155.7
2024-09-02,NB-1154,0.0,0.0,6,155.7
2024-09-09,NB-1154,0.0,0.0,6,155.7
2024-09-16,NB-1154,0.0,0.0,6,155.7
2024-09-23,NB-1154,0.0,0.0,6,155.7
2024-09-30,NB-1154,0.0,206.0,6,155.7
2024-10-07,NB-1154,0.0,201.0,6,155.7
2024-10-14,NB-1154,0.0,0.0,6,155.7
2024-10-21,NB-1154,190.0,0.0,6,155.7
2024-10-28,NB-1154,37.0,0.0,6,155.7
2024-11-04,NB-1154,0.0,0.0,6,155.7
2024-11-11,NB-1154,0.0,0.0,6,155.7
2024-11-18,NB-1154,0.0,0.0,6,155.7
2024-11-25,NB-1154,198.0,0.0,6,155.7
2024-12-02,NB-1154,14.0,0.0,6,155.7
2024-12-09,NB-1154,0.0,151.0,6,155.7
2024-12-16,NB-1154,0.0,0.0,6,155.7
2024-12-23,NB-1154,0.0,0.0,6,155.7
2024-12-30,NB-1154,165.0,0.0,6,155.7
2025-01-06,NB-1154,117.0,0.0,6,155.7
2025-01-13,NB-1154,0.0,146.0,6,155.7
2025-01-20,NB-1154,33.0,0.0,6,155.7
2025-01-27,NB-1154,0.0,0.0,6,155.7
2025-02-03,NB-1154,0.0,0.0,6,155.7
2025-02-10,NB-1154,0.0,152.0,6,155.7
2025-02-17,NB-1154,123.0,0.0,6,155.7
2025-02-24,NB-1154,0.0,0.0,6,155.7
2025-03-03,NB-1154,0.0,203.0,6,155.7
2025-03-10,NB-1154,0.0,186.0,6,155.7
2025-03-17,NB-1154,0.0,238.0,6,155.7
2025-03-24,NB-1154,0.0,0.0,6,155.7
2025-03-31,NB-1154,2.0,0.0,6,155.7
2025-04-07,NB-1154,95.0,0.0,6,155.7
2025-04-14,NB-1154,0.0,0.0,6,155.7
2025-04-21,NB-1154,0.0,192.0,6,155.7
2025-04-28,NB-1154,0.0,0.0,6,155.7
2025-05-05,NB-1154,0.0,0.0,6,155.7
2025-05-12,NB-1154,0.0,162.0,6,155.7
2025-05-19,NB-1154,0.0,0.0,6,155.7
2025-05-26,NB-1154,0.0,0.0,6,155.7
2025-06-02,NB-1154,32.0,238.0,6,155.7
2025-06-09,NB-1154,0.0,0.0,6,155.7
2025-06-16,NB-1154,0.0,0.0,6,155.7
2025-06-23,NB-1154,0.0,200.0,6,155.7
2025-06-30,NB-1154,38.0,0.0,6,155.7
2025-07-07,NB-1154,232.0,232.0,6,155.7
2025-07-14,NB-1154,0.0,232.0,6,155.7
2025-07-21,NB-1154,0.0,0.0,6,155.7
2025-07-28,NB-1154,138.0,0.0,6,155.7
2025-08-04,NB-1154,152.0,0.0,6,155.7
2025-08-11,NB-1154,0.0,0.0,6,155.7
2025-08-18,NB-1154,0.0,0.0,6,155.7
2025-08-25,NB-1154,79.0,0.0,6,155.7
2025-09-01,NB-1154,194.0,0.0,6,155.7
2025-09-08,NB-1154,0.0,200.0,6,155.7
2025-09-15,NB-1154,0.0,219.0,6,155.7
2025-09-22,NB-1154,52.0,0.0,6,155.7
2025-09-29,NB-1154,202.0,0.0,6,155.7
2025-10-06,NB-1154,0.0,154.0,6,155.7
2025-10-13,NB-1154,367.0,230.0,6,155.7
2025-10-20,NB-1154,14.0,0.0,6,155.7
2025-10-27,NB-1154,0.0,0.0,6,155.7
2025-11-03,NB-1154,196.0,0.0,6,155.7
2025-11-10,NB-1154,0.0,0.0,6,155.7
2025-11-17,NB-1154,0.0,0.0,6,155.7
2025-11-24,NB-1154,17.0,0.0,6,155.7
2025-12-01,NB-1154,0.0,0.0,6,155.7
2025-12-08,NB-1154,0.0,232.0,6,155.7
2025-12-15,NB-1154,249.0,0.0,6,155.7
2025-12-22,NB-1154,176.0,0.0,6,155.7
2025-12-29,NB-1154,109.0,217.0,6,155.7
2024-01-01,NB-1155,205.0,0.0,5,146.9
2024-01-08,NB-1155,0.0,0.0,5,146.9
2024-01-15,NB-1155,0.0,0.0,5,146.9
2024-01-22,NB-1155,152.0,152.0,5,146.9
2024-01-29,NB-1155,0.0,219.0,5,146.9
2024-02-05,NB-1155,0.0,0.0,5,146.9
2024-02-12,NB-1155,0.0,181.0,5,146.9
2024-02-19,NB-1155,0.0,0.0,5,146.9
2024-02-26,NB-1155,0.0,0.0,5,146.9
2024-03-04,NB-1155,0.0,0.0,5,146.9
2024-03-11,NB-1155,0.0,0.0,5,146.9
2024-03-18,NB-1155,21.0,0.0,5,146.9
2024-03-25,NB-1155,0.0,0.0,5,146.9
2024-04-01,NB-1155,56.0,0.0,5,146.9
2024-04-08,NB-1155,0.0,202.0,5,146.9
2024-04-15,NB-1155,258.0,147.0,5,146.9
2024-04-22,NB-1155,69.0,0.0,5,146.9
2024-04-29,NB-1155,0.0,0.0,5,146.9
2024-05-06,NB-1155,143.0,154.0,5,146.9
2024-05-13,NB-1155,175.0,0.0,5,146.9
2024-05-20,NB-1155,19.0,0.0,5,146.9
2024-05-27,NB-1155,152.0,0.0,5,146.9
2024-06-03,NB-1155,46.0,0.0,5,146.9
2024-06-10,NB-1155,0.0,216.0,5,146.9
2024-06-17,NB-1155,148.0,0.0,5,146.9
2024-06-24,NB-1155,40.0,0.0,5,146.9
2024-07-01,NB-1155,0.0,138.0,5,146.9
2024-07-08,NB-1155,103.0,158.0,5,146.9
2024-07-15,NB-1155,42.0,224.0,5,146.9
2024-07-22,NB-1155,0.0,0.0,5,146.9
2024-07-29,NB-1155,0.0,213.0,5,146.9
2024-08-05,NB-1155,0.0,190.0,5,146.9
2024-08-12,NB-1155,155.0,0.0,5,146.9
2024-08-19,NB-1155,44.0,0.0,5,146.9
2024-08-26,NB-1155,0.0,0.0,5,146.9
2024-09-02,NB-1155,0.0,203.0,5,146.9
2024-09-09,NB-1155,0.0,0.0,5,146.9
2024-09-16,NB-1155,177.0,0.0,5,146.9
2024-09-23,NB-1155,20.0,0.0,5,146.9
2024-09-30,NB-1155,138.0,138.0,5,146.9
2024-10-07,NB-1155,156.0,0.0,5,146.9
2024-10-14,NB-1155,168.0,166.0,5,146.9
2024-10-21,NB-1155,214.0,0.0,5,146.9
2024-10-28,NB-1155,0.0,0.0,5,146.9
2024-11-04,NB-1155,0.0,0.0,5,146.9
2024-11-11,NB-1155,162.0,0.0,5,146.9
2024-11-18,NB-1155,124.0,212.0,5,146.9
2024-11-25,NB-1155,120.0,142.0,5,146.9
2024-12-02,NB-1155,106.0,0.0,5,146.9
2024-12-09,NB-1155,97.0,0.0,5,146.9
2024-12-16,NB-1155,127.0,0.0,5,146.9
2024-12-23,NB-1155,151.0,0.0,5,146.9
2024-12-30,NB-1155,154.0,0.0,5,146.9
2025-01-06,NB-1155,0.0,161.0,5,146.9
2025-01-13,NB-1155,144.0,144.0,5,146.9
2025-01-20,NB-1155,74.0,151.0,5,146.9
2025-01-27,NB-1155,102.0,0.0,5,146.9
2025-02-03,NB-1155,0.0,0.0,5,146.9
2025-02-10,NB-1155,0.0,0.0,5,146.9
2025-02-17,NB-1155,0.0,0.0,5,146.9
2025-02-24,NB-1155,0.0,0.0,5,146.9
2025-03-03,NB-1155,14.0,0.0,5,146.9
2025-03-10,NB-1155,0.0,200.0,5,146.9
2025-03-17,NB-1155,0.0,0.0,5,146.9
2025-03-24,NB-1155,0.0,0.0,5,146.9
2025-03-31,NB-1155,172.0,0.0,5,146.9
2025-04-07,NB-1155,139.0,0.0,5,146.9
2025-04-14,NB-1155,0.0,0.0,5,146.9
2025-04-21,NB-1155,0.0,0.0,5,146.9
2025-04-28,NB-1155,138.0,182.0,5,146.9
2025-05-05,NB-1155,0.0,0.0,5,146.9
2025-05-12,NB-1155,0.0,0.0,5,146.9
2025-05-19,NB-1155,218.0,218.0,5,146.9
2025-05-26,NB-1155,226.0,0.0,5,146.9
2025-06-02,NB-1155,109.0,0.0,5,146.9
2025-06-09,NB-1155,175.0,0.0,5,146.9
2025-06-16,NB-1155,232.0,0.0,5,146.9
2025-06-23,NB-1155,252.0,0.0,5,146.9
2025-06-30,NB-1155,108.0,0.0,5,146.9
2025-07-07,NB-1155,0.0,0.0,5,146.9
2025-07-14,NB-1155,104.0,0.0,5,146.9
2025-07-21,NB-1155,0.0,151.0,5,146.9
2025-07-28,NB-1155,0.0,0.0,5,146.9
2025-08-04,NB-1155,0.0,0.0,5,146.9
2025-08-11,NB-1155,103.0,215.0,5,146.9
2025-08-18,NB-1155,5.0,147.0,5,146.9
2025-08-25,NB-1155,0.0,181.0,5,146.9
2025-09-01,NB-1155,0.0,192.0,5,146.9
2025-09-08,NB-1155,163.0,0.0,5,146.9
2025-09-15,NB-1155,46.0,0.0,5,146.9
2025-09-22,NB-1155,0.0,0.0,5,146.9
2025-09-29,NB-1155,97.0,187.0,5,146.9
2025-10-06,NB-1155,136.0,0.0,5,146.9
2025-10-13,NB-1155,131.0,0.0,5,146.9
2025-10-20,NB-1155,0.0,0.0,5,146.9
2025-10-27,NB-1155,0.0,0.0,5,146.9
2025-11-03,NB-1155,0.0,0.0,5,146.9
2025-11-10,NB-1155,0.0,0.0,5,146.9
2025-11-17,NB-1155,0.0,0.0,5,146.9
2025-11-24,NB-1155,0.0,213.0,5,146.9
2025-12-01,NB-1155,0.0,0.0,5,146.9
2025-12-08,NB-1155,0.0,0.0,5,146.9
2025-12-15,NB-1155,0.0,139.0,5,146.9
2025-12-22,NB-1155,0.0,156.0,5,146.9
2025-12-29,NB-1155,0.0,0.0,5,146.9
2024-01-01,NB-1156,108.0,0.0,7,151.5
2024-01-08,NB-1156,0.0,0.0,7,151.5
2024-01-15,NB-1156,42.0,0.0,7,151.5
2024-01-22,NB-1156,0.0,0.0,7,151.5
2024-01-29,NB-1156,90.0,188.0,7,151.5
2024-02-05,NB-1156,0.0,0.0,7,151.5
2024-02-12,NB-1156,0.0,0.0,7,151.5
2024-02-19,NB-1156,0.0,0.0,7,151.5
2024-02-26,NB-1156,0.0,226.0,7,151.5
2024-03-04,NB-1156,0.0,214.0,7,151.5
2024-03-11,NB-1156,71.0,0.0,7,151.5
2024-03-18,NB-1156,0.0,0.0,7,151.5
2024-03-25,NB-1156,0.0,0.0,7,151.5
2024-04-01,NB-1156,0.0,0.0,7,151.5
2024-04-08,NB-1156,160.0,0.0,7,151.5
2024-04-15,NB-1156,51.0,0.0,7,151.5
2024-04-22,NB-1156,0.0,193.0,7,151.5
2024-04-29,NB-1156,0.0,0.0,7,151.5
2024-05-06,NB-1156,0.0,208.0,7,151.5
2024-05-13,NB-1156,0.0,0.0,7,151.5
2024-05-20,NB-1156,0.0,0.0,7,151.5
2024-05-27,NB-1156,0.0,0.0,7,151.5
2024-06-03,NB-1156,0.0,0.0,7,151.5
2024-06-10,NB-1156,80.0,0.0,7,151.5
2024-06-17,NB-1156,138.0,159.0,7,151.5
2024-06-24,NB-1156,21.0,0.0,7,151.5
2024-07-01,NB-1156,0.0,0.0,7,151.5
2024-07-08,NB-1156,144.0,0.0,7,151.5
2024-07-15,NB-1156,218.0,0.0,7,151.5
2024-07-22,NB-1156,95.0,0.0,7,151.5
2024-07-29,NB-1156,0.0,150.0,7,151.5
2024-08-05,NB-1156,0.0,0.0,7,151.5
2024-08-12,NB-1156,64.0,0.0,7,151.5
2024-08-19,NB-1156,0.0,0.0,7,151.5
2024-08-26,NB-1156,0.0,196.0,7,151.5
2024-09-02,NB-1156,175.0,175.0,7,151.5
2024-09-09,NB-1156,29.0,0.0,7,151.5
2024-09-16,NB-1156,0.0,0.0,7,151.5
2024-09-23,NB-1156,177.0,177.0,7,151.5
2024-09-30,NB-1156,36.0,231.0,7,151.5
2024-10-07,NB-1156,0.0,0.0,7,151.5
2024-10-14,NB-1156,232.0,232.0,7,151.5
2024-10-21,NB-1156,21.0,0.0,7,151.5
2024-10-28,NB-1156,43.0,0.0,7,151.5
2024-11-04,NB-1156,0.0,0.0,7,151.5
2024-11-11,NB-1156,0.0,0.0,7,151.5
2024-11-18,NB-1156,0.0,206.0,7,151.5
2024-11-25,NB-1156,0.0,0.0,7,151.5
2024-12-02,NB-1156,93.0,0.0,7,151.5
2024-12-09,NB-1156,0.0,0.0,7,151.5
2024-12-16,NB-1156,0.0,144.0,7,151.5
2024-12-23,NB-1156,54.0,0.0,7,151.5
2024-12-30,NB-1156,37.0,161.0,7,151.5
2025-01-06,NB-1156,0.0,219.0,7,151.5
2025-01-13,NB-1156,0.0,166.0,7,151.5
2025-01-20,NB-1156,0.0,222.0,7,151.5
2025-01-27,NB-1156,0.0,0.0,7,151.5
2025-02-03,NB-1156,0.0,0.0,7,151.5
2025-02-10,NB-1156,0.0,159.0,7,151.5
2025-02-17,NB-1156,0.0,210.0,7,151.5
2025-02-24,NB-1156,0.0,0.0,7,151.5
2025-03-03,NB-1156,0.0,0.0,7,151.5
2025-03-10,NB-1156,19.0,179.0,7,151.5
2025-03-17,NB-1156,0.0,199.0,7,151.5
2025-03-24,NB-1156,184.0,184.0,7,151.5
2025-03-31,NB-1156,0.0,177.0,7,151.5
2025-04-07,NB-1156,0.0,0.0,7,151.5
2025-04-14,NB-1156,0.0,0.0,7,151.5
2025-04-21,NB-1156,0.0,0.0,7,151.5
2025-04-28,NB-1156,0.0,0.0,7,151.5
2025-05-05,NB-1156,130.0,0.0,7,151.5
2025-05-12,NB-1156,175.0,175.0,7,151.5
2025-05-19,NB-1156,211.0,0.0,7,151.5
2025-05-26,NB-1156,79.0,0.0,7,151.5
2025-06-02,NB-1156,187.0,0.0,7,151.5
2025-06-09,NB-1156,28.0,0.0,7,151.5
2025-06-16,NB-1156,115.0,0.0,7,151.5
2025-06-23,NB-1156,0.0,222.0,7,151.5
2025-06-30,NB-1156,0.0,155.0,7,151.5
2025-07-07,NB-1156,0.0,0.0,7,151.5
2025-07-14,NB-1156,103.0,0.0,7,151.5
2025-07-21,NB-1156,33.0,0.0,7,151.5
2025-07-28,NB-1156,142.0,0.0,7,151.5
2025-08-04,NB-1156,123.0,0.0,7,151.5
2025-08-11,NB-1156,0.0,0.0,7,151.5
2025-08-18,NB-1156,134.0,0.0,7,151.5
2025-08-25,NB-1156,0.0,207.0,7,151.5
2025-09-01,NB-1156,0.0,219.0,7,151.5
2025-09-08,NB-1156,0.0,224.0,7,151.5
2025-09-15,NB-1156,0.0,0.0,7,151.5
2025-09-22,NB-1156,154.0,154.0,7,151.5
2025-09-29,NB-1156,0.0,0.0,7,151.5
2025-10-06,NB-1156,0.0,0.0,7,151.5
2025-10-13,NB-1156,0.0,0.0,7,151.5
2025-10-20,NB-1156,0.0,143.0,7,151.5
2025-10-27,NB-1156,0.0,0.0,7,151.5
2025-11-03,NB-1156,0.0,191.0,7,151.5
2025-11-10,NB-1156,0.0,141.0,7,151.5
2025-11-17,NB-1156,148.0,148.0,7,151.5
2025-11-24,NB-1156,0.0,0.0,7,151.5
2025-12-01,NB-1156,0.0,184.0,7,151.5
2025-12-08,NB-1156,71.0,0.0,7,151.5
2025-12-15,NB-1156,0.0,216.0,7,151.5
2025-12-22,NB-1156,0.0,0.0,7,151.5
2025-12-29,NB-1156,0.0,0.0,7,151.5
2024-01-01,NB-1157,328.0,0.0,9,215.4
2024-01-08,NB-1157,227.0,0.0,9,215.4
2024-01-15,NB-1157,430.0,0.0,9,215.4
2024-01-22,NB-1157,322.0,0.0,9,215.4
2024-01-29,NB-1157,183.0,0.0,9,215.4
2024-02-05,NB-1157,94.0,0.0,9,215.4
2024-02-12,NB-1157,0.0,0.0,9,215.4
2024-02-19,NB-1157,159.0,0.0,9,215.4
2024-02-26,NB-1157,246.0,0.0,9,215.4
2024-03-04,NB-1157,106.0,0.0,9,215.4
2024-03-11,NB-1157,0.0,0.0,9,215.4
2024-03-18,NB-1157,0.0,229.0,9,215.4
2024-03-25,NB-1157,0.0,0.0,9,215.4
2024-04-01,NB-1157,0.0,214.0,9,215.4
2024-04-08,NB-1157,0.0,0.0,9,215.4
2024-04-15,NB-1157,218.0,0.0,9,215.4
2024-04-22,NB-1157,37.0,255.0,9,215.4
2024-04-29,NB-1157,244.0,244.0,9,215.4
2024-05-06,NB-1157,27.0,0.0,9,215.4
2024-05-13,NB-1157,0.0,202.0,9,215.4
2024-05-20,NB-1157,0.0,0.0,9,215.4
2024-05-27,NB-1157,242.0,0.0,9,215.4
2024-06-03,NB-1157,88.0,0.0,9,215.4
2024-06-10,NB-1157,0.0,259.0,9,215.4
2024-06-17,NB-1157,281.0,0.0,9,215.4
2024-06-24,NB-1157,74.0,0.0,9,215.4
2024-07-01,NB-1157,256.0,0.0,9,215.4
2024-07-08,NB-1157,393.0,257.0,9,215.4
2024-07-15,NB-1157,210.0,298.0,9,215.4
2024-07-22,NB-1157,322.0,0.0,9,215.4
2024-07-29,NB-1157,180.0,270.0,9,215.4
2024-08-05,NB-1157,283.0,0.0,9,215.4
2024-08-12,NB-1157,182.0,242.0,9,215.4
2024-08-19,NB-1157,0.0,0.0,9,215.4
2024-08-26,NB-1157,0.0,0.0,9,215.4
2024-09-02,NB-1157,0.0,308.0,9,215.4
2024-09-09,NB-1157,251.0,0.0,9,215.4
2024-09-16,NB-1157,114.0,205.0,9,215.4
2024-09-23,NB-1157,252.0,252.0,9,215.4
2024-09-30,NB-1157,114.0,0.0,9,215.4
2024-10-07,NB-1157,0.0,0.0,9,215.4
2024-10-14,NB-1157,0.0,0.0,9,215.4
2024-10-21,NB-1157,0.0,0.0,9,215.4
2024-10-28,NB-1157,213.0,0.0,9,215.4
2024-11-04,NB-1157,408.0,0.0,9,215.4
2024-11-11,NB-1157,287.0,0.0,9,215.4
2024-11-18,NB-1157,189.0,0.0,9,215.4
2024-11-25,NB-1157,394.0,0.0,9,215.4
2024-12-02,NB-1157,244.0,0.0,9,215.4
2024-12-09,NB-1157,83.0,0.0,9,215.4
2024-12-16,NB-1157,0.0,0.0,9,215.4
2024-12-23,NB-1157,0.0,0.0,9,215.4
2024-12-30,NB-1157,296.0,0.0,9,215.4
2025-01-06,NB-1157,127.0,0.0,9,215.4
2025-01-13,NB-1157,0.0,0.0,9,215.4
2025-01-20,NB-1157,0.0,0.0,9,215.4
2025-01-27,NB-1157,0.0,0.0,9,215.4
2025-02-03,NB-1157,229.0,0.0,9,215.4
2025-02-10,NB-1157,45.0,273.0,9,215.4
2025-02-17,NB-1157,0.0,0.0,9,215.4
2025-02-24,NB-1157,0.0,274.0,9,215.4
2025-03-03,NB-1157,0.0,222.0,9,215.4
2025-03-10,NB-1157,0.0,0.0,9,215.4
2025-03-17,NB-1157,66.0,0.0,9,215.4
2025-03-24,NB-1157,0.0,284.0,9,215.4
2025-03-31,NB-1157,0.0,0.0,9,215.4
2025-04-07,NB-1157,263.0,0.0,9,215.4
2025-04-14,NB-1157,372.0,0.0,9,215.4
2025-04-21,NB-1157,149.0,214.0,9,215.4
2025-04-28,NB-1157,0.0,0.0,9,215.4
2025-05-05,NB-1157,173.0,0.0,9,215.4
2025-05-12,NB-1157,0.0,0.0,9,215.4
2025-05-19,NB-1157,0.0,0.0,9,215.4
2025-05-26,NB-1157,0.0,0.0,9,215.4
2025-06-02,NB-1157,93.0,252.0,9,215.4
2025-06-09,NB-1157,0.0,214.0,9,215.4
2025-06-16,NB-1157,0.0,255.0,9,215.4
2025-06-23,NB-1157,0.0,0.0,9,215.4
2025-06-30,NB-1157,0.0,281.0,9,215.4
2025-07-07,NB-1157,356.0,294.0,9,215.4
2025-07-14,NB-1157,202.0,220.0,9,215.4
2025-07-21,NB-1157,0.0,0.0,9,215.4
2025-07-28,NB-1157,0.0,0.0,9,215.4
2025-08-04,NB-1157,0.0,233.0,9,215.4
2025-08-11,NB-1157,28.0,0.0,9,215.4
2025-08-18,NB-1157,0.0,0.0,9,215.4
2025-08-25,NB-1157,0.0,0.0,9,215.4
2025-09-01,NB-1157,170.0,253.0,9,215.4
2025-09-08,NB-1157,217.0,0.0,9,215.4
2025-09-15,NB-1157,13.0,0.0,9,215.4
2025-09-22,NB-1157,0.0,0.0,9,215.4
2025-09-29,NB-1157,0.0,0.0,9,215.4
2025-10-06,NB-1157,0.0,0.0,9,215.4
2025-10-13,NB-1157,230.0,0.0,9,215.4
2025-10-20,NB-1157,297.0,0.0,9,215.4
2025-10-27,NB-1157,416.0,315.0,9,215.4
2025-11-03,NB-1157,233.0,0.0,9,215.4
2025-11-10,NB-1157,60.0,0.0,9,215.4
2025-11-17,NB-1157,0.0,0.0,9,215.4
2025-11-24,NB-1157,157.0,211.0,9,215.4
2025-12-01,NB-1157,0.0,0.0,9,215.4
2025-12-08,NB-1157,0.0,0.0,9,215.4
2025-12-15,NB-1157,242.0,242.0,9,215.4
2025-12-22,NB-1157,39.0,0.0,9,215.4
2025-12-29,NB-1157,0.0,266.0,9,215.4
2024-01-01,NB-1158,147.0,0.0,16,740.7
2024-01-08,NB-1158,937.0,0.0,16,740.7
2024-01-15,NB-1158,712.0,0.0,16,740.7
2024-01-22,NB-1158,520.0,743.0,16,740.7
2024-01-29,NB-1158,1116.0,859.0,16,740.7
2024-02-05,NB-1158,871.0,0.0,16,740.7
2024-02-12,NB-1158,646.0,0.0,16,740.7
2024-02-19,NB-1158,425.0,0.0,16,740.7
2024-02-26,NB-1158,1145.0,0.0,16,740.7
2024-03-04,NB-1158,788.0,0.0,16,740.7
2024-03-11,NB-1158,470.0,0.0,16,740.7
2024-03-18,NB-1158,986.0,849.0,16,740.7
2024-03-25,NB-1158,685.0,942.0,16,740.7
2024-04-01,NB-1158,1236.0,0.0,16,740.7
2024-04-08,NB-1158,845.0,0.0,16,740.7
2024-04-15,NB-1158,544.0,0.0,16,740.7
2024-04-22,NB-1158,167.0,714.0,16,740.7
2024-04-29,NB-1158,796.0,0.0,16,740.7
2024-05-06,NB-1158,1540.0,0.0,16,740.7
2024-05-13,NB-1158,1187.0,0.0,16,740.7
2024-05-20,NB-1158,721.0,0.0,16,740.7
2024-05-27,NB-1158,273.0,0.0,16,740.7
2024-06-03,NB-1158,0.0,0.0,16,740.7
2024-06-10,NB-1158,803.0,0.0,16,740.7
2024-06-17,NB-1158,1142.0,0.0,16,740.7
2024-06-24,NB-1158,762.0,0.0,16,740.7
2024-07-01,NB-1158,1316.0,0.0,16,740.7
2024-07-08,NB-1158,1034.0,0.0,16,740.7
2024-07-15,NB-1158,692.0,0.0,16,740.7
2024-07-22,NB-1158,394.0,1095.0,16,740.7
2024-07-29,NB-1158,72.0,0.0,16,740.7
2024-08-05,NB-1158,0.0,0.0,16,740.7
2024-08-12,NB-1158,0.0,962.0,16,740.7
2024-08-19,NB-1158,997.0,0.0,16,740.7
2024-08-26,NB-1158,768.0,0.0,16,740.7
2024-09-02,NB-1158,569.0,0.0,16,740.7
2024-09-09,NB-1158,335.0,0.0,16,740.7
2024-09-16,NB-1158,1223.0,0.0,16,740.7
2024-09-23,NB-1158,1017.0,0.0,16,740.7
2024-09-30,NB-1158,796.0,0.0,16,740.7
2024-10-07,NB-1158,633.0,0.0,16,740.7
2024-10-14,NB-1158,429.0,884.0,16,740.7
2024-10-21,NB-1158,1284.0,0.0,16,740.7
2024-10-28,NB-1158,1112.0,0.0,16,740.7
2024-11-04,NB-1158,932.0,0.0,16,740.7
2024-11-11,NB-1158,740.0,0.0,16,740.7
2024-11-18,NB-1158,562.0,0.0,16,740.7
2024-11-25,NB-1158,1089.0,700.0,16,740.7
2024-12-02,NB-1158,938.0,0.0,16,740.7
2024-12-09,NB-1158,716.0,0.0,16,740.7
2024-12-16,NB-1158,477.0,0.0,16,740.7
2024-12-23,NB-1158,1028.0,0.0,16,740.7
2024-12-30,NB-1158,815.0,0.0,16,740.7
2025-01-06,NB-1158,574.0,0.0,16,740.7
2025-01-13,NB-1158,1373.0,0.0,16,740.7
2025-01-20,NB-1158,1087.0,0.0,16,740.7
2025-01-27,NB-1158,852.0,0.0,16,740.7
2025-02-03,NB-1158,554.0,0.0,16,740.7
2025-02-10,NB-1158,993.0,768.0,16,740.7
2025-02-17,NB-1158,1699.0,0.0,16,740.7
2025-02-24,NB-1158,1319.0,0.0,16,740.7
2025-03-03,NB-1158,781.0,0.0,16,740.7
2025-03-10,NB-1158,492.0,0.0,16,740.7
2025-03-17,NB-1158,1257.0,0.0,16,740.7
2025-03-24,NB-1158,836.0,0.0,16,740.7
2025-03-31,NB-1158,268.0,0.0,16,740.7
2025-04-07,NB-1158,685.0,0.0,16,740.7
2025-04-14,NB-1158,301.0,0.0,16,740.7
2025-04-21,NB-1158,690.0,690.0,16,740.7
2025-04-28,NB-1158,233.0,0.0,16,740.7
2025-05-05,NB-1158,872.0,0.0,16,740.7
2025-05-12,NB-1158,335.0,0.0,16,740.7
2025-05-19,NB-1158,902.0,0.0,16,740.7
2025-05-26,NB-1158,412.0,990.0,16,740.7
2025-06-02,NB-1158,835.0,0.0,16,740.7
2025-06-09,NB-1158,1495.0,1081.0,16,740.7
2025-06-16,NB-1158,1047.0,0.0,16,740.7
2025-06-23,NB-1158,690.0,0.0,16,740.7
2025-06-30,NB-1158,291.0,0.0,16,740.7
2025-07-07,NB-1158,0.0,0.0,16,740.7
2025-07-14,NB-1158,0.0,0.0,16,740.7
2025-07-21,NB-1158,774.0,0.0,16,740.7
2025-07-28,NB-1158,1391.0,0.0,16,740.7
2025-08-04,NB-1158,997.0,0.0,16,740.7
2025-08-11,NB-1158,589.0,742.0,16,740.7
2025-08-18,NB-1158,982.0,0.0,16,740.7
2025-08-25,NB-1158,681.0,0.0,16,740.7
2025-09-01,NB-1158,267.0,921.0,16,740.7
2025-09-08,NB-1158,0.0,0.0,16,740.7
2025-09-15,NB-1158,1520.0,0.0,16,740.7
2025-09-22,NB-1158,1264.0,0.0,16,740.7
2025-09-29,NB-1158,1031.0,0.0,16,740.7
2025-10-06,NB-1158,809.0,0.0,16,740.7
2025-10-13,NB-1158,610.0,0.0,16,740.7
2025-10-20,NB-1158,272.0,0.0,16,740.7
2025-10-27,NB-1158,57.0,0.0,16,740.7
2025-11-03,NB-1158,0.0,0.0,16,740.7
2025-11-10,NB-1158,0.0,0.0,16,740.7
2025-11-17,NB-1158,573.0,0.0,16,740.7
2025-11-24,NB-1158,253.0,781.0,16,740.7
2025-12-01,NB-1158,0.0,0.0,16,740.7
2025-12-08,NB-1158,937.0,937.0,16,740.7
2025-12-15,NB-1158,698.0,780.0,16,740.7
2025-12-22,NB-1158,383.0,0.0,16,740.7
2025-12-29,NB-1158,111.0,943.0,16,740.7
2024-01-01,NB-1159,303.0,965.0,18,758.6
2024-01-08,NB-1159,74.0,1154.0,18,758.6
2024-01-15,NB-1159,0.0,0.0,18,758.6
2024-01-22,NB-1159,0.0,0.0,18,758.6
2024-01-29,NB-1159,950.0,0.0,18,758.6
2024-02-05,NB-1159,702.0,0.0,18,758.6
2024-02-12,NB-1159,465.0,0.0,18,758.6
2024-02-19,NB-1159,225.0,0.0,18,758.6
2024-02-26,NB-1159,0.0,0.0,18,758.6
2024-03-04,NB-1159,663.0,1009.0,18,758.6
2024-03-11,NB-1159,408.0,0.0,18,758.6
2024-03-18,NB-1159,181.0,812.0,18,758.6
2024-03-25,NB-1159,1053.0,0.0,18,758.6
2024-04-01,NB-1159,830.0,0.0,18,758.6
2024-04-08,NB-1159,590.0,0.0,18,758.6
2024-04-15,NB-1159,1471.0,0.0,18,758.6
2024-04-22,NB-1159,1264.0,0.0,18,758.6
2024-04-29,NB-1159,1081.0,0.0,18,758.6
2024-05-06,NB-1159,845.0,0.0,18,758.6
2024-05-13,NB-1159,1833.0,0.0,18,758.6
2024-05-20,NB-1159,1649.0,0.0,18,758.6
2024-05-27,NB-1159,1428.0,0.0,18,758.6
2024-06-03,NB-1159,1275.0,0.0,18,758.6
2024-06-10,NB-1159,1053.0,0.0,18,758.6
2024-06-17,NB-1159,800.0,0.0,18,758.6
2024-06-24,NB-1159,1482.0,0.0,18,758.6
2024-07-01,NB-1159,1342.0,0.0,18,758.6
2024-07-08,NB-1159,1192.0,0.0,18,758.6
2024-07-15,NB-1159,986.0,0.0,18,758.6
2024-07-22,NB-1159,821.0,0.0,18,758.6
2024-07-29,NB-1159,1424.0,0.0,18,758.6
2024-08-05,NB-1159,1260.0,0.0,18,758.6
2024-08-12,NB-1159,1074.0,0.0,18,758.6
2024-08-19,NB-1159,882.0,0.0,18,758.6
2024-08-26,NB-1159,677.0,0.0,18,758.6
2024-09-02,NB-1159,1270.0,0.0,18,758.6
2024-09-09,NB-1159,1082.0,0.0,18,758.6
2024-09-16,NB-1159,888.0,0.0,18,758.6
2024-09-23,NB-1159,718.0,0.0,18,758.6
2024-09-30,NB-1159,1352.0,0.0,18,758.6
2024-10-07,NB-1159,1143.0,0.0,18,758.6
2024-10-14,NB-1159,1001.0,0.0,18,758.6
2024-10-21,NB-1159,790.0,0.0,18,758.6
2024-10-28,NB-1159,562.0,0.0,18,758.6
2024-11-04,NB-1159,1072.0,0.0,18,758.6
2024-11-11,NB-1159,877.0,0.0,18,758.6
2024-11-18,NB-1159,656.0,0.0,18,758.6
2024-11-25,NB-1159,1256.0,0.0,18,758.6
2024-12-02,NB-1159,1096.0,0.0,18,758.6
2024-12-09,NB-1159,865.0,0.0,18,758.6
2024-12-16,NB-1159,682.0,0.0,18,758.6
2024-12-23,NB-1159,498.0,0.0,18,758.6
2024-12-30,NB-1159,302.0,0.0,18,758.6
2025-01-06,NB-1159,90.0,0.0,18,758.6
2025-01-13,NB-1159,0.0,0.0,18,758.6
2025-01-20,NB-1159,0.0,0.0,18,758.6
2025-01-27,NB-1159,0.0,0.0,18,758.6
2025-02-03,NB-1159,0.0,0.0,18,758.6
2025-02-10,NB-1159,893.0,893.0,18,758.6
2025-02-17,NB-1159,704.0,0.0,18,758.6
2025-02-24,NB-1159,497.0,0.0,18,758.6
2025-03-03,NB-1159,224.0,866.0,18,758.6
2025-03-10,NB-1159,977.0,0.0,18,758.6
2025-03-17,NB-1159,794.0,0.0,18,758.6
2025-03-24,NB-1159,640.0,0.0,18,758.6
2025-03-31,NB-1159,1469.0,0.0,18,758.6
2025-04-07,NB-1159,1234.0,0.0,18,758.6
2025-04-14,NB-1159,1086.0,0.0,18,758.6
2025-04-21,NB-1159,907.0,0.0,18,758.6
2025-04-28,NB-1159,774.0,0.0,18,758.6
2025-05-05,NB-1159,1659.0,0.0,18,758.6
2025-05-12,NB-1159,1496.0,0.0,18,758.6
2025-05-19,NB-1159,1283.0,0.0,18,758.6
2025-05-26,NB-1159,1161.0,0.0,18,758.6
2025-06-02,NB-1159,1016.0,0.0,18,758.6
2025-06-09,NB-1159,856.0,0.0,18,758.6
2025-06-16,NB-1159,709.0,0.0,18,758.6
2025-06-23,NB-1159,527.0,946.0,18,758.6
2025-06-30,NB-1159,390.0,1138.0,18,758.6
2025-07-07,NB-1159,253.0,0.0,18,758.6
2025-07-14,NB-1159,84.0,0.0,18,758.6
2025-07-21,NB-1159,0.0,0.0,18,758.6
2025-07-28,NB-1159,0.0,0.0,18,758.6
2025-08-04,NB-1159,890.0,890.0,18,758.6
2025-08-11,NB-1159,751.0,0.0,18,758.6
2025-08-18,NB-1159,1567.0,0.0,18,758.6
2025-08-25,NB-1159,1417.0,0.0,18,758.6
2025-09-01,NB-1159,1176.0,0.0,18,758.6
2025-09-08,NB-1159,981.0,0.0,18,758.6
2025-09-15,NB-1159,862.0,0.0,18,758.6
2025-09-22,NB-1159,707.0,0.0,18,758.6
2025-09-29,NB-1159,1452.0,925.0,18,758.6
2025-10-06,NB-1159,1311.0,0.0,18,758.6
2025-10-13,NB-1159,1160.0,0.0,18,758.6
2025-10-20,NB-1159,891.0,0.0,18,758.6
2025-10-27,NB-1159,744.0,0.0,18,758.6
2025-11-03,NB-1159,1370.0,0.0,18,758.6
2025-11-10,NB-1159,1188.0,0.0,18,758.6
2025-11-17,NB-1159,995.0,0.0,18,758.6
2025-11-24,NB-1159,829.0,0.0,18,758.6
2025-12-01,NB-1159,728.0,0.0,18,758.6
2025-12-08,NB-1159,1340.0,0.0,18,758.6
2025-12-15,NB-1159,1162.0,0.0,18,758.6
2025-12-22,NB-1159,994.0,0.0,18,758.6
2025-12-29,NB-1159,823.0,0.0,18,758.6
2024-01-01,NB-1160,354.0,0.0,13,569.0
2024-01-08,NB-1160,234.0,849.0,13,569.0
2024-01-15,NB-1160,75.0,0.0,13,569.0
2024-01-22,NB-1160,0.0,0.0,13,569.0
2024-01-29,NB-1160,0.0,556.0,13,569.0
2024-02-05,NB-1160,0.0,0.0,13,569.0
2024-02-12,NB-1160,0.0,0.0,13,569.0
2024-02-19,NB-1160,0.0,832.0,13,569.0
2024-02-26,NB-1160,0.0,0.0,13,569.0
2024-03-04,NB-1160,484.0,0.0,13,569.0
2024-03-11,NB-1160,315.0,0.0,13,569.0
2024-03-18,NB-1160,98.0,0.0,13,569.0
2024-03-25,NB-1160,0.0,0.0,13,569.0
2024-04-01,NB-1160,754.0,0.0,13,569.0
2024-04-08,NB-1160,574.0,0.0,13,569.0
2024-04-15,NB-1160,309.0,0.0,13,569.0
2024-04-22,NB-1160,769.0,0.0,13,569.0
2024-04-29,NB-1160,446.0,0.0,13,569.0
2024-05-06,NB-1160,138.0,0.0,13,569.0
2024-05-13,NB-1160,0.0,0.0,13,569.0
2024-05-20,NB-1160,0.0,0.0,13,569.0
2024-05-27,NB-1160,688.0,0.0,13,569.0
2024-06-03,NB-1160,239.0,0.0,13,569.0
2024-06-10,NB-1160,580.0,0.0,13,569.0
2024-06-17,NB-1160,515.0,758.0,13,569.0
2024-06-24,NB-1160,130.0,824.0,13,569.0
2024-07-01,NB-1160,0.0,0.0,13,569.0
2024-07-08,NB-1160,0.0,0.0,13,569.0
2024-07-15,NB-1160,736.0,736.0,13,569.0
2024-07-22,NB-1160,304.0,0.0,13,569.0
2024-07-29,NB-1160,756.0,0.0,13,569.0
2024-08-05,NB-1160,1084.0,0.0,13,569.0
2024-08-12,NB-1160,704.0,0.0,13,569.0
2024-08-19,NB-1160,373.0,0.0,13,569.0
2024-08-26,NB-1160,130.0,0.0,13,569.0
2024-09-02,NB-1160,0.0,0.0,13,569.0
2024-09-09,NB-1160,583.0,0.0,13,569.0
2024-09-16,NB-1160,1105.0,823.0,13,569.0
2024-09-23,NB-1160,773.0,0.0,13,569.0
2024-09-30,NB-1160,442.0,823.0,13,569.0
2024-10-07,NB-1160,140.0,0.0,13,569.0
2024-10-14,NB-1160,0.0,867.0,13,569.0
2024-10-21,NB-1160,0.0,0.0,13,569.0
2024-10-28,NB-1160,0.0,0.0,13,569.0
2024-11-04,NB-1160,0.0,837.0,13,569.0
2024-11-11,NB-1160,0.0,0.0,13,569.0
2024-11-18,NB-1160,508.0,533.0,13,569.0
2024-11-25,NB-1160,181.0,0.0,13,569.0
2024-12-02,NB-1160,0.0,0.0,13,569.0
2024-12-09,NB-1160,0.0,572.0,13,569.0
2024-12-16,NB-1160,0.0,0.0,13,569.0
2024-12-23,NB-1160,0.0,597.0,13,569.0
2024-12-30,NB-1160,0.0,0.0,13,569.0
2025-01-06,NB-1160,0.0,0.0,13,569.0
2025-01-13,NB-1160,0.0,807.0,13,569.0
2025-01-20,NB-1160,866.0,866.0,13,569.0
2025-01-27,NB-1160,520.0,0.0,13,569.0
2025-02-03,NB-1160,252.0,831.0,13,569.0
2025-02-10,NB-1160,0.0,769.0,13,569.0
2025-02-17,NB-1160,550.0,550.0,13,569.0
2025-02-24,NB-1160,903.0,0.0,13,569.0
2025-03-03,NB-1160,441.0,0.0,13,569.0
2025-03-10,NB-1160,33.0,866.0,13,569.0
2025-03-17,NB-1160,0.0,616.0,13,569.0
2025-03-24,NB-1160,719.0,0.0,13,569.0
2025-03-31,NB-1160,320.0,0.0,13,569.0
2025-04-07,NB-1160,427.0,0.0,13,569.0
2025-04-14,NB-1160,55.0,645.0,13,569.0
2025-04-21,NB-1160,0.0,0.0,13,569.0
2025-04-28,NB-1160,559.0,719.0,13,569.0
2025-05-05,NB-1160,46.0,741.0,13,569.0
2025-05-12,NB-1160,663.0,0.0,13,569.0
2025-05-19,NB-1160,533.0,0.0,13,569.0
2025-05-26,NB-1160,515.0,0.0,13,569.0
2025-06-02,NB-1160,828.0,0.0,13,569.0
2025-06-09,NB-1160,502.0,607.0,13,569.0
2025-06-16,NB-1160,9.0,0.0,13,569.0
2025-06-23,NB-1160,0.0,0.0,13,569.0
2025-06-30,NB-1160,0.0,0.0,13,569.0
2025-07-07,NB-1160,279.0,586.0,13,569.0
2025-07-14,NB-1160,479.0,0.0,13,569.0
2025-07-21,NB-1160,687.0,0.0,13,569.0
2025-07-28,NB-1160,72.0,756.0,13,569.0
2025-08-04,NB-1160,513.0,0.0,13,569.0
2025-08-11,NB-1160,509.0,0.0,13,569.0
2025-08-18,NB-1160,65.0,0.0,13,569.0
2025-08-25,NB-1160,0.0,0.0,13,569.0
2025-09-01,NB-1160,981.0,795.0,13,569.0
2025-09-08,NB-1160,395.0,0.0,13,569.0
2025-09-15,NB-1160,509.0,0.0,13,569.0
2025-09-22,NB-1160,115.0,0.0,13,569.0
2025-09-29,NB-1160,0.0,0.0,13,569.0
2025-10-06,NB-1160,0.0,0.0,13,569.0
2025-10-13,NB-1160,0.0,783.0,13,569.0
2025-10-20,NB-1160,0.0,528.0,13,569.0
2025-10-27,NB-1160,569.0,569.0,13,569.0
2025-11-03,NB-1160,219.0,0.0,13,569.0
2025-11-10,NB-1160,0.0,0.0,13,569.0
2025-11-17,NB-1160,218.0,744.0,13,569.0
2025-11-24,NB-1160,0.0,0.0,13,569.0
2025-12-01,NB-1160,0.0,0.0,13,569.0
2025-12-08,NB-1160,642.0,0.0,13,569.0
2025-12-15,NB-1160,300.0,752.0,13,569.0
2025-12-22,NB-1160,611.0,0.0,13,569.0
2025-12-29,NB-1160,263.0,0.0,13,569.0
2024-01-01,NB-1161,76.0,0.0,5,73.7
2024-01-08,NB-1161,112.0,0.0,5,73.7
2024-01-15,NB-1161,61.0,0.0,5,73.7
2024-01-22,NB-1161,17.0,91.0,5,73.7
2024-01-29,NB-1161,0.0,0.0,5,73.7
2024-02-05,NB-1161,0.0,0.0,5,73.7
2024-02-12,NB-1161,0.0,106.0,5,73.7
2024-02-19,NB-1161,0.0,0.0,5,73.7
2024-02-26,NB-1161,0.0,0.0,5,73.7
2024-03-04,NB-1161,44.0,93.0,5,73.7
2024-03-11,NB-1161,111.0,77.0,5,73.7
2024-03-18,NB-1161,36.0,82.0,5,73.7
2024-03-25,NB-1161,0.0,0.0,5,73.7
2024-04-01,NB-1161,0.0,0.0,5,73.7
2024-04-08,NB-1161,0.0,0.0,5,73.7
2024-04-15,NB-1161,0.0,94.0,5,73.7
2024-04-22,NB-1161,0.0,0.0,5,73.7
2024-04-29,NB-1161,0.0,0.0,5,73.7
2024-05-06,NB-1161,76.0,76.0,5,73.7
2024-05-13,NB-1161,0.0,0.0,5,73.7
2024-05-20,NB-1161,109.0,109.0,5,73.7
2024-05-27,NB-1161,79.0,0.0,5,73.7
2024-06-03,NB-1161,0.0,102.0,5,73.7
2024-06-10,NB-1161,0.0,81.0,5,73.7
2024-06-17,NB-1161,0.0,0.0,5,73.7
2024-06-24,NB-1161,0.0,0.0,5,73.7
2024-07-01,NB-1161,35.0,0.0,5,73.7
2024-07-08,NB-1161,0.0,0.0,5,73.7
2024-07-15,NB-1161,0.0,0.0,5,73.7
2024-07-22,NB-1161,0.0,113.0,5,73.7
2024-07-29,NB-1161,0.0,0.0,5,73.7
2024-08-05,NB-1161,0.0,0.0,5,73.7
2024-08-12,NB-1161,61.0,0.0,5,73.7
2024-08-19,NB-1161,0.0,86.0,5,73.7
2024-08-26,NB-1161,0.0,0.0,5,73.7
2024-09-02,NB-1161,2.0,0.0,5,73.7
2024-09-09,NB-1161,0.0,0.0,5,73.7
2024-09-16,NB-1161,0.0,0.0,5,73.7
2024-09-23,NB-1161,0.0,0.0,5,73.7
2024-09-30,NB-1161,0.0,82.0,5,73.7
2024-10-07,NB-1161,107.0,107.0,5,73.7
2024-10-14,NB-1161,42.0,0.0,5,73.7
2024-10-21,NB-1161,78.0,0.0,5,73.7
2024-10-28,NB-1161,2.0,0.0,5,73.7
2024-11-04,NB-1161,63.0,0.0,5,73.7
2024-11-11,NB-1161,109.0,0.0,5,73.7
2024-11-18,NB-1161,54.0,88.0,5,73.7
2024-11-25,NB-1161,93.0,93.0,5,73.7
2024-12-02,NB-1161,40.0,0.0,5,73.7
2024-12-09,NB-1161,0.0,0.0,5,73.7
2024-12-16,NB-1161,0.0,0.0,5,73.7
2024-12-23,NB-1161,59.0,0.0,5,73.7
2024-12-30,NB-1161,0.0,0.0,5,73.7
2025-01-06,NB-1161,0.0,104.0,5,73.7
2025-01-13,NB-1161,0.0,0.0,5,73.7
2025-01-20,NB-1161,0.0,102.0,5,73.7
2025-01-27,NB-1161,0.0,0.0,5,73.7
2025-02-03,NB-1161,15.0,0.0,5,73.7
2025-02-10,NB-1161,41.0,0.0,5,73.7
2025-02-17,NB-1161,0.0,0.0,5,73.7
2025-02-24,NB-1161,0.0,94.0,5,73.7
2025-03-03,NB-1161,0.0,0.0,5,73.7
2025-03-10,NB-1161,49.0,0.0,5,73.7
2025-03-17,NB-1161,29.0,0.0,5,73.7
2025-03-24,NB-1161,0.0,0.0,5,73.7
2025-03-31,NB-1161,41.0,0.0,5,73.7
2025-04-07,NB-1161,0.0,0.0,5,73.7
2025-04-14,NB-1161,75.0,0.0,5,73.7
2025-04-21,NB-1161,0.0,0.0,5,73.7
2025-04-28,NB-1161,0.0,98.0,5,73.7
2025-05-05,NB-1161,0.0,0.0,5,73.7
2025-05-12,NB-1161,0.0,82.0,5,73.7
2025-05-19,NB-1161,37.0,0.0,5,73.7
2025-05-26,NB-1161,132.0,0.0,5,73.7
2025-06-02,NB-1161,10.0,0.0,5,73.7
2025-06-09,NB-1161,0.0,0.0,5,73.7
2025-06-16,NB-1161,0.0,0.0,5,73.7
2025-06-23,NB-1161,0.0,0.0,5,73.7
2025-06-30,NB-1161,0.0,0.0,5,73.7
2025-07-07,NB-1161,102.0,0.0,5,73.7
2025-07-14,NB-1161,0.0,0.0,5,73.7
2025-07-21,NB-1161,0.0,0.0,5,73.7
2025-07-28,NB-1161,0.0,68.0,5,73.7
2025-08-04,NB-1161,0.0,0.0,5,73.7
2025-08-11,NB-1161,78.0,0.0,5,73.7
2025-08-18,NB-1161,0.0,0.0,5,73.7
2025-08-25,NB-1161,0.0,77.0,5,73.7
2025-09-01,NB-1161,91.0,0.0,5,73.7
2025-09-08,NB-1161,19.0,104.0,5,73.7
2025-09-15,NB-1161,0.0,0.0,5,73.7
2025-09-22,NB-1161,80.0,0.0,5,73.7
2025-09-29,NB-1161,81.0,0.0,5,73.7
2025-10-06,NB-1161,0.0,0.0,5,73.7
2025-10-13,NB-1161,0.0,82.0,5,73.7
2025-10-20,NB-1161,0.0,88.0,5,73.7
2025-10-27,NB-1161,21.0,0.0,5,73.7
2025-11-03,NB-1161,0.0,91.0,5,73.7
2025-11-10,NB-1161,0.0,0.0,5,73.7
2025-11-17,NB-1161,0.0,0.0,5,73.7
2025-11-24,NB-1161,0.0,0.0,5,73.7
2025-12-01,NB-1161,0.0,0.0,5,73.7
2025-12-08,NB-1161,0.0,0.0,5,73.7
2025-12-15,NB-1161,7.0,0.0,5,73.7
2025-12-22,NB-1161,40.0,0.0,5,73.7
2025-12-29,NB-1161,76.0,0.0,5,73.7
2024-01-01,NB-1162,238.0,0.0,7,241.2
2024-01-08,NB-1162,95.0,0.0,7,241.2
2024-01-15,NB-1162,0.0,0.0,7,241.2
2024-01-22,NB-1162,0.0,0.0,7,241.2
2024-01-29,NB-1162,0.0,0.0,7,241.2
2024-02-05,NB-1162,0.0,0.0,7,241.2
2024-02-12,NB-1162,212.0,0.0,7,241.2
2024-02-19,NB-1162,63.0,0.0,7,241.2
2024-02-26,NB-1162,275.0,0.0,7,241.2
2024-03-04,NB-1162,427.0,0.0,7,241.2
2024-03-11,NB-1162,294.0,0.0,7,241.2
2024-03-18,NB-1162,118.0,0.0,7,241.2
2024-03-25,NB-1162,0.0,0.0,7,241.2
2024-04-01,NB-1162,0.0,358.0,7,241.2
2024-04-08,NB-1162,0.0,0.0,7,241.2
2024-04-15,NB-1162,0.0,322.0,7,241.2
2024-04-22,NB-1162,0.0,0.0,7,241.2
2024-04-29,NB-1162,328.0,328.0,7,241.2
2024-05-06,NB-1162,130.0,0.0,7,241.2
2024-05-13,NB-1162,0.0,0.0,7,241.2
2024-05-20,NB-1162,0.0,310.0,7,241.2
2024-05-27,NB-1162,236.0,0.0,7,241.2
2024-06-03,NB-1162,15.0,0.0,7,241.2
2024-06-10,NB-1162,0.0,0.0,7,241.2
2024-06-17,NB-1162,0.0,0.0,7,241.2
2024-06-24,NB-1162,292.0,292.0,7,241.2
2024-07-01,NB-1162,127.0,0.0,7,241.2
2024-07-08,NB-1162,0.0,0.0,7,241.2
2024-07-15,NB-1162,396.0,0.0,7,241.2
2024-07-22,NB-1162,187.0,0.0,7,241.2
2024-07-29,NB-1162,14.0,0.0,7,241.2
2024-08-05,NB-1162,0.0,0.0,7,241.2
2024-08-12,NB-1162,0.0,0.0,7,241.2
2024-08-19,NB-1162,0.0,0.0,7,241.2
2024-08-26,NB-1162,0.0,0.0,7,241.2
2024-09-02,NB-1162,0.0,246.0,7,241.2
2024-09-09,NB-1162,0.0,0.0,7,241.2
2024-09-16,NB-1162,0.0,238.0,7,241.2
2024-09-23,NB-1162,0.0,0.0,7,241.2
2024-09-30,NB-1162,0.0,0.0,7,241.2
2024-10-07,NB-1162,337.0,337.0,7,241.2
2024-10-14,NB-1162,183.0,0.0,7,241.2
2024-10-21,NB-1162,8.0,0.0,7,241.2
2024-10-28,NB-1162,329.0,0.0,7,241.2
2024-11-04,NB-1162,472.0,308.0,7,241.2
2024-11-11,NB-1162,346.0,0.0,7,241.2
2024-11-18,NB-1162,432.0,0.0,7,241.2
2024-11-25,NB-1162,290.0,0.0,7,241.2
2024-12-02,NB-1162,382.0,0.0,7,241.2
2024-12-09,NB-1162,241.0,0.0,7,241.2
2024-12-16,NB-1162,118.0,0.0,7,241.2
2024-12-23,NB-1162,0.0,307.0,7,241.2
2024-12-30,NB-1162,326.0,326.0,7,241.2
2025-01-06,NB-1162,215.0,0.0,7,241.2
2025-01-13,NB-1162,419.0,0.0,7,241.2
2025-01-20,NB-1162,270.0,0.0,7,241.2
2025-01-27,NB-1162,136.0,303.0,7,241.2
2025-02-03,NB-1162,0.0,310.0,7,241.2
2025-02-10,NB-1162,0.0,251.0,7,241.2
2025-02-17,NB-1162,211.0,237.0,7,241.2
2025-02-24,NB-1162,87.0,0.0,7,241.2
2025-03-03,NB-1162,0.0,0.0,7,241.2
2025-03-10,NB-1162,147.0,349.0,7,241.2
2025-03-17,NB-1162,0.0,0.0,7,241.2
2025-03-24,NB-1162,284.0,0.0,7,241.2
2025-03-31,NB-1162,101.0,0.0,7,241.2
2025-04-07,NB-1162,0.0,0.0,7,241.2
2025-04-14,NB-1162,0.0,351.0,7,241.2
2025-04-21,NB-1162,0.0,0.0,7,241.2
2025-04-28,NB-1162,0.0,0.0,7,241.2
2025-05-05,NB-1162,261.0,0.0,7,241.2
2025-05-12,NB-1162,75.0,0.0,7,241.2
2025-05-19,NB-1162,0.0,0.0,7,241.2
2025-05-26,NB-1162,0.0,226.0,7,241.2
2025-06-02,NB-1162,0.0,0.0,7,241.2
2025-06-09,NB-1162,0.0,0.0,7,241.2
2025-06-16,NB-1162,0.0,0.0,7,241.2
2025-06-23,NB-1162,0.0,292.0,7,241.2
2025-06-30,NB-1162,228.0,228.0,7,241.2
2025-07-07,NB-1162,53.0,0.0,7,241.2
2025-07-14,NB-1162,0.0,246.0,7,241.2
2025-07-21,NB-1162,0.0,0.0,7,241.2
2025-07-28,NB-1162,0.0,224.0,7,241.2
2025-08-04,NB-1162,227.0,0.0,7,241.2
2025-08-11,NB-1162,71.0,0.0,7,241.2
2025-08-18,NB-1162,0.0,0.0,7,241.2
2025-08-25,NB-1162,0.0,265.0,7,241.2
2025-09-01,NB-1162,241.0,334.0,7,241.2
2025-09-08,NB-1162,53.0,0.0,7,241.2
2025-09-15,NB-1162,0.0,333.0,7,241.2
2025-09-22,NB-1162,0.0,0.0,7,241.2
2025-09-29,NB-1162,0.0,304.0,7,241.2
2025-10-06,NB-1162,0.0,0.0,7,241.2
2025-10-13,NB-1162,294.0,294.0,7,241.2
2025-10-20,NB-1162,72.0,0.0,7,241.2
2025-10-27,NB-1162,339.0,0.0,7,241.2
2025-11-03,NB-1162,219.0,0.0,7,241.2
2025-11-10,NB-1162,95.0,0.0,7,241.2
2025-11-17,NB-1162,458.0,0.0,7,241.2
2025-11-24,NB-1162,341.0,0.0,7,241.2
2025-12-01,NB-1162,239.0,0.0,7,241.2
2025-12-08,NB-1162,137.0,0.0,7,241.2
2025-12-15,NB-1162,38.0,0.0,7,241.2
2025-12-22,NB-1162,215.0,272.0,7,241.2
2025-12-29,NB-1162,411.0,0.0,7,241.2
2024-01-01,NB-1163,161.0,0.0,8,139.2
2024-01-08,NB-1163,66.0,0.0,8,139.2
2024-01-15,NB-1163,153.0,0.0,8,139.2
2024-01-22,NB-1163,44.0,187.0,8,139.2
2024-01-29,NB-1163,0.0,0.0,8,139.2
2024-02-05,NB-1163,0.0,0.0,8,139.2
2024-02-12,NB-1163,0.0,0.0,8,139.2
2024-02-19,NB-1163,0.0,0.0,8,139.2
2024-02-26,NB-1163,0.0,211.0,8,139.2
2024-03-04,NB-1163,137.0,137.0,8,139.2
2024-03-11,NB-1163,200.0,148.0,8,139.2
2024-03-18,NB-1163,131.0,0.0,8,139.2
2024-03-25,NB-1163,34.0,195.0,8,139.2
2024-04-01,NB-1163,175.0,0.0,8,139.2
2024-04-08,NB-1163,95.0,0.0,8,139.2
2024-04-15,NB-1163,238.0,0.0,8,139.2
2024-04-22,NB-1163,165.0,0.0,8,139.2
2024-04-29,NB-1163,115.0,183.0,8,139.2
2024-05-06,NB-1163,58.0,0.0,8,139.2
2024-05-13,NB-1163,0.0,0.0,8,139.2
2024-05-20,NB-1163,145.0,0.0,8,139.2
2024-05-27,NB-1163,67.0,0.0,8,139.2
2024-06-03,NB-1163,175.0,0.0,8,139.2
2024-06-10,NB-1163,71.0,0.0,8,139.2
2024-06-17,NB-1163,193.0,193.0,8,139.2
2024-06-24,NB-1163,101.0,0.0,8,139.2
2024-07-01,NB-1163,183.0,0.0,8,139.2
2024-07-08,NB-1163,100.0,0.0,8,139.2
2024-07-15,NB-1163,0.0,180.0,8,139.2
2024-07-22,NB-1163,154.0,0.0,8,139.2
2024-07-29,NB-1163,56.0,0.0,8,139.2
2024-08-05,NB-1163,0.0,0.0,8,139.2
2024-08-12,NB-1163,0.0,0.0,8,139.2
2024-08-19,NB-1163,0.0,0.0,8,139.2
2024-08-26,NB-1163,0.0,0.0,8,139.2
2024-09-02,NB-1163,78.0,0.0,8,139.2
2024-09-09,NB-1163,0.0,185.0,8,139.2
2024-09-16,NB-1163,184.0,0.0,8,139.2
2024-09-23,NB-1163,19.0,0.0,8,139.2
2024-09-30,NB-1163,82.0,194.0,8,139.2
2024-10-07,NB-1163,0.0,198.0,8,139.2
2024-10-14,NB-1163,0.0,0.0,8,139.2
2024-10-21,NB-1163,101.0,0.0,8,139.2
2024-10-28,NB-1163,0.0,0.0,8,139.2
2024-11-04,NB-1163,163.0,0.0,8,139.2
2024-11-11,NB-1163,47.0,0.0,8,139.2
2024-11-18,NB-1163,0.0,0.0,8,139.2
2024-11-25,NB-1163,119.0,176.0,8,139.2
2024-12-02,NB-1163,0.0,0.0,8,139.2
2024-12-09,NB-1163,228.0,0.0,8,139.2
2024-12-16,NB-1163,41.0,0.0,8,139.2
2024-12-23,NB-1163,0.0,0.0,8,139.2
2024-12-30,NB-1163,120.0,0.0,8,139.2
2025-01-06,NB-1163,214.0,0.0,8,139.2
2025-01-13,NB-1163,228.0,142.0,8,139.2
2025-01-20,NB-1163,77.0,138.0,8,139.2
2025-01-27,NB-1163,104.0,204.0,8,139.2
2025-02-03,NB-1163,0.0,0.0,8,139.2
2025-02-10,NB-1163,0.0,0.0,8,139.2
2025-02-17,NB-1163,0.0,0.0,8,139.2
2025-02-24,NB-1163,181.0,181.0,8,139.2
2025-03-03,NB-1163,176.0,0.0,8,139.2
2025-03-10,NB-1163,70.0,0.0,8,139.2
2025-03-17,NB-1163,0.0,0.0,8,139.2
2025-03-24,NB-1163,0.0,0.0,8,139.2
2025-03-31,NB-1163,46.0,0.0,8,139.2
2025-04-07,NB-1163,0.0,0.0,8,139.2
2025-04-14,NB-1163,0.0,0.0,8,139.2
2025-04-21,NB-1163,91.0,0.0,8,139.2
2025-04-28,NB-1163,168.0,0.0,8,139.2
2025-05-05,NB-1163,59.0,145.0,8,139.2
2025-05-12,NB-1163,0.0,0.0,8,139.2
2025-05-19,NB-1163,0.0,0.0,8,139.2
2025-05-26,NB-1163,0.0,0.0,8,139.2
2025-06-02,NB-1163,0.0,0.0,8,139.2
2025-06-09,NB-1163,179.0,179.0,8,139.2
2025-06-16,NB-1163,86.0,182.0,8,139.2
2025-06-23,NB-1163,0.0,0.0,8,139.2
2025-06-30,NB-1163,0.0,0.0,8,139.2
2025-07-07,NB-1163,0.0,0.0,8,139.2
2025-07-14,NB-1163,173.0,173.0,8,139.2
2025-07-21,NB-1163,165.0,0.0,8,139.2
2025-07-28,NB-1163,0.0,0.0,8,139.2
2025-08-04,NB-1163,0.0,143.0,8,139.2
2025-08-11,NB-1163,0.0,0.0,8,139.2
2025-08-18,NB-1163,0.0,166.0,8,139.2
2025-08-25,NB-1163,166.0,0.0,8,139.2
2025-09-01,NB-1163,105.0,0.0,8,139.2
2025-09-08,NB-1163,0.0,0.0,8,139.2
2025-09-15,NB-1163,9.0,0.0,8,139.2
2025-09-22,NB-1163,0.0,167.0,8,139.2
2025-09-29,NB-1163,105.0,0.0,8,139.2
2025-10-06,NB-1163,94.0,0.0,8,139.2
2025-10-13,NB-1163,60.0,0.0,8,139.2
2025-10-20,NB-1163,0.0,198.0,8,139.2
2025-10-27,NB-1163,0.0,0.0,8,139.2
2025-11-03,NB-1163,0.0,199.0,8,139.2
2025-11-10,NB-1163,153.0,0.0,8,139.2
2025-11-17,NB-1163,77.0,0.0,8,139.2
2025-11-24,NB-1163,0.0,0.0,8,139.2
2025-12-01,NB-1163,0.0,0.0,8,139.2
2025-12-08,NB-1163,33.0,0.0,8,139.2
2025-12-15,NB-1163,0.0,0.0,8,139.2
2025-12-22,NB-1163,0.0,0.0,8,139.2
2025-12-29,NB-1163,0.0,0.0,8,139.2
2024-01-01,NB-1164,161.0,0.0,5,34.4
2024-01-08,NB-1164,137.0,0.0,5,34.4
2024-01-15,NB-1164,124.0,0.0,5,34.4
2024-01-22,NB-1164,98.0,0.0,5,34.4
2024-01-29,NB-1164,67.0,0.0,5,34.4
2024-02-05,NB-1164,35.0,0.0,5,34.4
2024-02-12,NB-1164,17.0,0.0,5,34.4
2024-02-19,NB-1164,0.0,0.0,5,34.4
2024-02-26,NB-1164,68.0,34.0,5,34.4
2024-03-04,NB-1164,47.0,0.0,5,34.4
2024-03-11,NB-1164,20.0,0.0,5,34.4
2024-03-18,NB-1164,0.0,0.0,5,34.4
2024-03-25,NB-1164,0.0,0.0,5,34.4
2024-04-01,NB-1164,31.0,0.0,5,34.4
2024-04-08,NB-1164,0.0,45.0,5,34.4
2024-04-15,NB-1164,49.0,0.0,5,34.4
2024-04-22,NB-1164,13.0,0.0,5,34.4
2024-04-29,NB-1164,0.0,0.0,5,34.4
2024-05-06,NB-1164,0.0,0.0,5,34.4
2024-05-13,NB-1164,0.0,0.0,5,34.4
2024-05-20,NB-1164,0.0,0.0,5,34.4
2024-05-27,NB-1164,0.0,42.0,5,34.4
2024-06-03,NB-1164,5.0,49.0,5,34.4
2024-06-10,NB-1164,0.0,0.0,5,34.4
2024-06-17,NB-1164,0.0,0.0,5,34.4
2024-06-24,NB-1164,45.0,45.0,5,34.4
2024-07-01,NB-1164,0.0,0.0,5,34.4
2024-07-08,NB-1164,0.0,0.0,5,34.4
2024-07-15,NB-1164,0.0,0.0,5,34.4
2024-07-22,NB-1164,0.0,0.0,5,34.4
2024-07-29,NB-1164,5.0,0.0,5,34.4
2024-08-05,NB-1164,38.0,0.0,5,34.4
2024-08-12,NB-1164,0.0,0.0,5,34.4
2024-08-19,NB-1164,0.0,49.0,5,34.4
2024-08-26,NB-1164,0.0,47.0,5,34.4
2024-09-02,NB-1164,0.0,0.0,5,34.4
2024-09-09,NB-1164,0.0,38.0,5,34.4
2024-09-16,NB-1164,45.0,0.0,5,34.4
2024-09-23,NB-1164,0.0,0.0,5,34.4
2024-09-30,NB-1164,22.0,0.0,5,34.4
2024-10-07,NB-1164,0.0,0.0,5,34.4
2024-10-14,NB-1164,11.0,0.0,5,34.4
2024-10-21,NB-1164,50.0,0.0,5,34.4
2024-10-28,NB-1164,0.0,0.0,5,34.4
2024-11-04,NB-1164,18.0,0.0,5,34.4
2024-11-11,NB-1164,0.0,0.0,5,34.4
2024-11-18,NB-1164,0.0,0.0,5,34.4
2024-11-25,NB-1164,27.0,0.0,5,34.4
2024-12-02,NB-1164,35.0,35.0,5,34.4
2024-12-09,NB-1164,41.0,0.0,5,34.4
2024-12-16,NB-1164,0.0,33.0,5,34.4
2024-12-23,NB-1164,0.0,0.0,5,34.4
2024-12-30,NB-1164,0.0,44.0,5,34.4
2025-01-06,NB-1164,0.0,0.0,5,34.4
2025-01-13,NB-1164,34.0,0.0,5,34.4
2025-01-20,NB-1164,68.0,39.0,5,34.4
2025-01-27,NB-1164,30.0,42.0,5,34.4
2025-02-03,NB-1164,0.0,0.0,5,34.4
2025-02-10,NB-1164,0.0,52.0,5,34.4
2025-02-17,NB-1164,0.0,0.0,5,34.4
2025-02-24,NB-1164,0.0,0.0,5,34.4
2025-03-03,NB-1164,3.0,0.0,5,34.4
2025-03-10,NB-1164,0.0,0.0,5,34.4
2025-03-17,NB-1164,0.0,0.0,5,34.4
2025-03-24,NB-1164,0.0,0.0,5,34.4
2025-03-31,NB-1164,0.0,0.0,5,34.4
2025-04-07,NB-1164,24.0,52.0,5,34.4
2025-04-14,NB-1164,0.0,0.0,5,34.4
2025-04-21,NB-1164,17.0,0.0,5,34.4
2025-04-28,NB-1164,10.0,0.0,5,34.4
2025-05-05,NB-1164,0.0,0.0,5,34.4
2025-05-12,NB-1164,0.0,0.0,5,34.4
2025-05-19,NB-1164,53.0,53.0,5,34.4
2025-05-26,NB-1164,12.0,0.0,5,34.4
2025-06-02,NB-1164,56.0,46.0,5,34.4
2025-06-09,NB-1164,0.0,0.0,5,34.4
2025-06-16,NB-1164,0.0,34.0,5,34.4
2025-06-23,NB-1164,0.0,0.0,5,34.4
2025-06-30,NB-1164,39.0,0.0,5,34.4
2025-07-07,NB-1164,0.0,36.0,5,34.4
2025-07-14,NB-1164,0.0,0.0,5,34.4
2025-07-21,NB-1164,0.0,0.0,5,34.4
2025-07-28,NB-1164,0.0,34.0,5,34.4
2025-08-04,NB-1164,33.0,38.0,5,34.4
2025-08-11,NB-1164,0.0,0.0,5,34.4
2025-08-18,NB-1164,0.0,0.0,5,34.4
2025-08-25,NB-1164,0.0,0.0,5,34.4
2025-09-01,NB-1164,0.0,0.0,5,34.4
2025-09-08,NB-1164,20.0,0.0,5,34.4
2025-09-15,NB-1164,0.0,41.0,5,34.4
2025-09-22,NB-1164,0.0,45.0,5,34.4
2025-09-29,NB-1164,0.0,38.0,5,34.4
2025-10-06,NB-1164,0.0,51.0,5,34.4
2025-10-13,NB-1164,0.0,0.0,5,34.4
2025-10-20,NB-1164,0.0,0.0,5,34.4
2025-10-27,NB-1164,0.0,0.0,5,34.4
2025-11-03,NB-1164,0.0,42.0,5,34.4
2025-11-10,NB-1164,0.0,0.0,5,34.4
2025-11-17,NB-1164,50.0,50.0,5,34.4
2025-11-24,NB-1164,0.0,0.0,5,34.4
2025-12-01,NB-1164,30.0,0.0,5,34.4
2025-12-08,NB-1164,40.0,40.0,5,34.4
2025-12-15,NB-1164,41.0,0.0,5,34.4
2025-12-22,NB-1164,0.0,0.0,5,34.4
2025-12-29,NB-1164,28.0,0.0,5,34.4
2024-01-01,NB-1165,78.0,0.0,13,332.4
2024-01-08,NB-1165,0.0,0.0,13,332.4
2024-01-15,NB-1165,646.0,358.0,13,332.4
2024-01-22,NB-1165,406.0,0.0,13,332.4
2024-01-29,NB-1165,685.0,0.0,13,332.4
2024-02-05,NB-1165,490.0,0.0,13,332.4
2024-02-12,NB-1165,273.0,492.0,13,332.4
2024-02-19,NB-1165,486.0,0.0,13,332.4
2024-02-26,NB-1165,301.0,0.0,13,332.4
2024-03-04,NB-1165,589.0,0.0,13,332.4
2024-03-11,NB-1165,417.0,0.0,13,332.4
2024-03-18,NB-1165,651.0,0.0,13,332.4
2024-03-25,NB-1165,540.0,0.0,13,332.4
2024-04-01,NB-1165,352.0,0.0,13,332.4
2024-04-08,NB-1165,225.0,0.0,13,332.4
2024-04-15,NB-1165,443.0,0.0,13,332.4
2024-04-22,NB-1165,725.0,0.0,13,332.4
2024-04-29,NB-1165,606.0,0.0,13,332.4
2024-05-06,NB-1165,509.0,0.0,13,332.4
2024-05-13,NB-1165,409.0,0.0,13,332.4
2024-05-20,NB-1165,301.0,470.0,13,332.4
2024-05-27,NB-1165,213.0,463.0,13,332.4
2024-06-03,NB-1165,125.0,0.0,13,332.4
2024-06-10,NB-1165,32.0,0.0,13,332.4
2024-06-17,NB-1165,0.0,445.0,13,332.4
2024-06-24,NB-1165,0.0,0.0,13,332.4
2024-07-01,NB-1165,0.0,0.0,13,332.4
2024-07-08,NB-1165,265.0,0.0,13,332.4
2024-07-15,NB-1165,165.0,405.0,13,332.4
2024-07-22,NB-1165,59.0,485.0,13,332.4
2024-07-29,NB-1165,309.0,0.0,13,332.4
2024-08-05,NB-1165,628.0,0.0,13,332.4
2024-08-12,NB-1165,481.0,0.0,13,332.4
2024-08-19,NB-1165,359.0,0.0,13,332.4
2024-08-26,NB-1165,229.0,0.0,13,332.4
2024-09-02,NB-1165,546.0,0.0,13,332.4
2024-09-09,NB-1165,382.0,0.0,13,332.4
2024-09-16,NB-1165,182.0,0.0,13,332.4
2024-09-23,NB-1165,302.0,0.0,13,332.4
2024-09-30,NB-1165,539.0,0.0,13,332.4
2024-10-07,NB-1165,374.0,0.0,13,332.4
2024-10-14,NB-1165,162.0,488.0,13,332.4
2024-10-21,NB-1165,0.0,0.0,13,332.4
2024-10-28,NB-1165,340.0,0.0,13,332.4
2024-11-04,NB-1165,454.0,0.0,13,332.4
2024-11-11,NB-1165,237.0,0.0,13,332.4
2024-11-18,NB-1165,3.0,409.0,13,332.4
2024-11-25,NB-1165,711.0,0.0,13,332.4
2024-12-02,NB-1165,406.0,0.0,13,332.4
2024-12-09,NB-1165,395.0,0.0,13,332.4
2024-12-16,NB-1165,144.0,480.0,13,332.4
2024-12-23,NB-1165,0.0,0.0,13,332.4
2024-12-30,NB-1165,394.0,394.0,13,332.4
2025-01-06,NB-1165,90.0,470.0,13,332.4
2025-01-13,NB-1165,0.0,0.0,13,332.4
2025-01-20,NB-1165,261.0,0.0,13,332.4
2025-01-27,NB-1165,288.0,417.0,13,332.4
2025-02-03,NB-1165,400.0,0.0,13,332.4
2025-02-10,NB-1165,545.0,0.0,13,332.4
2025-02-17,NB-1165,302.0,355.0,13,332.4
2025-02-24,NB-1165,42.0,439.0,13,332.4
2025-03-03,NB-1165,0.0,0.0,13,332.4
2025-03-10,NB-1165,0.0,0.0,13,332.4
2025-03-17,NB-1165,0.0,0.0,13,332.4
2025-03-24,NB-1165,189.0,477.0,13,332.4
2025-03-31,NB-1165,455.0,0.0,13,332.4
2025-04-07,NB-1165,203.0,0.0,13,332.4
2025-04-14,NB-1165,458.0,0.0,13,332.4
2025-04-21,NB-1165,300.0,0.0,13,332.4
2025-04-28,NB-1165,156.0,404.0,13,332.4
2025-05-05,NB-1165,397.0,0.0,13,332.4
2025-05-12,NB-1165,210.0,0.0,13,332.4
2025-05-19,NB-1165,0.0,0.0,13,332.4
2025-05-26,NB-1165,0.0,470.0,13,332.4
2025-06-02,NB-1165,0.0,384.0,13,332.4
2025-06-09,NB-1165,0.0,333.0,13,332.4
2025-06-16,NB-1165,0.0,394.0,13,332.4
2025-06-23,NB-1165,338.0,0.0,13,332.4
2025-06-30,NB-1165,560.0,0.0,13,332.4
2025-07-07,NB-1165,444.0,0.0,13,332.4
2025-07-14,NB-1165,626.0,0.0,13,332.4
2025-07-21,NB-1165,387.0,0.0,13,332.4
2025-07-28,NB-1165,229.0,0.0,13,332.4
2025-08-04,NB-1165,85.0,0.0,13,332.4
2025-08-11,NB-1165,0.0,0.0,13,332.4
2025-08-18,NB-1165,284.0,364.0,13,332.4
2025-08-25,NB-1165,88.0,0.0,13,332.4
2025-09-01,NB-1165,0.0,0.0,13,332.4
2025-09-08,NB-1165,0.0,506.0,13,332.4
2025-09-15,NB-1165,0.0,339.0,13,332.4
2025-09-22,NB-1165,0.0,0.0,13,332.4
2025-09-29,NB-1165,0.0,0.0,13,332.4
2025-10-06,NB-1165,0.0,0.0,13,332.4
2025-10-13,NB-1165,552.0,0.0,13,332.4
2025-10-20,NB-1165,96.0,0.0,13,332.4
2025-10-27,NB-1165,585.0,0.0,13,332.4
2025-11-03,NB-1165,274.0,0.0,13,332.4
2025-11-10,NB-1165,0.0,0.0,13,332.4
2025-11-17,NB-1165,0.0,0.0,13,332.4
2025-11-24,NB-1165,430.0,430.0,13,332.4
2025-12-01,NB-1165,54.0,0.0,13,332.4
2025-12-08,NB-1165,69.0,479.0,13,332.4
2025-12-15,NB-1165,233.0,0.0,13,332.4
2025-12-22,NB-1165,0.0,0.0,13,332.4
2025-12-29,NB-1165,306.0,0.0,13,332.4
2024-01-01,NB-1166,55.0,0.0,6,289.5
2024-01-08,NB-1166,0.0,0.0,6,289.5
2024-01-15,NB-1166,205.0,0.0,6,289.5
2024-01-22,NB-1166,251.0,0.0,6,289.5
2024-01-29,NB-1166,636.0,0.0,6,289.5
2024-02-05,NB-1166,358.0,0.0,6,289.5
2024-02-12,NB-1166,65.0,0.0,6,289.5
2024-02-19,NB-1166,0.0,0.0,6,289.5
2024-02-26,NB-1166,0.0,0.0,6,289.5
2024-03-04,NB-1166,0.0,297.0,6,289.5
2024-03-11,NB-1166,0.0,0.0,6,289.5
2024-03-18,NB-1166,0.0,365.0,6,289.5
2024-03-25,NB-1166,0.0,283.0,6,289.5
2024-04-01,NB-1166,330.0,0.0,6,289.5
2024-04-08,NB-1166,31.0,0.0,6,289.5
2024-04-15,NB-1166,0.0,0.0,6,289.5
2024-04-22,NB-1166,0.0,285.0,6,289.5
2024-04-29,NB-1166,298.0,0.0,6,289.5
2024-05-06,NB-1166,78.0,0.0,6,289.5
2024-05-13,NB-1166,0.0,0.0,6,289.5
2024-05-20,NB-1166,0.0,0.0,6,289.5
2024-05-27,NB-1166,0.0,409.0,6,289.5
2024-06-03,NB-1166,0.0,409.0,6,289.5
2024-06-10,NB-1166,0.0,0.0,6,289.5
2024-06-17,NB-1166,0.0,0.0,6,289.5
2024-06-24,NB-1166,0.0,0.0,6,289.5
2024-07-01,NB-1166,220.0,0.0,6,289.5
2024-07-08,NB-1166,487.0,0.0,6,289.5
2024-07-15,NB-1166,311.0,0.0,6,289.5
2024-07-22,NB-1166,528.0,0.0,6,289.5
2024-07-29,NB-1166,367.0,0.0,6,289.5
2024-08-05,NB-1166,158.0,0.0,6,289.5
2024-08-12,NB-1166,0.0,0.0,6,289.5
2024-08-19,NB-1166,553.0,0.0,6,289.5
2024-08-26,NB-1166,372.0,0.0,6,289.5
2024-09-02,NB-1166,448.0,0.0,6,289.5
2024-09-09,NB-1166,555.0,0.0,6,289.5
2024-09-16,NB-1166,369.0,0.0,6,289.5
2024-09-23,NB-1166,151.0,0.0,6,289.5
2024-09-30,NB-1166,0.0,0.0,6,289.5
2024-10-07,NB-1166,0.0,0.0,6,289.5
2024-10-14,NB-1166,0.0,0.0,6,289.5
2024-10-21,NB-1166,0.0,0.0,6,289.5
2024-10-28,NB-1166,0.0,0.0,6,289.5
2024-11-04,NB-1166,0.0,437.0,6,289.5
2024-11-11,NB-1166,0.0,0.0,6,289.5
2024-11-18,NB-1166,0.0,0.0,6,289.5
2024-11-25,NB-1166,0.0,344.0,6,289.5
2024-12-02,NB-1166,0.0,0.0,6,289.5
2024-12-09,NB-1166,0.0,0.0,6,289.5
2024-12-16,NB-1166,0.0,0.0,6,289.5
2024-12-23,NB-1166,0.0,0.0,6,289.5
2024-12-30,NB-1166,94.0,0.0,6,289.5
2025-01-06,NB-1166,87.0,0.0,6,289.5
2025-01-13,NB-1166,0.0,0.0,6,289.5
2025-01-20,NB-1166,242.0,395.0,6,289.5
2025-01-27,NB-1166,0.0,0.0,6,289.5
2025-02-03,NB-1166,0.0,0.0,6,289.5
2025-02-10,NB-1166,0.0,0.0,6,289.5
2025-02-17,NB-1166,0.0,430.0,6,289.5
2025-02-24,NB-1166,0.0,0.0,6,289.5
2025-03-03,NB-1166,0.0,0.0,6,289.5
2025-03-10,NB-1166,0.0,0.0,6,289.5
2025-03-17,NB-1166,0.0,285.0,6,289.5
2025-03-24,NB-1166,0.0,410.0,6,289.5
2025-03-31,NB-1166,0.0,0.0,6,289.5
2025-04-07,NB-1166,0.0,0.0,6,289.5
2025-04-14,NB-1166,277.0,0.0,6,289.5
2025-04-21,NB-1166,0.0,0.0,6,289.5
2025-04-28,NB-1166,239.0,0.0,6,289.5
2025-05-05,NB-1166,0.0,0.0,6,289.5
2025-05-12,NB-1166,588.0,361.0,6,289.5
2025-05-19,NB-1166,208.0,445.0,6,289.5
2025-05-26,NB-1166,12.0,0.0,6,289.5
2025-06-02,NB-1166,0.0,0.0,6,289.5
2025-06-09,NB-1166,405.0,0.0,6,289.5
2025-06-16,NB-1166,181.0,0.0,6,289.5
2025-06-23,NB-1166,0.0,393.0,6,289.5
2025-06-30,NB-1166,0.0,407.0,6,289.5
2025-07-07,NB-1166,0.0,0.0,6,289.5
2025-07-14,NB-1166,249.0,0.0,6,289.5
2025-07-21,NB-1166,320.0,0.0,6,289.5
2025-07-28,NB-1166,70.0,366.0,6,289.5
2025-08-04,NB-1166,321.0,0.0,6,289.5
2025-08-11,NB-1166,98.0,0.0,6,289.5
2025-08-18,NB-1166,0.0,0.0,6,289.5
2025-08-25,NB-1166,0.0,0.0,6,289.5
2025-09-01,NB-1166,0.0,378.0,6,289.5
2025-09-08,NB-1166,0.0,0.0,6,289.5
2025-09-15,NB-1166,0.0,0.0,6,289.5
2025-09-22,NB-1166,343.0,0.0,6,289.5
2025-09-29,NB-1166,110.0,382.0,6,289.5
2025-10-06,NB-1166,0.0,405.0,6,289.5
2025-10-13,NB-1166,0.0,0.0,6,289.5
2025-10-20,NB-1166,0.0,429.0,6,289.5
2025-10-27,NB-1166,0.0,0.0,6,289.5
2025-11-03,NB-1166,0.0,0.0,6,289.5
2025-11-10,NB-1166,92.0,318.0,6,289.5
2025-11-17,NB-1166,0.0,330.0,6,289.5
2025-11-24,NB-1166,202.0,416.0,6,289.5
2025-12-01,NB-1166,0.0,0.0,6,289.5
2025-12-08,NB-1166,207.0,368.0,6,289.5
2025-12-15,NB-1166,0.0,330.0,6,289.5
2025-12-22,NB-1166,0.0,325.0,6,289.5
2025-12-29,NB-1166,0.0,0.0,6,289.5
2024-01-01,NB-1167,312.0,0.0,10,120.2
2024-01-08,NB-1167,234.0,0.0,10,120.2
2024-01-15,NB-1167,168.0,0.0,10,120.2
2024-01-22,NB-1167,105.0,0.0,10,120.2
2024-01-29,NB-1167,25.0,0.0,10,120.2
2024-02-05,NB-1167,121.0,121.0,10,120.2
2024-02-12,NB-1167,202.0,0.0,10,120.2
2024-02-19,NB-1167,126.0,0.0,10,120.2
2024-02-26,NB-1167,210.0,0.0,10,120.2
2024-03-04,NB-1167,127.0,0.0,10,120.2
2024-03-11,NB-1167,62.0,151.0,10,120.2
2024-03-18,NB-1167,0.0,0.0,10,120.2
2024-03-25,NB-1167,66.0,0.0,10,120.2
2024-04-01,NB-1167,0.0,144.0,10,120.2
2024-04-08,NB-1167,0.0,0.0,10,120.2
2024-04-15,NB-1167,236.0,0.0,10,120.2
2024-04-22,NB-1167,165.0,0.0,10,120.2
2024-04-29,NB-1167,113.0,0.0,10,120.2
2024-05-06,NB-1167,46.0,0.0,10,120.2
2024-05-13,NB-1167,0.0,161.0,10,120.2
2024-05-20,NB-1167,0.0,176.0,10,120.2
2024-05-27,NB-1167,0.0,0.0,10,120.2
2024-06-03,NB-1167,118.0,142.0,10,120.2
2024-06-10,NB-1167,54.0,0.0,10,120.2
2024-06-17,NB-1167,0.0,141.0,10,120.2
2024-06-24,NB-1167,0.0,0.0,10,120.2
2024-07-01,NB-1167,0.0,0.0,10,120.2
2024-07-08,NB-1167,0.0,0.0,10,120.2
2024-07-15,NB-1167,0.0,0.0,10,120.2
2024-07-22,NB-1167,0.0,0.0,10,120.2
2024-07-29,NB-1167,0.0,0.0,10,120.2
2024-08-05,NB-1167,0.0,0.0,10,120.2
2024-08-12,NB-1167,116.0,0.0,10,120.2
2024-08-19,NB-1167,188.0,0.0,10,120.2
2024-08-26,NB-1167,138.0,0.0,10,120.2
2024-09-02,NB-1167,199.0,0.0,10,120.2
2024-09-09,NB-1167,118.0,0.0,10,120.2
2024-09-16,NB-1167,46.0,0.0,10,120.2
2024-09-23,NB-1167,0.0,0.0,10,120.2
2024-09-30,NB-1167,0.0,0.0,10,120.2
2024-10-07,NB-1167,0.0,0.0,10,120.2
2024-10-14,NB-1167,234.0,0.0,10,120.2
2024-10-21,NB-1167,149.0,0.0,10,120.2
2024-10-28,NB-1167,78.0,113.0,10,120.2
2024-11-04,NB-1167,0.0,142.0,10,120.2
2024-11-11,NB-1167,0.0,0.0,10,120.2
2024-11-18,NB-1167,0.0,149.0,10,120.2
2024-11-25,NB-1167,95.0,131.0,10,120.2
2024-12-02,NB-1167,12.0,0.0,10,120.2
2024-12-09,NB-1167,0.0,133.0,10,120.2
2024-12-16,NB-1167,0.0,0.0,10,120.2
2024-12-23,NB-1167,0.0,0.0,10,120.2
2024-12-30,NB-1167,128.0,128.0,10,120.2
2025-01-06,NB-1167,32.0,0.0,10,120.2
2025-01-13,NB-1167,0.0,0.0,10,120.2
2025-01-20,NB-1167,0.0,0.0,10,120.2
2025-01-27,NB-1167,0.0,118.0,10,120.2
2025-02-03,NB-1167,0.0,0.0,10,120.2
2025-02-10,NB-1167,0.0,0.0,10,120.2
2025-02-17,NB-1167,224.0,0.0,10,120.2
2025-02-24,NB-1167,114.0,0.0,10,120.2
2025-03-03,NB-1167,65.0,124.0,10,120.2
2025-03-10,NB-1167,132.0,0.0,10,120.2
2025-03-17,NB-1167,44.0,0.0,10,120.2
2025-03-24,NB-1167,0.0,0.0,10,120.2
2025-03-31,NB-1167,64.0,0.0,10,120.2
2025-04-07,NB-1167,0.0,0.0,10,120.2
2025-04-14,NB-1167,0.0,0.0,10,120.2
2025-04-21,NB-1167,251.0,0.0,10,120.2
2025-04-28,NB-1167,165.0,0.0,10,120.2
2025-05-05,NB-1167,209.0,0.0,10,120.2
2025-05-12,NB-1167,138.0,0.0,10,120.2
2025-05-19,NB-1167,5.0,0.0,10,120.2
2025-05-26,NB-1167,0.0,0.0,10,120.2
2025-06-02,NB-1167,79.0,0.0,10,120.2
2025-06-09,NB-1167,0.0,179.0,10,120.2
2025-06-16,NB-1167,73.0,0.0,10,120.2
2025-06-23,NB-1167,0.0,0.0,10,120.2
2025-06-30,NB-1167,0.0,0.0,10,120.2
2025-07-07,NB-1167,0.0,0.0,10,120.2
2025-07-14,NB-1167,0.0,0.0,10,120.2
2025-07-21,NB-1167,0.0,0.0,10,120.2
2025-07-28,NB-1167,0.0,112.0,10,120.2
2025-08-04,NB-1167,0.0,0.0,10,120.2
2025-08-11,NB-1167,181.0,0.0,10,120.2
2025-08-18,NB-1167,89.0,0.0,10,120.2
2025-08-25,NB-1167,159.0,0.0,10,120.2
2025-09-01,NB-1167,62.0,0.0,10,120.2
2025-09-08,NB-1167,0.0,0.0,10,120.2
2025-09-15,NB-1167,0.0,0.0,10,120.2
2025-09-22,NB-1167,0.0,0.0,10,120.2
2025-09-29,NB-1167,0.0,0.0,10,120.2
2025-10-06,NB-1167,150.0,0.0,10,120.2
2025-10-13,NB-1167,32.0,0.0,10,120.2
2025-10-20,NB-1167,0.0,0.0,10,120.2
2025-10-27,NB-1167,0.0,0.0,10,120.2
2025-11-03,NB-1167,132.0,0.0,10,120.2
2025-11-10,NB-1167,43.0,0.0,10,120.2
2025-11-17,NB-1167,0.0,0.0,10,120.2
2025-11-24,NB-1167,114.0,0.0,10,120.2
2025-12-01,NB-1167,116.0,178.0,10,120.2
2025-12-08,NB-1167,0.0,0.0,10,120.2
2025-12-15,NB-1167,108.0,0.0,10,120.2
2025-12-22,NB-1167,0.0,178.0,10,120.2
2025-12-29,NB-1167,0.0,0.0,10,120.2
2024-01-01,NB-1168,391.0,0.0,7,26.4
2024-01-08,NB-1168,374.0,0.0,7,26.4
2024-01-15,NB-1168,349.0,0.0,7,26.4
2024-01-22,NB-1168,312.0,0.0,7,26.4
2024-01-29,NB-1168,289.0,0.0,7,26.4
2024-02-05,NB-1168,262.0,0.0,7,26.4
2024-02-12,NB-1168,242.0,0.0,7,26.4
2024-02-19,NB-1168,220.0,0.0,7,26.4
2024-02-26,NB-1168,195.0,0.0,7,26.4
2024-03-04,NB-1168,176.0,0.0,7,26.4
2024-03-11,NB-1168,147.0,0.0,7,26.4
2024-03-18,NB-1168,123.0,0.0,7,26.4
2024-03-25,NB-1168,98.0,0.0,7,26.4
2024-04-01,NB-1168,76.0,0.0,7,26.4
2024-04-08,NB-1168,57.0,0.0,7,26.4
2024-04-15,NB-1168,39.0,0.0,7,26.4
2024-04-22,NB-1168,19.0,0.0,7,26.4
2024-04-29,NB-1168,0.0,0.0,7,26.4
2024-05-06,NB-1168,0.0,0.0,7,26.4
2024-05-13,NB-1168,0.0,0.0,7,26.4
2024-05-20,NB-1168,0.0,40.0,7,26.4
2024-05-27,NB-1168,23.0,0.0,7,26.4
2024-06-03,NB-1168,48.0,0.0,7,26.4
2024-06-10,NB-1168,36.0,0.0,7,26.4
2024-06-17,NB-1168,56.0,0.0,7,26.4
2024-06-24,NB-1168,48.0,0.0,7,26.4
2024-07-01,NB-1168,43.0,0.0,7,26.4
2024-07-08,NB-1168,29.0,0.0,7,26.4
2024-07-15,NB-1168,16.0,0.0,7,26.4
2024-07-22,NB-1168,40.0,34.0,7,26.4
2024-07-29,NB-1168,33.0,0.0,7,26.4
2024-08-05,NB-1168,23.0,0.0,7,26.4
2024-08-12,NB-1168,43.0,29.0,7,26.4
2024-08-19,NB-1168,33.0,0.0,7,26.4
2024-08-26,NB-1168,28.0,0.0,7,26.4
2024-09-02,NB-1168,21.0,0.0,7,26.4
2024-09-09,NB-1168,13.0,0.0,7,26.4
2024-09-16,NB-1168,34.0,0.0,7,26.4
2024-09-23,NB-1168,25.0,34.0,7,26.4
2024-09-30,NB-1168,41.0,0.0,7,26.4
2024-10-07,NB-1168,36.0,0.0,7,26.4
2024-10-14,NB-1168,30.0,0.0,7,26.4
2024-10-21,NB-1168,16.0,0.0,7,26.4
2024-10-28,NB-1168,28.0,0.0,7,26.4
2024-11-04,NB-1168,48.0,0.0,7,26.4
2024-11-11,NB-1168,35.0,0.0,7,26.4
2024-11-18,NB-1168,55.0,0.0,7,26.4
2024-11-25,NB-1168,39.0,0.0,7,26.4
2024-12-02,NB-1168,23.0,0.0,7,26.4
2024-12-09,NB-1168,5.0,0.0,7,26.4
2024-12-16,NB-1168,0.0,0.0,7,26.4
2024-12-23,NB-1168,0.0,0.0,7,26.4
2024-12-30,NB-1168,33.0,33.0,7,26.4
2025-01-06,NB-1168,5.0,0.0,7,26.4
2025-01-13,NB-1168,0.0,31.0,7,26.4
2025-01-20,NB-1168,0.0,26.0,7,26.4
2025-01-27,NB-1168,0.0,0.0,7,26.4
2025-02-03,NB-1168,0.0,34.0,7,26.4
2025-02-10,NB-1168,47.0,0.0,7,26.4
2025-02-17,NB-1168,23.0,37.0,7,26.4
2025-02-24,NB-1168,6.0,0.0,7,26.4
2025-03-03,NB-1168,0.0,0.0,7,26.4
2025-03-10,NB-1168,41.0,28.0,7,26.4
2025-03-17,NB-1168,20.0,35.0,7,26.4
2025-03-24,NB-1168,23.0,0.0,7,26.4
2025-03-31,NB-1168,35.0,0.0,7,26.4
2025-04-07,NB-1168,49.0,0.0,7,26.4
2025-04-14,NB-1168,37.0,0.0,7,26.4
2025-04-21,NB-1168,21.0,0.0,7,26.4
2025-04-28,NB-1168,21.0,29.0,7,26.4
2025-05-05,NB-1168,0.0,0.0,7,26.4
2025-05-12,NB-1168,0.0,0.0,7,26.4
2025-05-19,NB-1168,6.0,0.0,7,26.4
2025-05-26,NB-1168,0.0,0.0,7,26.4
2025-06-02,NB-1168,24.0,40.0,7,26.4
2025-06-09,NB-1168,14.0,0.0,7,26.4
2025-06-16,NB-1168,7.0,37.0,7,26.4
2025-06-23,NB-1168,0.0,0.0,7,26.4
2025-06-30,NB-1168,0.0,0.0,7,26.4
2025-07-07,NB-1168,0.0,0.0,7,26.4
2025-07-14,NB-1168,0.0,0.0,7,26.4
2025-07-21,NB-1168,25.0,0.0,7,26.4
2025-07-28,NB-1168,18.0,0.0,7,26.4
2025-08-04,NB-1168,11.0,0.0,7,26.4
2025-08-11,NB-1168,11.0,33.0,7,26.4
2025-08-18,NB-1168,8.0,0.0,7,26.4
2025-08-25,NB-1168,4.0,0.0,7,26.4
2025-09-01,NB-1168,0.0,0.0,7,26.4
2025-09-08,NB-1168,34.0,0.0,7,26.4
2025-09-15,NB-1168,28.0,0.0,7,26.4
2025-09-22,NB-1168,17.0,0.0,7,26.4
2025-09-29,NB-1168,11.0,39.0,7,26.4
2025-10-06,NB-1168,3.0,39.0,7,26.4
2025-10-13,NB-1168,0.0,0.0,7,26.4
2025-10-20,NB-1168,0.0,0.0,7,26.4
2025-10-27,NB-1168,28.0,0.0,7,26.4
2025-11-03,NB-1168,16.0,0.0,7,26.4
2025-11-10,NB-1168,32.0,0.0,7,26.4
2025-11-17,NB-1168,0.0,0.0,7,26.4
2025-11-24,NB-1168,0.0,0.0,7,26.4
2025-12-01,NB-1168,0.0,40.0,7,26.4
2025-12-08,NB-1168,0.0,0.0,7,26.4
2025-12-15,NB-1168,0.0,0.0,7,26.4
2025-12-22,NB-1168,0.0,30.0,7,26.4
2025-12-29,NB-1168,0.0,0.0,7,26.4
2024-01-01,NB-1169,69.0,443.0,16,443.8
2024-01-08,NB-1169,0.0,0.0,16,443.8
2024-01-15,NB-1169,0.0,565.0,16,443.8
2024-01-22,NB-1169,609.0,0.0,16,443.8
2024-01-29,NB-1169,418.0,669.0,16,443.8
2024-02-05,NB-1169,206.0,0.0,16,443.8
2024-02-12,NB-1169,645.0,0.0,16,443.8
2024-02-19,NB-1169,394.0,0.0,16,443.8
2024-02-26,NB-1169,166.0,0.0,16,443.8
2024-03-04,NB-1169,0.0,0.0,16,443.8
2024-03-11,NB-1169,523.0,523.0,16,443.8
2024-03-18,NB-1169,849.0,0.0,16,443.8
2024-03-25,NB-1169,651.0,0.0,16,443.8
2024-04-01,NB-1169,413.0,650.0,16,443.8
2024-04-08,NB-1169,282.0,0.0,16,443.8
2024-04-15,NB-1169,116.0,0.0,16,443.8
2024-04-22,NB-1169,0.0,0.0,16,443.8
2024-04-29,NB-1169,999.0,0.0,16,443.8
2024-05-06,NB-1169,825.0,0.0,16,443.8
2024-05-13,NB-1169,669.0,0.0,16,443.8
2024-05-20,NB-1169,500.0,0.0,16,443.8
2024-05-27,NB-1169,307.0,0.0,16,443.8
2024-06-03,NB-1169,179.0,0.0,16,443.8
2024-06-10,NB-1169,423.0,0.0,16,443.8
2024-06-17,NB-1169,208.0,0.0,16,443.8
2024-06-24,NB-1169,63.0,0.0,16,443.8
2024-07-01,NB-1169,0.0,0.0,16,443.8
2024-07-08,NB-1169,0.0,0.0,16,443.8
2024-07-15,NB-1169,0.0,600.0,16,443.8
2024-07-22,NB-1169,341.0,476.0,16,443.8
2024-07-29,NB-1169,806.0,0.0,16,443.8
2024-08-05,NB-1169,682.0,0.0,16,443.8
2024-08-12,NB-1169,579.0,0.0,16,443.8
2024-08-19,NB-1169,459.0,0.0,16,443.8
2024-08-26,NB-1169,838.0,0.0,16,443.8
2024-09-02,NB-1169,734.0,0.0,16,443.8
2024-09-09,NB-1169,590.0,0.0,16,443.8
2024-09-16,NB-1169,472.0,0.0,16,443.8
2024-09-23,NB-1169,337.0,0.0,16,443.8
2024-09-30,NB-1169,189.0,0.0,16,443.8
2024-10-07,NB-1169,30.0,680.0,16,443.8
2024-10-14,NB-1169,0.0,0.0,16,443.8
2024-10-21,NB-1169,0.0,0.0,16,443.8
2024-10-28,NB-1169,0.0,0.0,16,443.8
2024-11-04,NB-1169,0.0,0.0,16,443.8
2024-11-11,NB-1169,0.0,0.0,16,443.8
2024-11-18,NB-1169,611.0,611.0,16,443.8
2024-11-25,NB-1169,370.0,569.0,16,443.8
2024-12-02,NB-1169,168.0,473.0,16,443.8
2024-12-09,NB-1169,0.0,0.0,16,443.8
2024-12-16,NB-1169,502.0,0.0,16,443.8
2024-12-23,NB-1169,293.0,0.0,16,443.8
2024-12-30,NB-1169,528.0,0.0,16,443.8
2025-01-06,NB-1169,282.0,513.0,16,443.8
2025-01-13,NB-1169,0.0,0.0,16,443.8
2025-01-20,NB-1169,273.0,0.0,16,443.8
2025-01-27,NB-1169,0.0,0.0,16,443.8
2025-02-03,NB-1169,0.0,488.0,16,443.8
2025-02-10,NB-1169,0.0,0.0,16,443.8
2025-02-17,NB-1169,187.0,634.0,16,443.8
2025-02-24,NB-1169,0.0,0.0,16,443.8
2025-03-03,NB-1169,453.0,0.0,16,443.8
2025-03-10,NB-1169,810.0,0.0,16,443.8
2025-03-17,NB-1169,558.0,0.0,16,443.8
2025-03-24,NB-1169,217.0,593.0,16,443.8
2025-03-31,NB-1169,410.0,0.0,16,443.8
2025-04-07,NB-1169,67.0,564.0,16,443.8
2025-04-14,NB-1169,0.0,0.0,16,443.8
2025-04-21,NB-1169,220.0,567.0,16,443.8
2025-04-28,NB-1169,0.0,0.0,16,443.8
2025-05-05,NB-1169,0.0,460.0,16,443.8
2025-05-12,NB-1169,0.0,0.0,16,443.8
2025-05-19,NB-1169,587.0,0.0,16,443.8
2025-05-26,NB-1169,346.0,0.0,16,443.8
2025-06-02,NB-1169,120.0,0.0,16,443.8
2025-06-09,NB-1169,0.0,0.0,16,443.8
2025-06-16,NB-1169,482.0,0.0,16,443.8
2025-06-23,NB-1169,278.0,0.0,16,443.8
2025-06-30,NB-1169,724.0,0.0,16,443.8
2025-07-07,NB-1169,578.0,0.0,16,443.8
2025-07-14,NB-1169,409.0,0.0,16,443.8
2025-07-21,NB-1169,229.0,0.0,16,443.8
2025-07-28,NB-1169,21.0,0.0,16,443.8
2025-08-04,NB-1169,633.0,0.0,16,443.8
2025-08-11,NB-1169,455.0,0.0,16,443.8
2025-08-18,NB-1169,769.0,0.0,16,443.8
2025-08-25,NB-1169,603.0,0.0,16,443.8
2025-09-01,NB-1169,384.0,0.0,16,443.8
2025-09-08,NB-1169,179.0,0.0,16,443.8
2025-09-15,NB-1169,3.0,0.0,16,443.8
2025-09-22,NB-1169,463.0,463.0,16,443.8
2025-09-29,NB-1169,244.0,0.0,16,443.8
2025-10-06,NB-1169,56.0,0.0,16,443.8
2025-10-13,NB-1169,0.0,592.0,16,443.8
2025-10-20,NB-1169,0.0,0.0,16,443.8
2025-10-27,NB-1169,459.0,0.0,16,443.8
2025-11-03,NB-1169,265.0,0.0,16,443.8
2025-11-10,NB-1169,0.0,0.0,16,443.8
2025-11-17,NB-1169,0.0,436.0,16,443.8
2025-11-24,NB-1169,0.0,0.0,16,443.8
2025-12-01,NB-1169,742.0,471.0,16,443.8
2025-12-08,NB-1169,434.0,0.0,16,443.8
2025-12-15,NB-1169,552.0,0.0,16,443.8
2025-12-22,NB-1169,163.0,634.0,16,443.8
2025-12-29,NB-1169,0.0,0.0,16,443.8
2024-01-01,NB-1170,60.0,0.0,6,284.8
2024-01-08,NB-1170,0.0,0.0,6,284.8
2024-01-15,NB-1170,346.0,0.0,6,284.8
2024-01-22,NB-1170,444.0,0.0,6,284.8
2024-01-29,NB-1170,250.0,0.0,6,284.8
2024-02-05,NB-1170,0.0,314.0,6,284.8
2024-02-12,NB-1170,0.0,0.0,6,284.8
2024-02-19,NB-1170,126.0,320.0,6,284.8
2024-02-26,NB-1170,410.0,410.0,6,284.8
2024-03-04,NB-1170,221.0,0.0,6,284.8
2024-03-11,NB-1170,0.0,0.0,6,284.8
2024-03-18,NB-1170,0.0,0.0,6,284.8
2024-03-25,NB-1170,230.0,0.0,6,284.8
2024-04-01,NB-1170,0.0,0.0,6,284.8
2024-04-08,NB-1170,0.0,313.0,6,284.8
2024-04-15,NB-1170,0.0,0.0,6,284.8
2024-04-22,NB-1170,0.0,0.0,6,284.8
2024-04-29,NB-1170,193.0,0.0,6,284.8
2024-05-06,NB-1170,0.0,387.0,6,284.8
2024-05-13,NB-1170,0.0,0.0,6,284.8
2024-05-20,NB-1170,0.0,0.0,6,284.8
2024-05-27,NB-1170,0.0,333.0,6,284.8
2024-06-03,NB-1170,0.0,0.0,6,284.8
2024-06-10,NB-1170,196.0,0.0,6,284.8
2024-06-17,NB-1170,0.0,332.0,6,284.8
2024-06-24,NB-1170,329.0,0.0,6,284.8
2024-07-01,NB-1170,455.0,0.0,6,284.8
2024-07-08,NB-1170,231.0,288.0,6,284.8
2024-07-15,NB-1170,311.0,0.0,6,284.8
2024-07-22,NB-1170,120.0,0.0,6,284.8
2024-07-29,NB-1170,0.0,364.0,6,284.8
2024-08-05,NB-1170,349.0,0.0,6,284.8
2024-08-12,NB-1170,404.0,0.0,6,284.8
2024-08-19,NB-1170,514.0,0.0,6,284.8
2024-08-26,NB-1170,276.0,0.0,6,284.8
2024-09-02,NB-1170,0.0,0.0,6,284.8
2024-09-09,NB-1170,0.0,0.0,6,284.8
2024-09-16,NB-1170,0.0,0.0,6,284.8
2024-09-23,NB-1170,264.0,264.0,6,284.8
2024-09-30,NB-1170,56.0,0.0,6,284.8
2024-10-07,NB-1170,0.0,0.0,6,284.8
2024-10-14,NB-1170,0.0,0.0,6,284.8
2024-10-21,NB-1170,0.0,0.0,6,284.8
2024-10-28,NB-1170,526.0,0.0,6,284.8
2024-11-04,NB-1170,258.0,327.0,6,284.8
2024-11-11,NB-1170,0.0,0.0,6,284.8
2024-11-18,NB-1170,0.0,0.0,6,284.8
2024-11-25,NB-1170,0.0,317.0,6,284.8
2024-12-02,NB-1170,0.0,366.0,6,284.8
2024-12-09,NB-1170,0.0,0.0,6,284.8
2024-12-16,NB-1170,0.0,334.0,6,284.8
2024-12-23,NB-1170,331.0,331.0,6,284.8
2024-12-30,NB-1170,37.0,309.0,6,284.8
2025-01-06,NB-1170,0.0,0.0,6,284.8
2025-01-13,NB-1170,158.0,0.0,6,284.8
2025-01-20,NB-1170,0.0,433.0,6,284.8
2025-01-27,NB-1170,385.0,0.0,6,284.8
2025-02-03,NB-1170,475.0,0.0,6,284.8
2025-02-10,NB-1170,547.0,301.0,6,284.8
2025-02-17,NB-1170,317.0,0.0,6,284.8
2025-02-24,NB-1170,139.0,0.0,6,284.8
2025-03-03,NB-1170,196.0,0.0,6,284.8
2025-03-10,NB-1170,0.0,0.0,6,284.8
2025-03-17,NB-1170,289.0,289.0,6,284.8
2025-03-24,NB-1170,393.0,0.0,6,284.8
2025-03-31,NB-1170,91.0,0.0,6,284.8
2025-04-07,NB-1170,0.0,300.0,6,284.8
2025-04-14,NB-1170,0.0,0.0,6,284.8
2025-04-21,NB-1170,317.0,0.0,6,284.8
2025-04-28,NB-1170,403.0,0.0,6,284.8
2025-05-05,NB-1170,403.0,0.0,6,284.8
2025-05-12,NB-1170,504.0,0.0,6,284.8
2025-05-19,NB-1170,237.0,0.0,6,284.8
2025-05-26,NB-1170,414.0,0.0,6,284.8
2025-06-02,NB-1170,204.0,0.0,6,284.8
2025-06-09,NB-1170,32.0,387.0,6,284.8
2025-06-16,NB-1170,0.0,0.0,6,284.8
2025-06-23,NB-1170,0.0,0.0,6,284.8
2025-06-30,NB-1170,346.0,346.0,6,284.8
2025-07-07,NB-1170,136.0,0.0,6,284.8
2025-07-14,NB-1170,0.0,299.0,6,284.8
2025-07-21,NB-1170,0.0,336.0,6,284.8
2025-07-28,NB-1170,0.0,0.0,6,284.8
2025-08-04,NB-1170,0.0,0.0,6,284.8
2025-08-11,NB-1170,321.0,0.0,6,284.8
2025-08-18,NB-1170,460.0,0.0,6,284.8
2025-08-25,NB-1170,186.0,0.0,6,284.8
2025-09-01,NB-1170,0.0,0.0,6,284.8
2025-09-08,NB-1170,0.0,404.0,6,284.8
2025-09-15,NB-1170,417.0,0.0,6,284.8
2025-09-22,NB-1170,538.0,0.0,6,284.8
2025-09-29,NB-1170,399.0,0.0,6,284.8
2025-10-06,NB-1170,170.0,0.0,6,284.8
2025-10-13,NB-1170,0.0,0.0,6,284.8
2025-10-20,NB-1170,289.0,0.0,6,284.8
2025-10-27,NB-1170,45.0,0.0,6,284.8
2025-11-03,NB-1170,0.0,0.0,6,284.8
2025-11-10,NB-1170,0.0,0.0,6,284.8
2025-11-17,NB-1170,0.0,0.0,6,284.8
2025-11-24,NB-1170,262.0,0.0,6,284.8
2025-12-01,NB-1170,416.0,0.0,6,284.8
2025-12-08,NB-1170,544.0,0.0,6,284.8
2025-12-15,NB-1170,328.0,0.0,6,284.8
2025-12-22,NB-1170,414.0,0.0,6,284.8
2025-12-29,NB-1170,115.0,320.0,6,284.8
2024-01-01,NB-1171,180.0,0.0,12,579.3
2024-01-08,NB-1171,0.0,739.0,12,579.3
2024-01-15,NB-1171,610.0,0.0,12,579.3
2024-01-22,NB-1171,223.0,0.0,12,579.3
2024-01-29,NB-1171,0.0,0.0,12,579.3
2024-02-05,NB-1171,443.0,0.0,12,579.3
2024-02-12,NB-1171,934.0,0.0,12,579.3
2024-02-19,NB-1171,588.0,0.0,12,579.3
2024-02-26,NB-1171,199.0,0.0,12,579.3
2024-03-04,NB-1171,587.0,0.0,12,579.3
2024-03-11,NB-1171,323.0,543.0,12,579.3
2024-03-18,NB-1171,703.0,701.0,12,579.3
2024-03-25,NB-1171,352.0,0.0,12,579.3
2024-04-01,NB-1171,615.0,0.0,12,579.3
2024-04-08,NB-1171,1236.0,0.0,12,579.3
2024-04-15,NB-1171,958.0,0.0,12,579.3
2024-04-22,NB-1171,705.0,0.0,12,579.3
2024-04-29,NB-1171,452.0,0.0,12,579.3
2024-05-06,NB-1171,259.0,0.0,12,579.3
2024-05-13,NB-1171,895.0,0.0,12,579.3
2024-05-20,NB-1171,696.0,0.0,12,579.3
2024-05-27,NB-1171,1107.0,623.0,12,579.3
2024-06-03,NB-1171,947.0,0.0,12,579.3
2024-06-10,NB-1171,744.0,0.0,12,579.3
2024-06-17,NB-1171,1195.0,699.0,12,579.3
2024-06-24,NB-1171,1015.0,0.0,12,579.3
2024-07-01,NB-1171,891.0,0.0,12,579.3
2024-07-08,NB-1171,726.0,0.0,12,579.3
2024-07-15,NB-1171,556.0,0.0,12,579.3
2024-07-22,NB-1171,389.0,0.0,12,579.3
2024-07-29,NB-1171,245.0,863.0,12,579.3
2024-08-05,NB-1171,798.0,0.0,12,579.3
2024-08-12,NB-1171,578.0,817.0,12,579.3
2024-08-19,NB-1171,432.0,0.0,12,579.3
2024-08-26,NB-1171,263.0,0.0,12,579.3
2024-09-02,NB-1171,68.0,0.0,12,579.3
2024-09-09,NB-1171,0.0,0.0,12,579.3
2024-09-16,NB-1171,0.0,0.0,12,579.3
2024-09-23,NB-1171,1019.0,0.0,12,579.3
2024-09-30,NB-1171,745.0,0.0,12,579.3
2024-10-07,NB-1171,1129.0,0.0,12,579.3
2024-10-14,NB-1171,787.0,0.0,12,579.3
2024-10-21,NB-1171,413.0,0.0,12,579.3
2024-10-28,NB-1171,92.0,0.0,12,579.3
2024-11-04,NB-1171,883.0,883.0,12,579.3
2024-11-11,NB-1171,466.0,0.0,12,579.3
2024-11-18,NB-1171,64.0,0.0,12,579.3
2024-11-25,NB-1171,0.0,0.0,12,579.3
2024-12-02,NB-1171,0.0,0.0,12,579.3
2024-12-09,NB-1171,89.0,547.0,12,579.3
2024-12-16,NB-1171,0.0,0.0,12,579.3
2024-12-23,NB-1171,0.0,0.0,12,579.3
2024-12-30,NB-1171,1040.0,0.0,12,579.3
2025-01-06,NB-1171,568.0,609.0,12,579.3
2025-01-13,NB-1171,158.0,0.0,12,579.3
2025-01-20,NB-1171,742.0,0.0,12,579.3
2025-01-27,NB-1171,723.0,580.0,12,579.3
2025-02-03,NB-1171,292.0,0.0,12,579.3
2025-02-10,NB-1171,0.0,584.0,12,579.3
2025-02-17,NB-1171,0.0,0.0,12,579.3
2025-02-24,NB-1171,455.0,0.0,12,579.3
2025-03-03,NB-1171,602.0,602.0,12,579.3
2025-03-10,NB-1171,132.0,0.0,12,579.3
2025-03-17,NB-1171,0.0,565.0,12,579.3
2025-03-24,NB-1171,0.0,0.0,12,579.3
2025-03-31,NB-1171,0.0,0.0,12,579.3
2025-04-07,NB-1171,788.0,0.0,12,579.3
2025-04-14,NB-1171,413.0,0.0,12,579.3
2025-04-21,NB-1171,844.0,0.0,12,579.3
2025-04-28,NB-1171,1306.0,0.0,12,579.3
2025-05-05,NB-1171,1051.0,0.0,12,579.3
2025-05-12,NB-1171,679.0,0.0,12,579.3
2025-05-19,NB-1171,346.0,0.0,12,579.3
2025-05-26,NB-1171,88.0,0.0,12,579.3
2025-06-02,NB-1171,0.0,0.0,12,579.3
2025-06-09,NB-1171,456.0,0.0,12,579.3
2025-06-16,NB-1171,284.0,0.0,12,579.3
2025-06-23,NB-1171,50.0,0.0,12,579.3
2025-06-30,NB-1171,0.0,0.0,12,579.3
2025-07-07,NB-1171,0.0,0.0,12,579.3
2025-07-14,NB-1171,0.0,0.0,12,579.3
2025-07-21,NB-1171,0.0,0.0,12,579.3
2025-07-28,NB-1171,581.0,0.0,12,579.3
2025-08-04,NB-1171,427.0,0.0,12,579.3
2025-08-11,NB-1171,208.0,0.0,12,579.3
2025-08-18,NB-1171,0.0,759.0,12,579.3
2025-08-25,NB-1171,0.0,0.0,12,579.3
2025-09-01,NB-1171,0.0,0.0,12,579.3
2025-09-08,NB-1171,0.0,0.0,12,579.3
2025-09-15,NB-1171,567.0,0.0,12,579.3
2025-09-22,NB-1171,248.0,0.0,12,579.3
2025-09-29,NB-1171,730.0,0.0,12,579.3
2025-10-06,NB-1171,359.0,0.0,12,579.3
2025-10-13,NB-1171,728.0,0.0,12,579.3
2025-10-20,NB-1171,885.0,0.0,12,579.3
2025-10-27,NB-1171,554.0,0.0,12,579.3
2025-11-03,NB-1171,285.0,0.0,12,579.3
2025-11-10,NB-1171,0.0,0.0,12,579.3
2025-11-17,NB-1171,0.0,0.0,12,579.3
2025-11-24,NB-1171,0.0,0.0,12,579.3
2025-12-01,NB-1171,0.0,0.0,12,579.3
2025-12-08,NB-1171,0.0,767.0,12,579.3
2025-12-15,NB-1171,0.0,720.0,12,579.3
2025-12-22,NB-1171,0.0,620.0,12,579.3
2025-12-29,NB-1171,0.0,0.0,12,579.3
2024-01-01,NB-1172,83.0,0.0,18,552.5
2024-01-08,NB-1172,0.0,0.0,18,552.5
2024-01-15,NB-1172,434.0,797.0,18,552.5
2024-01-22,NB-1172,297.0,0.0,18,552.5
2024-01-29,NB-1172,669.0,0.0,18,552.5
2024-02-05,NB-1172,497.0,0.0,18,552.5
2024-02-12,NB-1172,308.0,0.0,18,552.5
2024-02-19,NB-1172,102.0,0.0,18,552.5
2024-02-26,NB-1172,607.0,0.0,18,552.5
2024-03-04,NB-1172,424.0,0.0,18,552.5
2024-03-11,NB-1172,965.0,0.0,18,552.5
2024-03-18,NB-1172,816.0,0.0,18,552.5
2024-03-25,NB-1172,664.0,0.0,18,552.5
2024-04-01,NB-1172,523.0,0.0,18,552.5
2024-04-08,NB-1172,1011.0,624.0,18,552.5
2024-04-15,NB-1172,847.0,0.0,18,552.5
2024-04-22,NB-1172,718.0,0.0,18,552.5
2024-04-29,NB-1172,556.0,0.0,18,552.5
2024-05-06,NB-1172,387.0,0.0,18,552.5
2024-05-13,NB-1172,770.0,0.0,18,552.5
2024-05-20,NB-1172,623.0,0.0,18,552.5
2024-05-27,NB-1172,457.0,0.0,18,552.5
2024-06-03,NB-1172,1089.0,764.0,18,552.5
2024-06-10,NB-1172,917.0,0.0,18,552.5
2024-06-17,NB-1172,681.0,0.0,18,552.5
2024-06-24,NB-1172,1316.0,807.0,18,552.5
2024-07-01,NB-1172,1174.0,0.0,18,552.5
2024-07-08,NB-1172,1005.0,0.0,18,552.5
2024-07-15,NB-1172,826.0,0.0,18,552.5
2024-07-22,NB-1172,668.0,0.0,18,552.5
2024-07-29,NB-1172,489.0,0.0,18,552.5
2024-08-05,NB-1172,1112.0,0.0,18,552.5
2024-08-12,NB-1172,927.0,0.0,18,552.5
2024-08-19,NB-1172,707.0,0.0,18,552.5
2024-08-26,NB-1172,501.0,0.0,18,552.5
2024-09-02,NB-1172,988.0,679.0,18,552.5
2024-09-09,NB-1172,815.0,0.0,18,552.5
2024-09-16,NB-1172,608.0,0.0,18,552.5
2024-09-23,NB-1172,411.0,0.0,18,552.5
2024-09-30,NB-1172,945.0,0.0,18,552.5
2024-10-07,NB-1172,734.0,0.0,18,552.5
2024-10-14,NB-1172,500.0,0.0,18,552.5
2024-10-21,NB-1172,277.0,0.0,18,552.5
2024-10-28,NB-1172,56.0,0.0,18,552.5
2024-11-04,NB-1172,0.0,523.0,18,552.5
2024-11-11,NB-1172,0.0,0.0,18,552.5
2024-11-18,NB-1172,0.0,0.0,18,552.5
2024-11-25,NB-1172,636.0,0.0,18,552.5
2024-12-02,NB-1172,409.0,0.0,18,552.5
2024-12-09,NB-1172,190.0,0.0,18,552.5
2024-12-16,NB-1172,712.0,712.0,18,552.5
2024-12-23,NB-1172,494.0,0.0,18,552.5
2024-12-30,NB-1172,1102.0,0.0,18,552.5
2025-01-06,NB-1172,860.0,0.0,18,552.5
2025-01-13,NB-1172,618.0,0.0,18,552.5
2025-01-20,NB-1172,1104.0,0.0,18,552.5
2025-01-27,NB-1172,922.0,0.0,18,552.5
2025-02-03,NB-1172,734.0,0.0,18,552.5
2025-02-10,NB-1172,502.0,583.0,18,552.5
2025-02-17,NB-1172,1072.0,0.0,18,552.5
2025-02-24,NB-1172,842.0,0.0,18,552.5
2025-03-03,NB-1172,533.0,0.0,18,552.5
2025-03-10,NB-1172,910.0,0.0,18,552.5
2025-03-17,NB-1172,659.0,0.0,18,552.5
2025-03-24,NB-1172,466.0,737.0,18,552.5
2025-03-31,NB-1172,799.0,0.0,18,552.5
2025-04-07,NB-1172,568.0,0.0,18,552.5
2025-04-14,NB-1172,1178.0,0.0,18,552.5
2025-04-21,NB-1172,1012.0,0.0,18,552.5
2025-04-28,NB-1172,872.0,0.0,18,552.5
2025-05-05,NB-1172,706.0,0.0,18,552.5
2025-05-12,NB-1172,462.0,0.0,18,552.5
2025-05-19,NB-1172,192.0,570.0,18,552.5
2025-05-26,NB-1172,740.0,729.0,18,552.5
2025-06-02,NB-1172,515.0,0.0,18,552.5
2025-06-09,NB-1172,312.0,0.0,18,552.5
2025-06-16,NB-1172,807.0,0.0,18,552.5
2025-06-23,NB-1172,604.0,0.0,18,552.5
2025-06-30,NB-1172,430.0,0.0,18,552.5
2025-07-07,NB-1172,859.0,0.0,18,552.5
2025-07-14,NB-1172,627.0,0.0,18,552.5
2025-07-21,NB-1172,369.0,0.0,18,552.5
2025-07-28,NB-1172,853.0,0.0,18,552.5
2025-08-04,NB-1172,682.0,0.0,18,552.5
2025-08-11,NB-1172,476.0,593.0,18,552.5
2025-08-18,NB-1172,269.0,0.0,18,552.5
2025-08-25,NB-1172,61.0,0.0,18,552.5
2025-09-01,NB-1172,486.0,555.0,18,552.5
2025-09-08,NB-1172,169.0,625.0,18,552.5
2025-09-15,NB-1172,0.0,758.0,18,552.5
2025-09-22,NB-1172,837.0,837.0,18,552.5
2025-09-29,NB-1172,576.0,0.0,18,552.5
2025-10-06,NB-1172,305.0,0.0,18,552.5
2025-10-13,NB-1172,64.0,0.0,18,552.5
2025-10-20,NB-1172,330.0,654.0,18,552.5
2025-10-27,NB-1172,80.0,0.0,18,552.5
2025-11-03,NB-1172,0.0,0.0,18,552.5
2025-11-10,NB-1172,582.0,0.0,18,552.5
2025-11-17,NB-1172,252.0,0.0,18,552.5
2025-11-24,NB-1172,0.0,0.0,18,552.5
2025-12-01,NB-1172,0.0,0.0,18,552.5
2025-12-08,NB-1172,0.0,0.0,18,552.5
2025-12-15,NB-1172,0.0,562.0,18,552.5
2025-12-22,NB-1172,0.0,0.0,18,552.5
2025-12-29,NB-1172,531.0,0.0,18,552.5
2024-01-01,NB-1173,329.0,0.0,16,555.9
2024-01-08,NB-1173,147.0,0.0,16,555.9
2024-01-15,NB-1173,567.0,0.0,16,555.9
2024-01-22,NB-1173,306.0,0.0,16,555.9
2024-01-29,NB-1173,19.0,0.0,16,555.9
2024-02-05,NB-1173,0.0,0.0,16,555.9
2024-02-12,NB-1173,0.0,0.0,16,555.9
2024-02-19,NB-1173,0.0,0.0,16,555.9
2024-02-26,NB-1173,0.0,649.0,16,555.9
2024-03-04,NB-1173,0.0,0.0,16,555.9
2024-03-11,NB-1173,437.0,606.0,16,555.9
2024-03-18,NB-1173,911.0,0.0,16,555.9
2024-03-25,NB-1173,639.0,0.0,16,555.9
2024-04-01,NB-1173,394.0,805.0,16,555.9
2024-04-08,NB-1173,653.0,529.0,16,555.9
2024-04-15,NB-1173,420.0,594.0,16,555.9
2024-04-22,NB-1173,162.0,0.0,16,555.9
2024-04-29,NB-1173,802.0,802.0,16,555.9
2024-05-06,NB-1173,571.0,0.0,16,555.9
2024-05-13,NB-1173,357.0,850.0,16,555.9
2024-05-20,NB-1173,87.0,0.0,16,555.9
2024-05-27,NB-1173,492.0,0.0,16,555.9
2024-06-03,NB-1173,256.0,0.0,16,555.9
2024-06-10,NB-1173,50.0,684.0,16,555.9
2024-06-17,NB-1173,626.0,0.0,16,555.9
2024-06-24,NB-1173,410.0,0.0,16,555.9
2024-07-01,NB-1173,816.0,0.0,16,555.9
2024-07-08,NB-1173,610.0,0.0,16,555.9
2024-07-15,NB-1173,1222.0,0.0,16,555.9
2024-07-22,NB-1173,1026.0,0.0,16,555.9
2024-07-29,NB-1173,863.0,0.0,16,555.9
2024-08-05,NB-1173,662.0,0.0,16,555.9
2024-08-12,NB-1173,508.0,0.0,16,555.9
2024-08-19,NB-1173,309.0,0.0,16,555.9
2024-08-26,NB-1173,908.0,0.0,16,555.9
2024-09-02,NB-1173,730.0,0.0,16,555.9
2024-09-09,NB-1173,526.0,829.0,16,555.9
2024-09-16,NB-1173,351.0,0.0,16,555.9
2024-09-23,NB-1173,190.0,689.0,16,555.9
2024-09-30,NB-1173,647.0,0.0,16,555.9
2024-10-07,NB-1173,439.0,0.0,16,555.9
2024-10-14,NB-1173,268.0,0.0,16,555.9
2024-10-21,NB-1173,610.0,0.0,16,555.9
2024-10-28,NB-1173,1096.0,0.0,16,555.9
2024-11-04,NB-1173,896.0,0.0,16,555.9
2024-11-11,NB-1173,666.0,0.0,16,555.9
2024-11-18,NB-1173,928.0,0.0,16,555.9
2024-11-25,NB-1173,628.0,0.0,16,555.9
2024-12-02,NB-1173,1039.0,0.0,16,555.9
2024-12-09,NB-1173,790.0,0.0,16,555.9
2024-12-16,NB-1173,508.0,0.0,16,555.9
2024-12-23,NB-1173,1046.0,751.0,16,555.9
2024-12-30,NB-1173,799.0,0.0,16,555.9
2025-01-06,NB-1173,499.0,0.0,16,555.9
2025-01-13,NB-1173,222.0,540.0,16,555.9
2025-01-20,NB-1173,0.0,0.0,16,555.9
2025-01-27,NB-1173,0.0,0.0,16,555.9
2025-02-03,NB-1173,631.0,0.0,16,555.9
2025-02-10,NB-1173,322.0,0.0,16,555.9
2025-02-17,NB-1173,2.0,726.0,16,555.9
2025-02-24,NB-1173,476.0,602.0,16,555.9
2025-03-03,NB-1173,64.0,713.0,16,555.9
2025-03-10,NB-1173,0.0,0.0,16,555.9
2025-03-17,NB-1173,0.0,0.0,16,555.9
2025-03-24,NB-1173,623.0,0.0,16,555.9
2025-03-31,NB-1173,170.0,0.0,16,555.9
2025-04-07,NB-1173,610.0,610.0,16,555.9
2025-04-14,NB-1173,1048.0,0.0,16,555.9
2025-04-21,NB-1173,730.0,0.0,16,555.9
2025-04-28,NB-1173,444.0,590.0,16,555.9
2025-05-05,NB-1173,127.0,0.0,16,555.9
2025-05-12,NB-1173,0.0,0.0,16,555.9
2025-05-19,NB-1173,0.0,0.0,16,555.9
2025-05-26,NB-1173,716.0,0.0,16,555.9
2025-06-02,NB-1173,472.0,0.0,16,555.9
2025-06-09,NB-1173,162.0,0.0,16,555.9
2025-06-16,NB-1173,0.0,0.0,16,555.9
2025-06-23,NB-1173,498.0,628.0,16,555.9
2025-06-30,NB-1173,914.0,652.0,16,555.9
2025-07-07,NB-1173,692.0,0.0,16,555.9
2025-07-14,NB-1173,1185.0,0.0,16,555.9
2025-07-21,NB-1173,868.0,0.0,16,555.9
2025-07-28,NB-1173,648.0,0.0,16,555.9
2025-08-04,NB-1173,431.0,0.0,16,555.9
2025-08-11,NB-1173,186.0,0.0,16,555.9
2025-08-18,NB-1173,704.0,0.0,16,555.9
2025-08-25,NB-1173,519.0,0.0,16,555.9
2025-09-01,NB-1173,196.0,595.0,16,555.9
2025-09-08,NB-1173,0.0,0.0,16,555.9
2025-09-15,NB-1173,458.0,0.0,16,555.9
2025-09-22,NB-1173,934.0,0.0,16,555.9
2025-09-29,NB-1173,715.0,0.0,16,555.9
2025-10-06,NB-1173,437.0,0.0,16,555.9
2025-10-13,NB-1173,95.0,708.0,16,555.9
2025-10-20,NB-1173,0.0,0.0,16,555.9
2025-10-27,NB-1173,0.0,0.0,16,555.9
2025-11-03,NB-1173,0.0,704.0,16,555.9
2025-11-10,NB-1173,699.0,0.0,16,555.9
2025-11-17,NB-1173,361.0,0.0,16,555.9
2025-11-24,NB-1173,7.0,608.0,16,555.9
2025-12-01,NB-1173,710.0,0.0,16,555.9
2025-12-08,NB-1173,481.0,0.0,16,555.9
2025-12-15,NB-1173,171.0,0.0,16,555.9
2025-12-22,NB-1173,0.0,0.0,16,555.9
2025-12-29,NB-1173,563.0,0.0,16,555.9
2024-01-01,NB-1174,80.0,0.0,17,320.7
2024-01-08,NB-1174,14.0,0.0,17,320.7
2024-01-15,NB-1174,390.0,0.0,17,320.7
2024-01-22,NB-1174,330.0,0.0,17,320.7
2024-01-29,NB-1174,560.0,0.0,17,320.7
2024-02-05,NB-1174,489.0,0.0,17,320.7
2024-02-12,NB-1174,402.0,0.0,17,320.7
2024-02-19,NB-1174,306.0,0.0,17,320.7
2024-02-26,NB-1174,221.0,316.0,17,320.7
2024-03-04,NB-1174,440.0,324.0,17,320.7
2024-03-11,NB-1174,352.0,0.0,17,320.7
2024-03-18,NB-1174,223.0,0.0,17,320.7
2024-03-25,NB-1174,451.0,0.0,17,320.7
2024-04-01,NB-1174,675.0,0.0,17,320.7
2024-04-08,NB-1174,575.0,0.0,17,320.7
2024-04-15,NB-1174,453.0,0.0,17,320.7
2024-04-22,NB-1174,305.0,488.0,17,320.7
2024-04-29,NB-1174,179.0,0.0,17,320.7
2024-05-06,NB-1174,43.0,0.0,17,320.7
2024-05-13,NB-1174,0.0,0.0,17,320.7
2024-05-20,NB-1174,0.0,0.0,17,320.7
2024-05-27,NB-1174,0.0,0.0,17,320.7
2024-06-03,NB-1174,0.0,0.0,17,320.7
2024-06-10,NB-1174,356.0,0.0,17,320.7
2024-06-17,NB-1174,188.0,0.0,17,320.7
2024-06-24,NB-1174,51.0,0.0,17,320.7
2024-07-01,NB-1174,267.0,0.0,17,320.7
2024-07-08,NB-1174,150.0,0.0,17,320.7
2024-07-15,NB-1174,36.0,0.0,17,320.7
2024-07-22,NB-1174,0.0,0.0,17,320.7
2024-07-29,NB-1174,0.0,0.0,17,320.7
2024-08-05,NB-1174,0.0,379.0,17,320.7
2024-08-12,NB-1174,0.0,0.0,17,320.7
2024-08-19,NB-1174,0.0,364.0,17,320.7
2024-08-26,NB-1174,401.0,401.0,17,320.7
2024-09-02,NB-1174,305.0,0.0,17,320.7
2024-09-09,NB-1174,231.0,0.0,17,320.7
2024-09-16,NB-1174,442.0,0.0,17,320.7
2024-09-23,NB-1174,366.0,0.0,17,320.7
2024-09-30,NB-1174,285.0,0.0,17,320.7
2024-10-07,NB-1174,193.0,0.0,17,320.7
2024-10-14,NB-1174,128.0,0.0,17,320.7
2024-10-21,NB-1174,495.0,0.0,17,320.7
2024-10-28,NB-1174,424.0,0.0,17,320.7
2024-11-04,NB-1174,366.0,0.0,17,320.7
2024-11-11,NB-1174,290.0,0.0,17,320.7
2024-11-18,NB-1174,231.0,0.0,17,320.7
2024-11-25,NB-1174,180.0,0.0,17,320.7
2024-12-02,NB-1174,478.0,0.0,17,320.7
2024-12-09,NB-1174,407.0,0.0,17,320.7
2024-12-16,NB-1174,334.0,0.0,17,320.7
2024-12-23,NB-1174,730.0,0.0,17,320.7
2024-12-30,NB-1174,668.0,0.0,17,320.7
2025-01-06,NB-1174,591.0,0.0,17,320.7
2025-01-13,NB-1174,524.0,0.0,17,320.7
2025-01-20,NB-1174,447.0,0.0,17,320.7
2025-01-27,NB-1174,373.0,0.0,17,320.7
2025-02-03,NB-1174,281.0,315.0,17,320.7
2025-02-10,NB-1174,540.0,324.0,17,320.7
2025-02-17,NB-1174,449.0,0.0,17,320.7
2025-02-24,NB-1174,363.0,0.0,17,320.7
2025-03-03,NB-1174,655.0,429.0,17,320.7
2025-03-10,NB-1174,569.0,0.0,17,320.7
2025-03-17,NB-1174,477.0,0.0,17,320.7
2025-03-24,NB-1174,354.0,0.0,17,320.7
2025-03-31,NB-1174,705.0,0.0,17,320.7
2025-04-07,NB-1174,599.0,0.0,17,320.7
2025-04-14,NB-1174,496.0,0.0,17,320.7
2025-04-21,NB-1174,369.0,0.0,17,320.7
2025-04-28,NB-1174,202.0,0.0,17,320.7
2025-05-05,NB-1174,450.0,0.0,17,320.7
2025-05-12,NB-1174,281.0,0.0,17,320.7
2025-05-19,NB-1174,100.0,0.0,17,320.7
2025-05-26,NB-1174,0.0,0.0,17,320.7
2025-06-02,NB-1174,357.0,0.0,17,320.7
2025-06-09,NB-1174,717.0,0.0,17,320.7
2025-06-16,NB-1174,568.0,0.0,17,320.7
2025-06-23,NB-1174,447.0,0.0,17,320.7
2025-06-30,NB-1174,349.0,0.0,17,320.7
2025-07-07,NB-1174,664.0,0.0,17,320.7
2025-07-14,NB-1174,548.0,0.0,17,320.7
2025-07-21,NB-1174,382.0,0.0,17,320.7
2025-07-28,NB-1174,284.0,0.0,17,320.7
2025-08-04,NB-1174,172.0,0.0,17,320.7
2025-08-11,NB-1174,426.0,0.0,17,320.7
2025-08-18,NB-1174,339.0,0.0,17,320.7
2025-08-25,NB-1174,230.0,0.0,17,320.7
2025-09-01,NB-1174,121.0,309.0,17,320.7
2025-09-08,NB-1174,0.0,0.0,17,320.7
2025-09-15,NB-1174,387.0,0.0,17,320.7
2025-09-22,NB-1174,320.0,0.0,17,320.7
2025-09-29,NB-1174,553.0,0.0,17,320.7
2025-10-06,NB-1174,486.0,0.0,17,320.7
2025-10-13,NB-1174,394.0,0.0,17,320.7
2025-10-20,NB-1174,773.0,0.0,17,320.7
2025-10-27,NB-1174,707.0,0.0,17,320.7
2025-11-03,NB-1174,639.0,0.0,17,320.7
2025-11-10,NB-1174,558.0,0.0,17,320.7
2025-11-17,NB-1174,469.0,0.0,17,320.7
2025-11-24,NB-1174,364.0,0.0,17,320.7
2025-12-01,NB-1174,323.0,0.0,17,320.7
2025-12-08,NB-1174,667.0,411.0,17,320.7
2025-12-15,NB-1174,624.0,0.0,17,320.7
2025-12-22,NB-1174,541.0,0.0,17,320.7
2025-12-29,NB-1174,478.0,0.0,17,320.7
2024-01-01,NB-1175,347.0,0.0,7,68.9
2024-01-08,NB-1175,314.0,0.0,7,68.9
2024-01-15,NB-1175,279.0,0.0,7,68.9
2024-01-22,NB-1175,238.0,0.0,7,68.9
2024-01-29,NB-1175,194.0,0.0,7,68.9
2024-02-05,NB-1175,162.0,0.0,7,68.9
2024-02-12,NB-1175,118.0,0.0,7,68.9
2024-02-19,NB-1175,76.0,0.0,7,68.9
2024-02-26,NB-1175,36.0,0.0,7,68.9
2024-03-04,NB-1175,56.0,0.0,7,68.9
2024-03-11,NB-1175,77.0,77.0,7,68.9
2024-03-18,NB-1175,0.0,66.0,7,68.9
2024-03-25,NB-1175,0.0,0.0,7,68.9
2024-04-01,NB-1175,66.0,0.0,7,68.9
2024-04-08,NB-1175,110.0,0.0,7,68.9
2024-04-15,NB-1175,41.0,0.0,7,68.9
2024-04-22,NB-1175,0.0,0.0,7,68.9
2024-04-29,NB-1175,0.0,0.0,7,68.9
2024-05-06,NB-1175,15.0,0.0,7,68.9
2024-05-13,NB-1175,0.0,0.0,7,68.9
2024-05-20,NB-1175,0.0,0.0,7,68.9
2024-05-27,NB-1175,50.0,0.0,7,68.9
2024-06-03,NB-1175,71.0,71.0,7,68.9
2024-06-10,NB-1175,75.0,0.0,7,68.9
2024-06-17,NB-1175,75.0,0.0,7,68.9
2024-06-24,NB-1175,152.0,0.0,7,68.9
2024-07-01,NB-1175,75.0,0.0,7,68.9
2024-07-08,NB-1175,61.0,0.0,7,68.9
2024-07-15,NB-1175,87.0,87.0,7,68.9
2024-07-22,NB-1175,17.0,0.0,7,68.9
2024-07-29,NB-1175,0.0,0.0,7,68.9
2024-08-05,NB-1175,0.0,0.0,7,68.9
2024-08-12,NB-1175,64.0,0.0,7,68.9
2024-08-19,NB-1175,8.0,0.0,7,68.9
2024-08-26,NB-1175,118.0,0.0,7,68.9
2024-09-02,NB-1175,165.0,106.0,7,68.9
2024-09-09,NB-1175,106.0,0.0,7,68.9
2024-09-16,NB-1175,60.0,0.0,7,68.9
2024-09-23,NB-1175,28.0,99.0,7,68.9
2024-09-30,NB-1175,0.0,90.0,7,68.9
2024-10-07,NB-1175,68.0,0.0,7,68.9
2024-10-14,NB-1175,13.0,0.0,7,68.9
2024-10-21,NB-1175,81.0,0.0,7,68.9
2024-10-28,NB-1175,40.0,0.0,7,68.9
2024-11-04,NB-1175,1.0,106.0,7,68.9
2024-11-11,NB-1175,0.0,0.0,7,68.9
2024-11-18,NB-1175,0.0,0.0,7,68.9
2024-11-25,NB-1175,86.0,0.0,7,68.9
2024-12-02,NB-1175,43.0,0.0,7,68.9
2024-12-09,NB-1175,92.0,0.0,7,68.9
2024-12-16,NB-1175,60.0,88.0,7,68.9
2024-12-23,NB-1175,20.0,0.0,7,68.9
2024-12-30,NB-1175,63.0,0.0,7,68.9
2025-01-06,NB-1175,19.0,0.0,7,68.9
2025-01-13,NB-1175,0.0,0.0,7,68.9
2025-01-20,NB-1175,76.0,0.0,7,68.9
2025-01-27,NB-1175,16.0,97.0,7,68.9
2025-02-03,NB-1175,0.0,0.0,7,68.9
2025-02-10,NB-1175,0.0,0.0,7,68.9
2025-02-17,NB-1175,0.0,79.0,7,68.9
2025-02-24,NB-1175,0.0,73.0,7,68.9
2025-03-03,NB-1175,0.0,0.0,7,68.9
2025-03-10,NB-1175,0.0,0.0,7,68.9
2025-03-17,NB-1175,126.0,0.0,7,68.9
2025-03-24,NB-1175,54.0,0.0,7,68.9
2025-03-31,NB-1175,0.0,0.0,7,68.9
2025-04-07,NB-1175,30.0,70.0,7,68.9
2025-04-14,NB-1175,0.0,0.0,7,68.9
2025-04-21,NB-1175,0.0,0.0,7,68.9
2025-04-28,NB-1175,48.0,0.0,7,68.9
2025-05-05,NB-1175,0.0,87.0,7,68.9
2025-05-12,NB-1175,0.0,0.0,7,68.9
2025-05-19,NB-1175,0.0,0.0,7,68.9
2025-05-26,NB-1175,0.0,0.0,7,68.9
2025-06-02,NB-1175,90.0,90.0,7,68.9
2025-06-09,NB-1175,7.0,0.0,7,68.9
2025-06-16,NB-1175,0.0,0.0,7,68.9
2025-06-23,NB-1175,0.0,0.0,7,68.9
2025-06-30,NB-1175,0.0,72.0,7,68.9
2025-07-07,NB-1175,0.0,0.0,7,68.9
2025-07-14,NB-1175,0.0,0.0,7,68.9
2025-07-21,NB-1175,88.0,0.0,7,68.9
2025-07-28,NB-1175,0.0,0.0,7,68.9
2025-08-04,NB-1175,9.0,0.0,7,68.9
2025-08-11,NB-1175,56.0,0.0,7,68.9
2025-08-18,NB-1175,0.0,0.0,7,68.9
2025-08-25,NB-1175,0.0,0.0,7,68.9
2025-09-01,NB-1175,0.0,92.0,7,68.9
2025-09-08,NB-1175,19.0,80.0,7,68.9
2025-09-15,NB-1175,0.0,0.0,7,68.9
2025-09-22,NB-1175,26.0,73.0,7,68.9
2025-09-29,NB-1175,40.0,0.0,7,68.9
2025-10-06,NB-1175,0.0,77.0,7,68.9
2025-10-13,NB-1175,0.0,0.0,7,68.9
2025-10-20,NB-1175,0.0,92.0,7,68.9
2025-10-27,NB-1175,0.0,0.0,7,68.9
2025-11-03,NB-1175,0.0,0.0,7,68.9
2025-11-10,NB-1175,0.0,0.0,7,68.9
2025-11-17,NB-1175,0.0,0.0,7,68.9
2025-11-24,NB-1175,51.0,0.0,7,68.9
2025-12-01,NB-1175,1.0,0.0,7,68.9
2025-12-08,NB-1175,83.0,0.0,7,68.9
2025-12-15,NB-1175,50.0,81.0,7,68.9
2025-12-22,NB-1175,14.0,77.0,7,68.9
2025-12-29,NB-1175,0.0,0.0,7,68.9
2024-01-01,NB-1176,93.0,0.0,13,170.0
2024-01-08,NB-1176,187.0,0.0,13,170.0
2024-01-15,NB-1176,94.0,0.0,13,170.0
2024-01-22,NB-1176,203.0,0.0,13,170.0
2024-01-29,NB-1176,115.0,0.0,13,170.0
2024-02-05,NB-1176,30.0,0.0,13,170.0
2024-02-12,NB-1176,0.0,248.0,13,170.0
2024-02-19,NB-1176,0.0,0.0,13,170.0
2024-02-26,NB-1176,0.0,176.0,13,170.0
2024-03-04,NB-1176,0.0,0.0,13,170.0
2024-03-11,NB-1176,0.0,0.0,13,170.0
2024-03-18,NB-1176,0.0,0.0,13,170.0
2024-03-25,NB-1176,0.0,0.0,13,170.0
2024-04-01,NB-1176,0.0,0.0,13,170.0
2024-04-08,NB-1176,0.0,0.0,13,170.0
2024-04-15,NB-1176,0.0,172.0,13,170.0
2024-04-22,NB-1176,0.0,0.0,13,170.0
2024-04-29,NB-1176,0.0,225.0,13,170.0
2024-05-06,NB-1176,141.0,0.0,13,170.0
2024-05-13,NB-1176,73.0,0.0,13,170.0
2024-05-20,NB-1176,17.0,232.0,13,170.0
2024-05-27,NB-1176,0.0,0.0,13,170.0
2024-06-03,NB-1176,241.0,0.0,13,170.0
2024-06-10,NB-1176,176.0,0.0,13,170.0
2024-06-17,NB-1176,71.0,0.0,13,170.0
2024-06-24,NB-1176,249.0,0.0,13,170.0
2024-07-01,NB-1176,188.0,0.0,13,170.0
2024-07-08,NB-1176,137.0,188.0,13,170.0
2024-07-15,NB-1176,270.0,191.0,13,170.0
2024-07-22,NB-1176,201.0,0.0,13,170.0
2024-07-29,NB-1176,148.0,0.0,13,170.0
2024-08-05,NB-1176,78.0,0.0,13,170.0
2024-08-12,NB-1176,213.0,190.0,13,170.0
2024-08-19,NB-1176,147.0,0.0,13,170.0
2024-08-26,NB-1176,73.0,0.0,13,170.0
2024-09-02,NB-1176,6.0,0.0,13,170.0
2024-09-09,NB-1176,0.0,240.0,13,170.0
2024-09-16,NB-1176,0.0,0.0,13,170.0
2024-09-23,NB-1176,0.0,0.0,13,170.0
2024-09-30,NB-1176,0.0,0.0,13,170.0
2024-10-07,NB-1176,197.0,0.0,13,170.0
2024-10-14,NB-1176,104.0,0.0,13,170.0
2024-10-21,NB-1176,17.0,0.0,13,170.0
2024-10-28,NB-1176,0.0,0.0,13,170.0
2024-11-04,NB-1176,0.0,217.0,13,170.0
2024-11-11,NB-1176,0.0,201.0,13,170.0
2024-11-18,NB-1176,231.0,0.0,13,170.0
2024-11-25,NB-1176,113.0,178.0,13,170.0
2024-12-02,NB-1176,235.0,0.0,13,170.0
2024-12-09,NB-1176,128.0,0.0,13,170.0
2024-12-16,NB-1176,28.0,185.0,13,170.0
2024-12-23,NB-1176,0.0,0.0,13,170.0
2024-12-30,NB-1176,0.0,0.0,13,170.0
2025-01-06,NB-1176,238.0,238.0,13,170.0
2025-01-13,NB-1176,136.0,0.0,13,170.0
2025-01-20,NB-1176,0.0,0.0,13,170.0
2025-01-27,NB-1176,0.0,0.0,13,170.0
2025-02-03,NB-1176,0.0,0.0,13,170.0
2025-02-10,NB-1176,224.0,224.0,13,170.0
2025-02-17,NB-1176,118.0,259.0,13,170.0
2025-02-24,NB-1176,0.0,242.0,13,170.0
2025-03-03,NB-1176,0.0,176.0,13,170.0
2025-03-10,NB-1176,142.0,220.0,13,170.0
2025-03-17,NB-1176,12.0,0.0,13,170.0
2025-03-24,NB-1176,0.0,0.0,13,170.0
2025-03-31,NB-1176,99.0,0.0,13,170.0
2025-04-07,NB-1176,0.0,0.0,13,170.0
2025-04-14,NB-1176,233.0,233.0,13,170.0
2025-04-21,NB-1176,124.0,0.0,13,170.0
2025-04-28,NB-1176,33.0,0.0,13,170.0
2025-05-05,NB-1176,124.0,0.0,13,170.0
2025-05-12,NB-1176,0.0,0.0,13,170.0
2025-05-19,NB-1176,0.0,0.0,13,170.0
2025-05-26,NB-1176,0.0,0.0,13,170.0
2025-06-02,NB-1176,0.0,200.0,13,170.0
2025-06-09,NB-1176,118.0,257.0,13,170.0
2025-06-16,NB-1176,227.0,184.0,13,170.0
2025-06-23,NB-1176,348.0,215.0,13,170.0
2025-06-30,NB-1176,282.0,0.0,13,170.0
2025-07-07,NB-1176,206.0,0.0,13,170.0
2025-07-14,NB-1176,129.0,0.0,13,170.0
2025-07-21,NB-1176,188.0,0.0,13,170.0
2025-07-28,NB-1176,82.0,0.0,13,170.0
2025-08-04,NB-1176,0.0,242.0,13,170.0
2025-08-11,NB-1176,351.0,0.0,13,170.0
2025-08-18,NB-1176,260.0,0.0,13,170.0
2025-08-25,NB-1176,158.0,175.0,13,170.0
2025-09-01,NB-1176,293.0,0.0,13,170.0
2025-09-08,NB-1176,150.0,247.0,13,170.0
2025-09-15,NB-1176,268.0,0.0,13,170.0
2025-09-22,NB-1176,181.0,0.0,13,170.0
2025-09-29,NB-1176,90.0,0.0,13,170.0
2025-10-06,NB-1176,0.0,257.0,13,170.0
2025-10-13,NB-1176,0.0,211.0,13,170.0
2025-10-20,NB-1176,0.0,0.0,13,170.0
2025-10-27,NB-1176,0.0,0.0,13,170.0
2025-11-03,NB-1176,0.0,0.0,13,170.0
2025-11-10,NB-1176,0.0,195.0,13,170.0
2025-11-17,NB-1176,0.0,0.0,13,170.0
2025-11-24,NB-1176,0.0,0.0,13,170.0
2025-12-01,NB-1176,0.0,0.0,13,170.0
2025-12-08,NB-1176,139.0,0.0,13,170.0
2025-12-15,NB-1176,222.0,0.0,13,170.0
2025-12-22,NB-1176,78.0,0.0,13,170.0
2025-12-29,NB-1176,0.0,0.0,13,170.0
2024-01-01,NB-1177,161.0,287.0,15,190.4
2024-01-08,NB-1177,90.0,0.0,15,190.4
2024-01-15,NB-1177,291.0,0.0,15,190.4
2024-01-22,NB-1177,232.0,0.0,15,190.4
2024-01-29,NB-1177,163.0,0.0,15,190.4
2024-02-05,NB-1177,111.0,0.0,15,190.4
2024-02-12,NB-1177,345.0,0.0,15,190.4
2024-02-19,NB-1177,299.0,0.0,15,190.4
2024-02-26,NB-1177,251.0,0.0,15,190.4
2024-03-04,NB-1177,213.0,0.0,15,190.4
2024-03-11,NB-1177,151.0,0.0,15,190.4
2024-03-18,NB-1177,106.0,227.0,15,190.4
2024-03-25,NB-1177,65.0,0.0,15,190.4
2024-04-01,NB-1177,213.0,0.0,15,190.4
2024-04-08,NB-1177,166.0,0.0,15,190.4
2024-04-15,NB-1177,376.0,0.0,15,190.4
2024-04-22,NB-1177,304.0,0.0,15,190.4
2024-04-29,NB-1177,236.0,0.0,15,190.4
2024-05-06,NB-1177,191.0,0.0,15,190.4
2024-05-13,NB-1177,137.0,0.0,15,190.4
2024-05-20,NB-1177,96.0,0.0,15,190.4
2024-05-27,NB-1177,57.0,0.0,15,190.4
2024-06-03,NB-1177,7.0,0.0,15,190.4
2024-06-10,NB-1177,0.0,0.0,15,190.4
2024-06-17,NB-1177,232.0,232.0,15,190.4
2024-06-24,NB-1177,138.0,285.0,15,190.4
2024-07-01,NB-1177,255.0,0.0,15,190.4
2024-07-08,NB-1177,161.0,0.0,15,190.4
2024-07-15,NB-1177,360.0,0.0,15,190.4
2024-07-22,NB-1177,302.0,0.0,15,190.4
2024-07-29,NB-1177,217.0,0.0,15,190.4
2024-08-05,NB-1177,138.0,251.0,15,190.4
2024-08-12,NB-1177,54.0,0.0,15,190.4
2024-08-19,NB-1177,0.0,0.0,15,190.4
2024-08-26,NB-1177,411.0,236.0,15,190.4
2024-09-02,NB-1177,337.0,0.0,15,190.4
2024-09-09,NB-1177,221.0,0.0,15,190.4
2024-09-16,NB-1177,399.0,0.0,15,190.4
2024-09-23,NB-1177,303.0,0.0,15,190.4
2024-09-30,NB-1177,227.0,0.0,15,190.4
2024-10-07,NB-1177,153.0,0.0,15,190.4
2024-10-14,NB-1177,60.0,0.0,15,190.4
2024-10-21,NB-1177,0.0,180.0,15,190.4
2024-10-28,NB-1177,236.0,0.0,15,190.4
2024-11-04,NB-1177,153.0,0.0,15,190.4
2024-11-11,NB-1177,76.0,0.0,15,190.4
2024-11-18,NB-1177,3.0,235.0,15,190.4
2024-11-25,NB-1177,151.0,0.0,15,190.4
2024-12-02,NB-1177,78.0,0.0,15,190.4
2024-12-09,NB-1177,3.0,197.0,15,190.4
2024-12-16,NB-1177,0.0,0.0,15,190.4
2024-12-23,NB-1177,0.0,210.0,15,190.4
2024-12-30,NB-1177,219.0,0.0,15,190.4
2025-01-06,NB-1177,159.0,0.0,15,190.4
2025-01-13,NB-1177,110.0,0.0,15,190.4
2025-01-20,NB-1177,38.0,0.0,15,190.4
2025-01-27,NB-1177,0.0,0.0,15,190.4
2025-02-03,NB-1177,0.0,0.0,15,190.4
2025-02-10,NB-1177,0.0,0.0,15,190.4
2025-02-17,NB-1177,0.0,0.0,15,190.4
2025-02-24,NB-1177,184.0,203.0,15,190.4
2025-03-03,NB-1177,107.0,0.0,15,190.4
2025-03-10,NB-1177,68.0,0.0,15,190.4
2025-03-17,NB-1177,233.0,0.0,15,190.4
2025-03-24,NB-1177,185.0,0.0,15,190.4
2025-03-31,NB-1177,112.0,192.0,15,190.4
2025-04-07,NB-1177,21.0,0.0,15,190.4
2025-04-14,NB-1177,255.0,0.0,15,190.4
2025-04-21,NB-1177,412.0,222.0,15,190.4
2025-04-28,NB-1177,370.0,0.0,15,190.4
2025-05-05,NB-1177,315.0,0.0,15,190.4
2025-05-12,NB-1177,235.0,0.0,15,190.4
2025-05-19,NB-1177,172.0,0.0,15,190.4
2025-05-26,NB-1177,117.0,273.0,15,190.4
2025-06-02,NB-1177,42.0,0.0,15,190.4
2025-06-09,NB-1177,0.0,0.0,15,190.4
2025-06-16,NB-1177,0.0,0.0,15,190.4
2025-06-23,NB-1177,212.0,0.0,15,190.4
2025-06-30,NB-1177,140.0,233.0,15,190.4
2025-07-07,NB-1177,73.0,0.0,15,190.4
2025-07-14,NB-1177,186.0,0.0,15,190.4
2025-07-21,NB-1177,319.0,0.0,15,190.4
2025-07-28,NB-1177,227.0,0.0,15,190.4
2025-08-04,NB-1177,133.0,0.0,15,190.4
2025-08-11,NB-1177,57.0,0.0,15,190.4
2025-08-18,NB-1177,0.0,276.0,15,190.4
2025-08-25,NB-1177,0.0,0.0,15,190.4
2025-09-01,NB-1177,0.0,0.0,15,190.4
2025-09-08,NB-1177,111.0,241.0,15,190.4
2025-09-15,NB-1177,40.0,0.0,15,190.4
2025-09-22,NB-1177,0.0,264.0,15,190.4
2025-09-29,NB-1177,0.0,0.0,15,190.4
2025-10-06,NB-1177,0.0,199.0,15,190.4
2025-10-13,NB-1177,0.0,0.0,15,190.4
2025-10-20,NB-1177,185.0,0.0,15,190.4
2025-10-27,NB-1177,95.0,0.0,15,190.4
2025-11-03,NB-1177,229.0,0.0,15,190.4
2025-11-10,NB-1177,129.0,0.0,15,190.4
2025-11-17,NB-1177,20.0,0.0,15,190.4
2025-11-24,NB-1177,229.0,0.0,15,190.4
2025-12-01,NB-1177,331.0,0.0,15,190.4
2025-12-08,NB-1177,244.0,0.0,15,190.4
2025-12-15,NB-1177,140.0,276.0,15,190.4
2025-12-22,NB-1177,302.0,0.0,15,190.4
2025-12-29,NB-1177,229.0,0.0,15,190.4
2024-01-01,NB-1178,86.0,0.0,7,353.8
2024-01-08,NB-1178,0.0,495.0,7,353.8
2024-01-15,NB-1178,0.0,0.0,7,353.8
2024-01-22,NB-1178,224.0,0.0,7,353.8
2024-01-29,NB-1178,0.0,0.0,7,353.8
2024-02-05,NB-1178,271.0,0.0,7,353.8
2024-02-12,NB-1178,8.0,0.0,7,353.8
2024-02-19,NB-1178,0.0,0.0,7,353.8
2024-02-26,NB-1178,0.0,0.0,7,353.8
2024-03-04,NB-1178,0.0,0.0,7,353.8
2024-03-11,NB-1178,282.0,0.0,7,353.8
2024-03-18,NB-1178,427.0,0.0,7,353.8
2024-03-25,NB-1178,132.0,0.0,7,353.8
2024-04-01,NB-1178,0.0,371.0,7,353.8
2024-04-08,NB-1178,0.0,504.0,7,353.8
2024-04-15,NB-1178,0.0,0.0,7,353.8
2024-04-22,NB-1178,0.0,0.0,7,353.8
2024-04-29,NB-1178,221.0,471.0,7,353.8
2024-05-06,NB-1178,318.0,0.0,7,353.8
2024-05-13,NB-1178,49.0,0.0,7,353.8
2024-05-20,NB-1178,780.0,501.0,7,353.8
2024-05-27,NB-1178,549.0,0.0,7,353.8
2024-06-03,NB-1178,302.0,0.0,7,353.8
2024-06-10,NB-1178,40.0,0.0,7,353.8
2024-06-17,NB-1178,0.0,0.0,7,353.8
2024-06-24,NB-1178,0.0,0.0,7,353.8
2024-07-01,NB-1178,0.0,529.0,7,353.8
2024-07-08,NB-1178,0.0,0.0,7,353.8
2024-07-15,NB-1178,0.0,0.0,7,353.8
2024-07-22,NB-1178,302.0,0.0,7,353.8
2024-07-29,NB-1178,39.0,0.0,7,353.8
2024-08-05,NB-1178,432.0,0.0,7,353.8
2024-08-12,NB-1178,242.0,418.0,7,353.8
2024-08-19,NB-1178,331.0,0.0,7,353.8
2024-08-26,NB-1178,0.0,0.0,7,353.8
2024-09-02,NB-1178,0.0,0.0,7,353.8
2024-09-09,NB-1178,0.0,0.0,7,353.8
2024-09-16,NB-1178,0.0,0.0,7,353.8
2024-09-23,NB-1178,0.0,372.0,7,353.8
2024-09-30,NB-1178,0.0,0.0,7,353.8
2024-10-07,NB-1178,333.0,0.0,7,353.8
2024-10-14,NB-1178,506.0,0.0,7,353.8
2024-10-21,NB-1178,622.0,0.0,7,353.8
2024-10-28,NB-1178,262.0,0.0,7,353.8
2024-11-04,NB-1178,30.0,0.0,7,353.8
2024-11-11,NB-1178,0.0,0.0,7,353.8
2024-11-18,NB-1178,0.0,0.0,7,353.8
2024-11-25,NB-1178,0.0,0.0,7,353.8
2024-12-02,NB-1178,0.0,0.0,7,353.8
2024-12-09,NB-1178,0.0,0.0,7,353.8
2024-12-16,NB-1178,0.0,0.0,7,353.8
2024-12-23,NB-1178,0.0,401.0,7,353.8
2024-12-30,NB-1178,0.0,0.0,7,353.8
2025-01-06,NB-1178,0.0,430.0,7,353.8
2025-01-13,NB-1178,0.0,469.0,7,353.8
2025-01-20,NB-1178,549.0,0.0,7,353.8
2025-01-27,NB-1178,244.0,0.0,7,353.8
2025-02-03,NB-1178,0.0,535.0,7,353.8
2025-02-10,NB-1178,100.0,0.0,7,353.8
2025-02-17,NB-1178,251.0,0.0,7,353.8
2025-02-24,NB-1178,0.0,448.0,7,353.8
2025-03-03,NB-1178,0.0,463.0,7,353.8
2025-03-10,NB-1178,0.0,0.0,7,353.8
2025-03-17,NB-1178,0.0,492.0,7,353.8
2025-03-24,NB-1178,323.0,0.0,7,353.8
2025-03-31,NB-1178,0.0,0.0,7,353.8
2025-04-07,NB-1178,357.0,0.0,7,353.8
2025-04-14,NB-1178,83.0,0.0,7,353.8
2025-04-21,NB-1178,0.0,0.0,7,353.8
2025-04-28,NB-1178,0.0,0.0,7,353.8
2025-05-05,NB-1178,0.0,0.0,7,353.8
2025-05-12,NB-1178,177.0,0.0,7,353.8
2025-05-19,NB-1178,0.0,0.0,7,353.8
2025-05-26,NB-1178,0.0,0.0,7,353.8
2025-06-02,NB-1178,0.0,473.0,7,353.8
2025-06-09,NB-1178,0.0,0.0,7,353.8
2025-06-16,NB-1178,0.0,0.0,7,353.8
2025-06-23,NB-1178,0.0,0.0,7,353.8
2025-06-30,NB-1178,0.0,0.0,7,353.8
2025-07-07,NB-1178,0.0,0.0,7,353.8
2025-07-14,NB-1178,262.0,522.0,7,353.8
2025-07-21,NB-1178,0.0,0.0,7,353.8
2025-07-28,NB-1178,471.0,0.0,7,353.8
2025-08-04,NB-1178,229.0,506.0,7,353.8
2025-08-11,NB-1178,0.0,417.0,7,353.8
2025-08-18,NB-1178,0.0,0.0,7,353.8
2025-08-25,NB-1178,0.0,0.0,7,353.8
2025-09-01,NB-1178,0.0,538.0,7,353.8
2025-09-08,NB-1178,0.0,0.0,7,353.8
2025-09-15,NB-1178,0.0,0.0,7,353.8
2025-09-22,NB-1178,312.0,0.0,7,353.8
2025-09-29,NB-1178,0.0,0.0,7,353.8
2025-10-06,NB-1178,437.0,437.0,7,353.8
2025-10-13,NB-1178,447.0,0.0,7,353.8
2025-10-20,NB-1178,392.0,392.0,7,353.8
2025-10-27,NB-1178,460.0,0.0,7,353.8
2025-11-03,NB-1178,700.0,0.0,7,353.8
2025-11-10,NB-1178,332.0,490.0,7,353.8
2025-11-17,NB-1178,0.0,0.0,7,353.8
2025-11-24,NB-1178,0.0,0.0,7,353.8
2025-12-01,NB-1178,390.0,390.0,7,353.8
2025-12-08,NB-1178,337.0,407.0,7,353.8
2025-12-15,NB-1178,40.0,0.0,7,353.8
2025-12-22,NB-1178,0.0,0.0,7,353.8
2025-12-29,NB-1178,408.0,0.0,7,353.8
2024-01-01,NB-1179,179.0,0.0,9,215.0
2024-01-08,NB-1179,95.0,0.0,9,215.0
2024-01-15,NB-1179,2.0,208.0,9,215.0
2024-01-22,NB-1179,265.0,0.0,9,215.0
2024-01-29,NB-1179,150.0,0.0,9,215.0
2024-02-05,NB-1179,43.0,0.0,9,215.0
2024-02-12,NB-1179,150.0,0.0,9,215.0
2024-02-19,NB-1179,51.0,0.0,9,215.0
2024-02-26,NB-1179,253.0,0.0,9,215.0
2024-03-04,NB-1179,351.0,0.0,9,215.0
2024-03-11,NB-1179,245.0,0.0,9,215.0
2024-03-18,NB-1179,386.0,0.0,9,215.0
2024-03-25,NB-1179,276.0,0.0,9,215.0
2024-04-01,NB-1179,130.0,0.0,9,215.0
2024-04-08,NB-1179,300.0,0.0,9,215.0
2024-04-15,NB-1179,156.0,256.0,9,215.0
2024-04-22,NB-1179,296.0,0.0,9,215.0
2024-04-29,NB-1179,415.0,0.0,9,215.0
2024-05-06,NB-1179,295.0,0.0,9,215.0
2024-05-13,NB-1179,116.0,0.0,9,215.0
2024-05-20,NB-1179,0.0,0.0,9,215.0
2024-05-27,NB-1179,0.0,0.0,9,215.0
2024-06-03,NB-1179,0.0,301.0,9,215.0
2024-06-10,NB-1179,0.0,0.0,9,215.0
2024-06-17,NB-1179,0.0,0.0,9,215.0
2024-06-24,NB-1179,0.0,0.0,9,215.0
2024-07-01,NB-1179,266.0,0.0,9,215.0
2024-07-08,NB-1179,428.0,0.0,9,215.0
2024-07-15,NB-1179,264.0,0.0,9,215.0
2024-07-22,NB-1179,99.0,0.0,9,215.0
2024-07-29,NB-1179,190.0,206.0,9,215.0
2024-08-05,NB-1179,89.0,209.0,9,215.0
2024-08-12,NB-1179,234.0,0.0,9,215.0
2024-08-19,NB-1179,108.0,244.0,9,215.0
2024-08-26,NB-1179,0.0,304.0,9,215.0
2024-09-02,NB-1179,0.0,216.0,9,215.0
2024-09-09,NB-1179,193.0,282.0,9,215.0
2024-09-16,NB-1179,71.0,0.0,9,215.0
2024-09-23,NB-1179,269.0,0.0,9,215.0
2024-09-30,NB-1179,159.0,0.0,9,215.0
2024-10-07,NB-1179,290.0,0.0,9,215.0
2024-10-14,NB-1179,195.0,0.0,9,215.0
2024-10-21,NB-1179,406.0,317.0,9,215.0
2024-10-28,NB-1179,309.0,0.0,9,215.0
2024-11-04,NB-1179,244.0,0.0,9,215.0
2024-11-11,NB-1179,152.0,0.0,9,215.0
2024-11-18,NB-1179,304.0,0.0,9,215.0
2024-11-25,NB-1179,224.0,0.0,9,215.0
2024-12-02,NB-1179,166.0,0.0,9,215.0
2024-12-09,NB-1179,87.0,0.0,9,215.0
2024-12-16,NB-1179,1.0,320.0,9,215.0
2024-12-23,NB-1179,0.0,327.0,9,215.0
2024-12-30,NB-1179,204.0,317.0,9,215.0
2025-01-06,NB-1179,330.0,0.0,9,215.0
2025-01-13,NB-1179,254.0,0.0,9,215.0
2025-01-20,NB-1179,159.0,0.0,9,215.0
2025-01-27,NB-1179,67.0,0.0,9,215.0
2025-02-03,NB-1179,0.0,0.0,9,215.0
2025-02-10,NB-1179,427.0,241.0,9,215.0
2025-02-17,NB-1179,360.0,0.0,9,215.0
2025-02-24,NB-1179,246.0,0.0,9,215.0
2025-03-03,NB-1179,40.0,0.0,9,215.0
2025-03-10,NB-1179,0.0,0.0,9,215.0
2025-03-17,NB-1179,0.0,0.0,9,215.0
2025-03-24,NB-1179,0.0,0.0,9,215.0
2025-03-31,NB-1179,99.0,202.0,9,215.0
2025-04-07,NB-1179,0.0,0.0,9,215.0
2025-04-14,NB-1179,228.0,0.0,9,215.0
2025-04-21,NB-1179,75.0,0.0,9,215.0
2025-04-28,NB-1179,329.0,329.0,9,215.0
2025-05-05,NB-1179,155.0,0.0,9,215.0
2025-05-12,NB-1179,0.0,0.0,9,215.0
2025-05-19,NB-1179,39.0,0.0,9,215.0
2025-05-26,NB-1179,0.0,244.0,9,215.0
2025-06-02,NB-1179,164.0,0.0,9,215.0
2025-06-09,NB-1179,59.0,0.0,9,215.0
2025-06-16,NB-1179,0.0,290.0,9,215.0
2025-06-23,NB-1179,201.0,0.0,9,215.0
2025-06-30,NB-1179,74.0,0.0,9,215.0
2025-07-07,NB-1179,421.0,276.0,9,215.0
2025-07-14,NB-1179,329.0,0.0,9,215.0
2025-07-21,NB-1179,159.0,0.0,9,215.0
2025-07-28,NB-1179,43.0,0.0,9,215.0
2025-08-04,NB-1179,0.0,213.0,9,215.0
2025-08-11,NB-1179,413.0,0.0,9,215.0
2025-08-18,NB-1179,304.0,0.0,9,215.0
2025-08-25,NB-1179,222.0,0.0,9,215.0
2025-09-01,NB-1179,92.0,0.0,9,215.0
2025-09-08,NB-1179,169.0,0.0,9,215.0
2025-09-15,NB-1179,280.0,0.0,9,215.0
2025-09-22,NB-1179,187.0,275.0,9,215.0
2025-09-29,NB-1179,376.0,275.0,9,215.0
2025-10-06,NB-1179,286.0,0.0,9,215.0
2025-10-13,NB-1179,187.0,261.0,9,215.0
2025-10-20,NB-1179,42.0,0.0,9,215.0
2025-10-27,NB-1179,0.0,0.0,9,215.0
2025-11-03,NB-1179,0.0,0.0,9,215.0
2025-11-10,NB-1179,0.0,0.0,9,215.0
2025-11-17,NB-1179,217.0,0.0,9,215.0
2025-11-24,NB-1179,428.0,0.0,9,215.0
2025-12-01,NB-1179,344.0,0.0,9,215.0
2025-12-08,NB-1179,283.0,0.0,9,215.0
2025-12-15,NB-1179,214.0,0.0,9,215.0
2025-12-22,NB-1179,465.0,0.0,9,215.0
2025-12-29,NB-1179,396.0,0.0,9,215.0
2024-01-01,NB-1180,138.0,0.0,11,30.7
2024-01-08,NB-1180,119.0,0.0,11,30.7
2024-01-15,NB-1180,105.0,0.0,11,30.7
2024-01-22,NB-1180,93.0,0.0,11,30.7
2024-01-29,NB-1180,79.0,0.0,11,30.7
2024-02-05,NB-1180,66.0,0.0,11,30.7
2024-02-12,NB-1180,48.0,0.0,11,30.7
2024-02-19,NB-1180,31.0,44.0,11,30.7
2024-02-26,NB-1180,17.0,0.0,11,30.7
2024-03-04,NB-1180,6.0,36.0,11,30.7
2024-03-11,NB-1180,40.0,0.0,11,30.7
2024-03-18,NB-1180,33.0,0.0,11,30.7
2024-03-25,NB-1180,27.0,0.0,11,30.7
2024-04-01,NB-1180,22.0,47.0,11,30.7
2024-04-08,NB-1180,14.0,0.0,11,30.7
2024-04-15,NB-1180,1.0,0.0,11,30.7
2024-04-22,NB-1180,0.0,0.0,11,30.7
2024-04-29,NB-1180,0.0,0.0,11,30.7
2024-05-06,NB-1180,0.0,45.0,11,30.7
2024-05-13,NB-1180,0.0,31.0,11,30.7
2024-05-20,NB-1180,41.0,41.0,11,30.7
2024-05-27,NB-1180,34.0,0.0,11,30.7
2024-06-03,NB-1180,28.0,0.0,11,30.7
2024-06-10,NB-1180,21.0,32.0,11,30.7
2024-06-17,NB-1180,12.0,0.0,11,30.7
2024-06-24,NB-1180,7.0,0.0,11,30.7
2024-07-01,NB-1180,0.0,0.0,11,30.7
2024-07-08,NB-1180,42.0,0.0,11,30.7
2024-07-15,NB-1180,61.0,0.0,11,30.7
2024-07-22,NB-1180,47.0,0.0,11,30.7
2024-07-29,NB-1180,40.0,0.0,11,30.7
2024-08-05,NB-1180,22.0,0.0,11,30.7
2024-08-12,NB-1180,7.0,0.0,11,30.7
2024-08-19,NB-1180,29.0,29.0,11,30.7
2024-08-26,NB-1180,17.0,38.0,11,30.7
2024-09-02,NB-1180,3.0,35.0,11,30.7
2024-09-09,NB-1180,0.0,0.0,11,30.7
2024-09-16,NB-1180,0.0,29.0,11,30.7
2024-09-23,NB-1180,32.0,0.0,11,30.7
2024-09-30,NB-1180,6.0,0.0,11,30.7
2024-10-07,NB-1180,17.0,0.0,11,30.7
2024-10-14,NB-1180,34.0,33.0,11,30.7
2024-10-21,NB-1180,45.0,0.0,11,30.7
2024-10-28,NB-1180,53.0,33.0,11,30.7
2024-11-04,NB-1180,32.0,0.0,11,30.7
2024-11-11,NB-1180,5.0,38.0,11,30.7
2024-11-18,NB-1180,41.0,41.0,11,30.7
2024-11-25,NB-1180,17.0,43.0,11,30.7
2024-12-02,NB-1180,0.0,42.0,11,30.7
2024-12-09,NB-1180,0.0,0.0,11,30.7
2024-12-16,NB-1180,0.0,36.0,11,30.7
2024-12-23,NB-1180,0.0,39.0,11,30.7
2024-12-30,NB-1180,20.0,0.0,11,30.7
2025-01-06,NB-1180,0.0,42.0,11,30.7
2025-01-13,NB-1180,0.0,41.0,11,30.7
2025-01-20,NB-1180,0.0,0.0,11,30.7
2025-01-27,NB-1180,0.0,0.0,11,30.7
2025-02-03,NB-1180,0.0,44.0,11,30.7
2025-02-10,NB-1180,0.0,0.0,11,30.7
2025-02-17,NB-1180,0.0,0.0,11,30.7
2025-02-24,NB-1180,0.0,47.0,11,30.7
2025-03-03,NB-1180,9.0,0.0,11,30.7
2025-03-10,NB-1180,0.0,0.0,11,30.7
2025-03-17,NB-1180,69.0,0.0,11,30.7
2025-03-24,NB-1180,64.0,0.0,11,30.7
2025-03-31,NB-1180,36.0,0.0,11,30.7
2025-04-07,NB-1180,16.0,0.0,11,30.7
2025-04-14,NB-1180,8.0,0.0,11,30.7
2025-04-21,NB-1180,0.0,38.0,11,30.7
2025-04-28,NB-1180,27.0,0.0,11,30.7
2025-05-05,NB-1180,22.0,0.0,11,30.7
2025-05-12,NB-1180,42.0,0.0,11,30.7
2025-05-19,NB-1180,31.0,0.0,11,30.7
2025-05-26,NB-1180,49.0,0.0,11,30.7
2025-06-02,NB-1180,35.0,0.0,11,30.7
2025-06-09,NB-1180,74.0,0.0,11,30.7
2025-06-16,NB-1180,69.0,0.0,11,30.7
2025-06-23,NB-1180,56.0,0.0,11,30.7
2025-06-30,NB-1180,41.0,0.0,11,30.7
2025-07-07,NB-1180,31.0,0.0,11,30.7
2025-07-14,NB-1180,23.0,40.0,11,30.7
2025-07-21,NB-1180,40.0,0.0,11,30.7
2025-07-28,NB-1180,21.0,39.0,11,30.7
2025-08-04,NB-1180,3.0,32.0,11,30.7
2025-08-11,NB-1180,23.0,0.0,11,30.7
2025-08-18,NB-1180,0.0,0.0,11,30.7
2025-08-25,NB-1180,0.0,32.0,11,30.7
2025-09-01,NB-1180,33.0,0.0,11,30.7
2025-09-08,NB-1180,0.0,32.0,11,30.7
2025-09-15,NB-1180,0.0,0.0,11,30.7
2025-09-22,NB-1180,0.0,39.0,11,30.7
2025-09-29,NB-1180,0.0,0.0,11,30.7
2025-10-06,NB-1180,0.0,40.0,11,30.7
2025-10-13,NB-1180,0.0,41.0,11,30.7
2025-10-20,NB-1180,0.0,0.0,11,30.7
2025-10-27,NB-1180,0.0,0.0,11,30.7
2025-11-03,NB-1180,38.0,0.0,11,30.7
2025-11-10,NB-1180,6.0,0.0,11,30.7
2025-11-17,NB-1180,0.0,0.0,11,30.7
2025-11-24,NB-1180,0.0,0.0,11,30.7
2025-12-01,NB-1180,45.0,45.0,11,30.7
2025-12-08,NB-1180,55.0,0.0,11,30.7
2025-12-15,NB-1180,24.0,43.0,11,30.7
2025-12-22,NB-1180,0.0,0.0,11,30.7
2025-12-29,NB-1180,1.0,0.0,11,30.7
2024-01-01,NB-1181,259.0,0.0,8,384.6
2024-01-08,NB-1181,667.0,0.0,8,384.6
2024-01-15,NB-1181,516.0,0.0,8,384.6
2024-01-22,NB-1181,362.0,0.0,8,384.6
2024-01-29,NB-1181,208.0,473.0,8,384.6
2024-02-05,NB-1181,63.0,0.0,8,384.6
2024-02-12,NB-1181,0.0,0.0,8,384.6
2024-02-19,NB-1181,0.0,0.0,8,384.6
2024-02-26,NB-1181,0.0,0.0,8,384.6
2024-03-04,NB-1181,0.0,0.0,8,384.6
2024-03-11,NB-1181,0.0,0.0,8,384.6
2024-03-18,NB-1181,237.0,534.0,8,384.6
2024-03-25,NB-1181,456.0,0.0,8,384.6
2024-04-01,NB-1181,619.0,0.0,8,384.6
2024-04-08,NB-1181,397.0,0.0,8,384.6
2024-04-15,NB-1181,198.0,0.0,8,384.6
2024-04-22,NB-1181,0.0,0.0,8,384.6
2024-04-29,NB-1181,0.0,0.0,8,384.6
2024-05-06,NB-1181,209.0,0.0,8,384.6
2024-05-13,NB-1181,0.0,585.0,8,384.6
2024-05-20,NB-1181,293.0,0.0,8,384.6
2024-05-27,NB-1181,0.0,570.0,8,384.6
2024-06-03,NB-1181,0.0,380.0,8,384.6
2024-06-10,NB-1181,418.0,0.0,8,384.6
2024-06-17,NB-1181,852.0,584.0,8,384.6
2024-06-24,NB-1181,414.0,0.0,8,384.6
2024-07-01,NB-1181,467.0,0.0,8,384.6
2024-07-08,NB-1181,50.0,0.0,8,384.6
2024-07-15,NB-1181,0.0,558.0,8,384.6
2024-07-22,NB-1181,0.0,0.0,8,384.6
2024-07-29,NB-1181,0.0,461.0,8,384.6
2024-08-05,NB-1181,769.0,0.0,8,384.6
2024-08-12,NB-1181,386.0,0.0,8,384.6
2024-08-19,NB-1181,497.0,0.0,8,384.6
2024-08-26,NB-1181,84.0,0.0,8,384.6
2024-09-02,NB-1181,0.0,504.0,8,384.6
2024-09-09,NB-1181,0.0,419.0,8,384.6
2024-09-16,NB-1181,0.0,0.0,8,384.6
2024-09-23,NB-1181,166.0,582.0,8,384.6
2024-09-30,NB-1181,0.0,0.0,8,384.6
2024-10-07,NB-1181,0.0,0.0,8,384.6
2024-10-14,NB-1181,0.0,0.0,8,384.6
2024-10-21,NB-1181,425.0,0.0,8,384.6
2024-10-28,NB-1181,160.0,0.0,8,384.6
2024-11-04,NB-1181,381.0,0.0,8,384.6
2024-11-11,NB-1181,120.0,0.0,8,384.6
2024-11-18,NB-1181,316.0,0.0,8,384.6
2024-11-25,NB-1181,458.0,0.0,8,384.6
2024-12-02,NB-1181,230.0,0.0,8,384.6
2024-12-09,NB-1181,30.0,0.0,8,384.6
2024-12-16,NB-1181,0.0,372.0,8,384.6
2024-12-23,NB-1181,375.0,443.0,8,384.6
2024-12-30,NB-1181,778.0,0.0,8,384.6
2025-01-06,NB-1181,617.0,0.0,8,384.6
2025-01-13,NB-1181,457.0,0.0,8,384.6
2025-01-20,NB-1181,306.0,0.0,8,384.6
2025-01-27,NB-1181,602.0,0.0,8,384.6
2025-02-03,NB-1181,425.0,0.0,8,384.6
2025-02-10,NB-1181,246.0,0.0,8,384.6
2025-02-17,NB-1181,548.0,0.0,8,384.6
2025-02-24,NB-1181,366.0,0.0,8,384.6
2025-03-03,NB-1181,533.0,0.0,8,384.6
2025-03-10,NB-1181,320.0,0.0,8,384.6
2025-03-17,NB-1181,88.0,0.0,8,384.6
2025-03-24,NB-1181,450.0,0.0,8,384.6
2025-03-31,NB-1181,473.0,0.0,8,384.6
2025-04-07,NB-1181,117.0,0.0,8,384.6
2025-04-14,NB-1181,0.0,0.0,8,384.6
2025-04-21,NB-1181,0.0,0.0,8,384.6
2025-04-28,NB-1181,0.0,535.0,8,384.6
2025-05-05,NB-1181,0.0,393.0,8,384.6
2025-05-12,NB-1181,0.0,517.0,8,384.6
2025-05-19,NB-1181,0.0,400.0,8,384.6
2025-05-26,NB-1181,171.0,538.0,8,384.6
2025-06-02,NB-1181,375.0,0.0,8,384.6
2025-06-09,NB-1181,3.0,0.0,8,384.6
2025-06-16,NB-1181,0.0,0.0,8,384.6
2025-06-23,NB-1181,398.0,0.0,8,384.6
2025-06-30,NB-1181,495.0,0.0,8,384.6
2025-07-07,NB-1181,521.0,0.0,8,384.6
2025-07-14,NB-1181,560.0,0.0,8,384.6
2025-07-21,NB-1181,0.0,0.0,8,384.6
2025-07-28,NB-1181,0.0,0.0,8,384.6
2025-08-04,NB-1181,531.0,531.0,8,384.6
2025-08-11,NB-1181,33.0,0.0,8,384.6
2025-08-18,NB-1181,90.0,0.0,8,384.6
2025-08-25,NB-1181,0.0,0.0,8,384.6
2025-09-01,NB-1181,0.0,0.0,8,384.6
2025-09-08,NB-1181,0.0,0.0,8,384.6
2025-09-15,NB-1181,0.0,0.0,8,384.6
2025-09-22,NB-1181,0.0,0.0,8,384.6
2025-09-29,NB-1181,0.0,0.0,8,384.6
2025-10-06,NB-1181,0.0,0.0,8,384.6
2025-10-13,NB-1181,0.0,0.0,8,384.6
2025-10-20,NB-1181,0.0,460.0,8,384.6
2025-10-27,NB-1181,0.0,0.0,8,384.6
2025-11-03,NB-1181,0.0,455.0,8,384.6
2025-11-10,NB-1181,0.0,0.0,8,384.6
2025-11-17,NB-1181,119.0,0.0,8,384.6
2025-11-24,NB-1181,290.0,530.0,8,384.6
2025-12-01,NB-1181,11.0,0.0,8,384.6
2025-12-08,NB-1181,0.0,585.0,8,384.6
2025-12-15,NB-1181,0.0,0.0,8,384.6
2025-12-22,NB-1181,0.0,0.0,8,384.6
2025-12-29,NB-1181,396.0,0.0,8,384.6
2024-01-01,NB-1182,258.0,0.0,5,207.5
2024-01-08,NB-1182,0.0,0.0,5,207.5
2024-01-15,NB-1182,0.0,0.0,5,207.5
2024-01-22,NB-1182,0.0,266.0,5,207.5
2024-01-29,NB-1182,0.0,0.0,5,207.5
2024-02-05,NB-1182,283.0,0.0,5,207.5
2024-02-12,NB-1182,266.0,0.0,5,207.5
2024-02-19,NB-1182,286.0,0.0,5,207.5
2024-02-26,NB-1182,0.0,0.0,5,207.5
2024-03-04,NB-1182,0.0,0.0,5,207.5
2024-03-11,NB-1182,0.0,0.0,5,207.5
2024-03-18,NB-1182,0.0,271.0,5,207.5
2024-03-25,NB-1182,0.0,0.0,5,207.5
2024-04-01,NB-1182,0.0,0.0,5,207.5
2024-04-08,NB-1182,0.0,0.0,5,207.5
2024-04-15,NB-1182,0.0,0.0,5,207.5
2024-04-22,NB-1182,0.0,0.0,5,207.5
2024-04-29,NB-1182,104.0,255.0,5,207.5
2024-05-06,NB-1182,183.0,0.0,5,207.5
2024-05-13,NB-1182,0.0,265.0,5,207.5
2024-05-20,NB-1182,0.0,0.0,5,207.5
2024-05-27,NB-1182,276.0,0.0,5,207.5
2024-06-03,NB-1182,25.0,0.0,5,207.5
2024-06-10,NB-1182,0.0,0.0,5,207.5
2024-06-17,NB-1182,281.0,281.0,5,207.5
2024-06-24,NB-1182,8.0,0.0,5,207.5
2024-07-01,NB-1182,156.0,0.0,5,207.5
2024-07-08,NB-1182,189.0,252.0,5,207.5
2024-07-15,NB-1182,0.0,0.0,5,207.5
2024-07-22,NB-1182,0.0,0.0,5,207.5
2024-07-29,NB-1182,0.0,0.0,5,207.5
2024-08-05,NB-1182,0.0,0.0,5,207.5
2024-08-12,NB-1182,217.0,0.0,5,207.5
2024-08-19,NB-1182,0.0,243.0,5,207.5
2024-08-26,NB-1182,178.0,0.0,5,207.5
2024-09-02,NB-1182,0.0,0.0,5,207.5
2024-09-09,NB-1182,0.0,0.0,5,207.5
2024-09-16,NB-1182,17.0,0.0,5,207.5
2024-09-23,NB-1182,0.0,0.0,5,207.5
2024-09-30,NB-1182,99.0,283.0,5,207.5
2024-10-07,NB-1182,99.0,206.0,5,207.5
2024-10-14,NB-1182,0.0,0.0,5,207.5
2024-10-21,NB-1182,0.0,0.0,5,207.5
2024-10-28,NB-1182,0.0,0.0,5,207.5
2024-11-04,NB-1182,193.0,288.0,5,207.5
2024-11-11,NB-1182,0.0,0.0,5,207.5
2024-11-18,NB-1182,0.0,299.0,5,207.5
2024-11-25,NB-1182,399.0,0.0,5,207.5
2024-12-02,NB-1182,82.0,0.0,5,207.5
2024-12-09,NB-1182,0.0,0.0,5,207.5
2024-12-16,NB-1182,0.0,0.0,5,207.5
2024-12-23,NB-1182,0.0,0.0,5,207.5
2024-12-30,NB-1182,268.0,268.0,5,207.5
2025-01-06,NB-1182,222.0,0.0,5,207.5
2025-01-13,NB-1182,311.0,0.0,5,207.5
2025-01-20,NB-1182,0.0,0.0,5,207.5
2025-01-27,NB-1182,0.0,0.0,5,207.5
2025-02-03,NB-1182,0.0,201.0,5,207.5
2025-02-10,NB-1182,0.0,0.0,5,207.5
2025-02-17,NB-1182,0.0,0.0,5,207.5
2025-02-24,NB-1182,0.0,0.0,5,207.5
2025-03-03,NB-1182,0.0,283.0,5,207.5
2025-03-10,NB-1182,0.0,0.0,5,207.5
2025-03-17,NB-1182,0.0,0.0,5,207.5
2025-03-24,NB-1182,0.0,0.0,5,207.5
2025-03-31,NB-1182,90.0,270.0,5,207.5
2025-04-07,NB-1182,0.0,0.0,5,207.5
2025-04-14,NB-1182,0.0,0.0,5,207.5
2025-04-21,NB-1182,0.0,278.0,5,207.5
2025-04-28,NB-1182,0.0,0.0,5,207.5
2025-05-05,NB-1182,0.0,0.0,5,207.5
2025-05-12,NB-1182,0.0,0.0,5,207.5
2025-05-19,NB-1182,0.0,0.0,5,207.5
2025-05-26,NB-1182,0.0,0.0,5,207.5
2025-06-02,NB-1182,51.0,0.0,5,207.5
2025-06-09,NB-1182,0.0,300.0,5,207.5
2025-06-16,NB-1182,155.0,0.0,5,207.5
2025-06-23,NB-1182,0.0,0.0,5,207.5
2025-06-30,NB-1182,216.0,216.0,5,207.5
2025-07-07,NB-1182,208.0,0.0,5,207.5
2025-07-14,NB-1182,0.0,0.0,5,207.5
2025-07-21,NB-1182,330.0,232.0,5,207.5
2025-07-28,NB-1182,246.0,246.0,5,207.5
2025-08-04,NB-1182,0.0,0.0,5,207.5
2025-08-11,NB-1182,0.0,0.0,5,207.5
2025-08-18,NB-1182,0.0,0.0,5,207.5
2025-08-25,NB-1182,0.0,0.0,5,207.5
2025-09-01,NB-1182,76.0,0.0,5,207.5
2025-09-08,NB-1182,0.0,0.0,5,207.5
2025-09-15,NB-1182,0.0,0.0,5,207.5
2025-09-22,NB-1182,167.0,0.0,5,207.5
2025-09-29,NB-1182,0.0,0.0,5,207.5
2025-10-06,NB-1182,0.0,0.0,5,207.5
2025-10-13,NB-1182,0.0,0.0,5,207.5
2025-10-20,NB-1182,0.0,284.0,5,207.5
2025-10-27,NB-1182,0.0,0.0,5,207.5
2025-11-03,NB-1182,0.0,0.0,5,207.5
2025-11-10,NB-1182,0.0,0.0,5,207.5
2025-11-17,NB-1182,0.0,285.0,5,207.5
2025-11-24,NB-1182,0.0,0.0,5,207.5
2025-12-01,NB-1182,0.0,0.0,5,207.5
2025-12-08,NB-1182,0.0,0.0,5,207.5
2025-12-15,NB-1182,0.0,0.0,5,207.5
2025-12-22,NB-1182,0.0,0.0,5,207.5
2025-12-29,NB-1182,0.0,0.0,5,207.5
2024-01-01,NB-1183,350.0,0.0,14,73.2
2024-01-08,NB-1183,332.0,0.0,14,73.2
2024-01-15,NB-1183,308.0,0.0,14,73.2
2024-01-22,NB-1183,283.0,0.0,14,73.2
2024-01-29,NB-1183,253.0,0.0,14,73.2
2024-02-05,NB-1183,230.0,0.0,14,73.2
2024-02-12,NB-1183,202.0,0.0,14,73.2
2024-02-19,NB-1183,166.0,0.0,14,73.2
2024-02-26,NB-1183,144.0,0.0,14,73.2
2024-03-04,NB-1183,113.0,0.0,14,73.2
2024-03-11,NB-1183,64.0,0.0,14,73.2
2024-03-18,NB-1183,126.0,0.0,14,73.2
2024-03-25,NB-1183,91.0,0.0,14,73.2
2024-04-01,NB-1183,48.0,72.0,14,73.2
2024-04-08,NB-1183,113.0,0.0,14,73.2
2024-04-15,NB-1183,78.0,0.0,14,73.2
2024-04-22,NB-1183,151.0,0.0,14,73.2
2024-04-29,NB-1183,104.0,0.0,14,73.2
2024-05-06,NB-1183,57.0,0.0,14,73.2
2024-05-13,NB-1183,33.0,0.0,14,73.2
2024-05-20,NB-1183,0.0,0.0,14,73.2
2024-05-27,NB-1183,85.0,0.0,14,73.2
2024-06-03,NB-1183,44.0,0.0,14,73.2
2024-06-10,NB-1183,96.0,0.0,14,73.2
2024-06-17,NB-1183,124.0,0.0,14,73.2
2024-06-24,NB-1183,85.0,0.0,14,73.2
2024-07-01,NB-1183,50.0,0.0,14,73.2
2024-07-08,NB-1183,30.0,0.0,14,73.2
2024-07-15,NB-1183,0.0,0.0,14,73.2
2024-07-22,NB-1183,0.0,68.0,14,73.2
2024-07-29,NB-1183,0.0,0.0,14,73.2
2024-08-05,NB-1183,0.0,0.0,14,73.2
2024-08-12,NB-1183,141.0,0.0,14,73.2
2024-08-19,NB-1183,111.0,0.0,14,73.2
2024-08-26,NB-1183,82.0,0.0,14,73.2
2024-09-02,NB-1183,62.0,0.0,14,73.2
2024-09-09,NB-1183,147.0,0.0,14,73.2
2024-09-16,NB-1183,127.0,0.0,14,73.2
2024-09-23,NB-1183,104.0,0.0,14,73.2
2024-09-30,NB-1183,79.0,0.0,14,73.2
2024-10-07,NB-1183,56.0,101.0,14,73.2
2024-10-14,NB-1183,111.0,0.0,14,73.2
2024-10-21,NB-1183,87.0,0.0,14,73.2
2024-10-28,NB-1183,144.0,0.0,14,73.2
2024-11-04,NB-1183,126.0,0.0,14,73.2
2024-11-11,NB-1183,100.0,0.0,14,73.2
2024-11-18,NB-1183,65.0,0.0,14,73.2
2024-11-25,NB-1183,46.0,0.0,14,73.2
2024-12-02,NB-1183,108.0,0.0,14,73.2
2024-12-09,NB-1183,82.0,0.0,14,73.2
2024-12-16,NB-1183,58.0,0.0,14,73.2
2024-12-23,NB-1183,141.0,0.0,14,73.2
2024-12-30,NB-1183,120.0,0.0,14,73.2
2025-01-06,NB-1183,89.0,0.0,14,73.2
2025-01-13,NB-1183,60.0,88.0,14,73.2
2025-01-20,NB-1183,92.0,0.0,14,73.2
2025-01-27,NB-1183,65.0,0.0,14,73.2
2025-02-03,NB-1183,96.0,68.0,14,73.2
2025-02-10,NB-1183,66.0,0.0,14,73.2
2025-02-17,NB-1183,128.0,0.0,14,73.2
2025-02-24,NB-1183,93.0,0.0,14,73.2
2025-03-03,NB-1183,26.0,0.0,14,73.2
2025-03-10,NB-1183,0.0,0.0,14,73.2
2025-03-17,NB-1183,60.0,0.0,14,73.2
2025-03-24,NB-1183,113.0,89.0,14,73.2
2025-03-31,NB-1183,134.0,0.0,14,73.2
2025-04-07,NB-1183,72.0,0.0,14,73.2
2025-04-14,NB-1183,6.0,92.0,14,73.2
2025-04-21,NB-1183,47.0,0.0,14,73.2
2025-04-28,NB-1183,7.0,0.0,14,73.2
2025-05-05,NB-1183,0.0,0.0,14,73.2
2025-05-12,NB-1183,0.0,0.0,14,73.2
2025-05-19,NB-1183,0.0,90.0,14,73.2
2025-05-26,NB-1183,0.0,80.0,14,73.2
2025-06-02,NB-1183,0.0,0.0,14,73.2
2025-06-09,NB-1183,0.0,0.0,14,73.2
2025-06-16,NB-1183,0.0,71.0,14,73.2
2025-06-23,NB-1183,0.0,95.0,14,73.2
2025-06-30,NB-1183,0.0,0.0,14,73.2
2025-07-07,NB-1183,0.0,0.0,14,73.2
2025-07-14,NB-1183,69.0,0.0,14,73.2
2025-07-21,NB-1183,23.0,0.0,14,73.2
2025-07-28,NB-1183,0.0,0.0,14,73.2
2025-08-04,NB-1183,73.0,81.0,14,73.2
2025-08-11,NB-1183,40.0,0.0,14,73.2
2025-08-18,NB-1183,2.0,74.0,14,73.2
2025-08-25,NB-1183,0.0,0.0,14,73.2
2025-09-01,NB-1183,0.0,0.0,14,73.2
2025-09-08,NB-1183,0.0,0.0,14,73.2
2025-09-15,NB-1183,0.0,0.0,14,73.2
2025-09-22,NB-1183,0.0,0.0,14,73.2
2025-09-29,NB-1183,0.0,0.0,14,73.2
2025-10-06,NB-1183,95.0,0.0,14,73.2
2025-10-13,NB-1183,66.0,0.0,14,73.2
2025-10-20,NB-1183,77.0,0.0,14,73.2
2025-10-27,NB-1183,130.0,0.0,14,73.2
2025-11-03,NB-1183,98.0,0.0,14,73.2
2025-11-10,NB-1183,69.0,97.0,14,73.2
2025-11-17,NB-1183,95.0,0.0,14,73.2
2025-11-24,NB-1183,63.0,0.0,14,73.2
2025-12-01,NB-1183,43.0,0.0,14,73.2
2025-12-08,NB-1183,7.0,71.0,14,73.2
2025-12-15,NB-1183,0.0,0.0,14,73.2
2025-12-22,NB-1183,134.0,71.0,14,73.2
2025-12-29,NB-1183,103.0,0.0,14,73.2
2024-01-01,NB-1184,54.0,0.0,13,462.8
2024-01-08,NB-1184,0.0,0.0,13,462.8
2024-01-15,NB-1184,566.0,566.0,13,462.8
2024-01-22,NB-1184,384.0,0.0,13,462.8
2024-01-29,NB-1184,633.0,0.0,13,462.8
2024-02-05,NB-1184,950.0,555.0,13,462.8
2024-02-12,NB-1184,745.0,0.0,13,462.8
2024-02-19,NB-1184,530.0,0.0,13,462.8
2024-02-26,NB-1184,366.0,0.0,13,462.8
2024-03-04,NB-1184,217.0,0.0,13,462.8
2024-03-11,NB-1184,47.0,0.0,13,462.8
2024-03-18,NB-1184,514.0,0.0,13,462.8
2024-03-25,NB-1184,319.0,0.0,13,462.8
2024-04-01,NB-1184,779.0,0.0,13,462.8
2024-04-08,NB-1184,614.0,0.0,13,462.8
2024-04-15,NB-1184,461.0,0.0,13,462.8
2024-04-22,NB-1184,312.0,0.0,13,462.8
2024-04-29,NB-1184,635.0,0.0,13,462.8
2024-05-06,NB-1184,455.0,451.0,13,462.8
2024-05-13,NB-1184,305.0,0.0,13,462.8
2024-05-20,NB-1184,696.0,0.0,13,462.8
2024-05-27,NB-1184,506.0,0.0,13,462.8
2024-06-03,NB-1184,361.0,0.0,13,462.8
2024-06-10,NB-1184,193.0,0.0,13,462.8
2024-06-17,NB-1184,563.0,0.0,13,462.8
2024-06-24,NB-1184,337.0,0.0,13,462.8
2024-07-01,NB-1184,134.0,0.0,13,462.8
2024-07-08,NB-1184,464.0,0.0,13,462.8
2024-07-15,NB-1184,954.0,0.0,13,462.8
2024-07-22,NB-1184,747.0,0.0,13,462.8
2024-07-29,NB-1184,520.0,0.0,13,462.8
2024-08-05,NB-1184,273.0,0.0,13,462.8
2024-08-12,NB-1184,22.0,664.0,13,462.8
2024-08-19,NB-1184,0.0,0.0,13,462.8
2024-08-26,NB-1184,0.0,0.0,13,462.8
2024-09-02,NB-1184,0.0,471.0,13,462.8
2024-09-09,NB-1184,0.0,0.0,13,462.8
2024-09-16,NB-1184,0.0,460.0,13,462.8
2024-09-23,NB-1184,0.0,0.0,13,462.8
2024-09-30,NB-1184,0.0,0.0,13,462.8
2024-10-07,NB-1184,432.0,512.0,13,462.8
2024-10-14,NB-1184,18.0,0.0,13,462.8
2024-10-21,NB-1184,0.0,0.0,13,462.8
2024-10-28,NB-1184,0.0,0.0,13,462.8
2024-11-04,NB-1184,0.0,0.0,13,462.8
2024-11-11,NB-1184,0.0,0.0,13,462.8
2024-11-18,NB-1184,0.0,0.0,13,462.8
2024-11-25,NB-1184,483.0,483.0,13,462.8
2024-12-02,NB-1184,148.0,0.0,13,462.8
2024-12-09,NB-1184,932.0,0.0,13,462.8
2024-12-16,NB-1184,626.0,0.0,13,462.8
2024-12-23,NB-1184,336.0,0.0,13,462.8
2024-12-30,NB-1184,463.0,0.0,13,462.8
2025-01-06,NB-1184,45.0,647.0,13,462.8
2025-01-13,NB-1184,225.0,0.0,13,462.8
2025-01-20,NB-1184,0.0,0.0,13,462.8
2025-01-27,NB-1184,767.0,439.0,13,462.8
2025-02-03,NB-1184,482.0,0.0,13,462.8
2025-02-10,NB-1184,153.0,517.0,13,462.8
2025-02-17,NB-1184,0.0,0.0,13,462.8
2025-02-24,NB-1184,400.0,0.0,13,462.8
2025-03-03,NB-1184,470.0,470.0,13,462.8
2025-03-10,NB-1184,183.0,0.0,13,462.8
2025-03-17,NB-1184,0.0,0.0,13,462.8
2025-03-24,NB-1184,0.0,0.0,13,462.8
2025-03-31,NB-1184,0.0,467.0,13,462.8
2025-04-07,NB-1184,0.0,0.0,13,462.8
2025-04-14,NB-1184,436.0,436.0,13,462.8
2025-04-21,NB-1184,906.0,698.0,13,462.8
2025-04-28,NB-1184,595.0,0.0,13,462.8
2025-05-05,NB-1184,373.0,0.0,13,462.8
2025-05-12,NB-1184,105.0,0.0,13,462.8
2025-05-19,NB-1184,535.0,535.0,13,462.8
2025-05-26,NB-1184,235.0,0.0,13,462.8
2025-06-02,NB-1184,553.0,0.0,13,462.8
2025-06-09,NB-1184,308.0,0.0,13,462.8
2025-06-16,NB-1184,21.0,0.0,13,462.8
2025-06-23,NB-1184,0.0,0.0,13,462.8
2025-06-30,NB-1184,0.0,0.0,13,462.8
2025-07-07,NB-1184,0.0,0.0,13,462.8
2025-07-14,NB-1184,0.0,0.0,13,462.8
2025-07-21,NB-1184,0.0,627.0,13,462.8
2025-07-28,NB-1184,0.0,0.0,13,462.8
2025-08-04,NB-1184,327.0,0.0,13,462.8
2025-08-11,NB-1184,713.0,0.0,13,462.8
2025-08-18,NB-1184,373.0,0.0,13,462.8
2025-08-25,NB-1184,486.0,0.0,13,462.8
2025-09-01,NB-1184,28.0,0.0,13,462.8
2025-09-08,NB-1184,302.0,627.0,13,462.8
2025-09-15,NB-1184,0.0,0.0,13,462.8
2025-09-22,NB-1184,236.0,559.0,13,462.8
2025-09-29,NB-1184,0.0,0.0,13,462.8
2025-10-06,NB-1184,0.0,526.0,13,462.8
2025-10-13,NB-1184,0.0,700.0,13,462.8
2025-10-20,NB-1184,0.0,0.0,13,462.8
2025-10-27,NB-1184,0.0,0.0,13,462.8
2025-11-03,NB-1184,615.0,0.0,13,462.8
2025-11-10,NB-1184,40.0,0.0,13,462.8
2025-11-17,NB-1184,0.0,0.0,13,462.8
2025-11-24,NB-1184,261.0,0.0,13,462.8
2025-12-01,NB-1184,0.0,0.0,13,462.8
2025-12-08,NB-1184,246.0,0.0,13,462.8
2025-12-15,NB-1184,0.0,616.0,13,462.8
2025-12-22,NB-1184,474.0,0.0,13,462.8
2025-12-29,NB-1184,50.0,0.0,13,462.8
2024-01-01,NB-1185,166.0,0.0,6,289.2
2024-01-08,NB-1185,331.0,0.0,6,289.2
2024-01-15,NB-1185,384.0,0.0,6,289.2
2024-01-22,NB-1185,179.0,287.0,6,289.2
2024-01-29,NB-1185,380.0,0.0,6,289.2
2024-02-05,NB-1185,128.0,410.0,6,289.2
2024-02-12,NB-1185,339.0,0.0,6,289.2
2024-02-19,NB-1185,461.0,0.0,6,289.2
2024-02-26,NB-1185,205.0,0.0,6,289.2
2024-03-04,NB-1185,295.0,0.0,6,289.2
2024-03-11,NB-1185,38.0,0.0,6,289.2
2024-03-18,NB-1185,129.0,290.0,6,289.2
2024-03-25,NB-1185,0.0,0.0,6,289.2
2024-04-01,NB-1185,394.0,394.0,6,289.2
2024-04-08,NB-1185,155.0,0.0,6,289.2
2024-04-15,NB-1185,0.0,370.0,6,289.2
2024-04-22,NB-1185,0.0,0.0,6,289.2
2024-04-29,NB-1185,290.0,0.0,6,289.2
2024-05-06,NB-1185,30.0,0.0,6,289.2
2024-05-13,NB-1185,0.0,0.0,6,289.2
2024-05-20,NB-1185,268.0,0.0,6,289.2
2024-05-27,NB-1185,297.0,0.0,6,289.2
2024-06-03,NB-1185,48.0,375.0,6,289.2
2024-06-10,NB-1185,0.0,0.0,6,289.2
2024-06-17,NB-1185,0.0,0.0,6,289.2
2024-06-24,NB-1185,217.0,0.0,6,289.2
2024-07-01,NB-1185,374.0,0.0,6,289.2
2024-07-08,NB-1185,91.0,0.0,6,289.2
2024-07-15,NB-1185,0.0,0.0,6,289.2
2024-07-22,NB-1185,366.0,0.0,6,289.2
2024-07-29,NB-1185,0.0,325.0,6,289.2
2024-08-05,NB-1185,0.0,0.0,6,289.2
2024-08-12,NB-1185,0.0,0.0,6,289.2
2024-08-19,NB-1185,0.0,0.0,6,289.2
2024-08-26,NB-1185,54.0,0.0,6,289.2
2024-09-02,NB-1185,195.0,0.0,6,289.2
2024-09-09,NB-1185,374.0,0.0,6,289.2
2024-09-16,NB-1185,119.0,333.0,6,289.2
2024-09-23,NB-1185,0.0,0.0,6,289.2
2024-09-30,NB-1185,461.0,317.0,6,289.2
2024-10-07,NB-1185,486.0,333.0,6,289.2
2024-10-14,NB-1185,212.0,319.0,6,289.2
2024-10-21,NB-1185,0.0,418.0,6,289.2
2024-10-28,NB-1185,365.0,365.0,6,289.2
2024-11-04,NB-1185,81.0,0.0,6,289.2
2024-11-11,NB-1185,0.0,0.0,6,289.2
2024-11-18,NB-1185,294.0,294.0,6,289.2
2024-11-25,NB-1185,0.0,391.0,6,289.2
2024-12-02,NB-1185,0.0,0.0,6,289.2
2024-12-09,NB-1185,234.0,319.0,6,289.2
2024-12-16,NB-1185,0.0,0.0,6,289.2
2024-12-23,NB-1185,0.0,445.0,6,289.2
2024-12-30,NB-1185,0.0,0.0,6,289.2
2025-01-06,NB-1185,0.0,317.0,6,289.2
2025-01-13,NB-1185,0.0,0.0,6,289.2
2025-01-20,NB-1185,81.0,0.0,6,289.2
2025-01-27,NB-1185,638.0,355.0,6,289.2
2025-02-03,NB-1185,352.0,0.0,6,289.2
2025-02-10,NB-1185,113.0,0.0,6,289.2
2025-02-17,NB-1185,266.0,0.0,6,289.2
2025-02-24,NB-1185,0.0,401.0,6,289.2
2025-03-03,NB-1185,0.0,0.0,6,289.2
2025-03-10,NB-1185,0.0,434.0,6,289.2
2025-03-17,NB-1185,0.0,357.0,6,289.2
2025-03-24,NB-1185,184.0,0.0,6,289.2
2025-03-31,NB-1185,91.0,0.0,6,289.2
2025-04-07,NB-1185,0.0,441.0,6,289.2
2025-04-14,NB-1185,440.0,419.0,6,289.2
2025-04-21,NB-1185,124.0,0.0,6,289.2
2025-04-28,NB-1185,164.0,278.0,6,289.2
2025-05-05,NB-1185,252.0,0.0,6,289.2
2025-05-12,NB-1185,0.0,0.0,6,289.2
2025-05-19,NB-1185,292.0,292.0,6,289.2
2025-05-26,NB-1185,0.0,389.0,6,289.2
2025-06-02,NB-1185,0.0,290.0,6,289.2
2025-06-09,NB-1185,0.0,0.0,6,289.2
2025-06-16,NB-1185,0.0,0.0,6,289.2
2025-06-23,NB-1185,0.0,0.0,6,289.2
2025-06-30,NB-1185,0.0,0.0,6,289.2
2025-07-07,NB-1185,0.0,0.0,6,289.2
2025-07-14,NB-1185,0.0,336.0,6,289.2
2025-07-21,NB-1185,0.0,0.0,6,289.2
2025-07-28,NB-1185,0.0,0.0,6,289.2
2025-08-04,NB-1185,0.0,0.0,6,289.2
2025-08-11,NB-1185,0.0,0.0,6,289.2
2025-08-18,NB-1185,0.0,298.0,6,289.2
2025-08-25,NB-1185,388.0,388.0,6,289.2
2025-09-01,NB-1185,0.0,0.0,6,289.2
2025-09-08,NB-1185,0.0,0.0,6,289.2
2025-09-15,NB-1185,0.0,0.0,6,289.2
2025-09-22,NB-1185,0.0,358.0,6,289.2
2025-09-29,NB-1185,0.0,0.0,6,289.2
2025-10-06,NB-1185,204.0,0.0,6,289.2
2025-10-13,NB-1185,0.0,0.0,6,289.2
2025-10-20,NB-1185,0.0,0.0,6,289.2
2025-10-27,NB-1185,0.0,0.0,6,289.2
2025-11-03,NB-1185,0.0,342.0,6,289.2
2025-11-10,NB-1185,0.0,0.0,6,289.2
2025-11-17,NB-1185,0.0,0.0,6,289.2
2025-11-24,NB-1185,0.0,0.0,6,289.2
2025-12-01,NB-1185,0.0,0.0,6,289.2
2025-12-08,NB-1185,362.0,0.0,6,289.2
2025-12-15,NB-1185,0.0,0.0,6,289.2
2025-12-22,NB-1185,147.0,0.0,6,289.2
2025-12-29,NB-1185,0.0,0.0,6,289.2
2024-01-01,NB-1186,130.0,0.0,16,47.2
2024-01-08,NB-1186,124.0,0.0,16,47.2
2024-01-15,NB-1186,120.0,0.0,16,47.2
2024-01-22,NB-1186,114.0,0.0,16,47.2
2024-01-29,NB-1186,108.0,0.0,16,47.2
2024-02-05,NB-1186,100.0,0.0,16,47.2
2024-02-12,NB-1186,95.0,0.0,16,47.2
2024-02-19,NB-1186,92.0,0.0,16,47.2
2024-02-26,NB-1186,87.0,0.0,16,47.2
2024-03-04,NB-1186,76.0,0.0,16,47.2
2024-03-11,NB-1186,69.0,0.0,16,47.2
2024-03-18,NB-1186,57.0,0.0,16,47.2
2024-03-25,NB-1186,44.0,0.0,16,47.2
2024-04-01,NB-1186,34.0,0.0,16,47.2
2024-04-08,NB-1186,78.0,0.0,16,47.2
2024-04-15,NB-1186,68.0,0.0,16,47.2
2024-04-22,NB-1186,55.0,0.0,16,47.2
2024-04-29,NB-1186,37.0,0.0,16,47.2
2024-05-06,NB-1186,19.0,0.0,16,47.2
2024-05-13,NB-1186,4.0,0.0,16,47.2
2024-05-20,NB-1186,0.0,0.0,16,47.2
2024-05-27,NB-1186,0.0,0.0,16,47.2
2024-06-03,NB-1186,0.0,0.0,16,47.2
2024-06-10,NB-1186,0.0,0.0,16,47.2
2024-06-17,NB-1186,0.0,0.0,16,47.2
2024-06-24,NB-1186,50.0,0.0,16,47.2
2024-07-01,NB-1186,28.0,0.0,16,47.2
2024-07-08,NB-1186,0.0,45.0,16,47.2
2024-07-15,NB-1186,37.0,0.0,16,47.2
2024-07-22,NB-1186,51.0,0.0,16,47.2
2024-07-29,NB-1186,83.0,0.0,16,47.2
2024-08-05,NB-1186,56.0,0.0,16,47.2
2024-08-12,NB-1186,25.0,0.0,16,47.2
2024-08-19,NB-1186,0.0,62.0,16,47.2
2024-08-26,NB-1186,0.0,0.0,16,47.2
2024-09-02,NB-1186,49.0,0.0,16,47.2
2024-09-09,NB-1186,13.0,0.0,16,47.2
2024-09-16,NB-1186,0.0,0.0,16,47.2
2024-09-23,NB-1186,52.0,0.0,16,47.2
2024-09-30,NB-1186,23.0,0.0,16,47.2
2024-10-07,NB-1186,5.0,0.0,16,47.2
2024-10-14,NB-1186,0.0,0.0,16,47.2
2024-10-21,NB-1186,42.0,70.0,16,47.2
2024-10-28,NB-1186,17.0,0.0,16,47.2
2024-11-04,NB-1186,0.0,0.0,16,47.2
2024-11-11,NB-1186,48.0,0.0,16,47.2
2024-11-18,NB-1186,99.0,0.0,16,47.2
2024-11-25,NB-1186,86.0,0.0,16,47.2
2024-12-02,NB-1186,70.0,0.0,16,47.2
2024-12-09,NB-1186,51.0,0.0,16,47.2
2024-12-16,NB-1186,44.0,0.0,16,47.2
2024-12-23,NB-1186,92.0,0.0,16,47.2
2024-12-30,NB-1186,76.0,0.0,16,47.2
2025-01-06,NB-1186,69.0,0.0,16,47.2
2025-01-13,NB-1186,57.0,0.0,16,47.2
2025-01-20,NB-1186,39.0,0.0,16,47.2
2025-01-27,NB-1186,28.0,0.0,16,47.2
2025-02-03,NB-1186,26.0,0.0,16,47.2
2025-02-10,NB-1186,15.0,0.0,16,47.2
2025-02-17,NB-1186,55.0,0.0,16,47.2
2025-02-24,NB-1186,35.0,0.0,16,47.2
2025-03-03,NB-1186,79.0,0.0,16,47.2
2025-03-10,NB-1186,70.0,0.0,16,47.2
2025-03-17,NB-1186,62.0,0.0,16,47.2
2025-03-24,NB-1186,44.0,67.0,16,47.2
2025-03-31,NB-1186,23.0,0.0,16,47.2
2025-04-07,NB-1186,11.0,0.0,16,47.2
2025-04-14,NB-1186,0.0,0.0,16,47.2
2025-04-21,NB-1186,0.0,0.0,16,47.2
2025-04-28,NB-1186,0.0,57.0,16,47.2
2025-05-05,NB-1186,52.0,0.0,16,47.2
2025-05-12,NB-1186,32.0,44.0,16,47.2
2025-05-19,NB-1186,50.0,0.0,16,47.2
2025-05-26,NB-1186,88.0,0.0,16,47.2
2025-06-02,NB-1186,61.0,0.0,16,47.2
2025-06-09,NB-1186,33.0,0.0,16,47.2
2025-06-16,NB-1186,0.0,0.0,16,47.2
2025-06-23,NB-1186,0.0,44.0,16,47.2
2025-06-30,NB-1186,0.0,0.0,16,47.2
2025-07-07,NB-1186,0.0,0.0,16,47.2
2025-07-14,NB-1186,0.0,0.0,16,47.2
2025-07-21,NB-1186,43.0,0.0,16,47.2
2025-07-28,NB-1186,0.0,0.0,16,47.2
2025-08-04,NB-1186,0.0,0.0,16,47.2
2025-08-11,NB-1186,0.0,59.0,16,47.2
2025-08-18,NB-1186,0.0,56.0,16,47.2
2025-08-25,NB-1186,0.0,0.0,16,47.2
2025-09-01,NB-1186,0.0,0.0,16,47.2
2025-09-08,NB-1186,0.0,0.0,16,47.2
2025-09-15,NB-1186,0.0,0.0,16,47.2
2025-09-22,NB-1186,0.0,0.0,16,47.2
2025-09-29,NB-1186,0.0,0.0,16,47.2
2025-10-06,NB-1186,35.0,0.0,16,47.2
2025-10-13,NB-1186,0.0,0.0,16,47.2
2025-10-20,NB-1186,0.0,0.0,16,47.2
2025-10-27,NB-1186,0.0,0.0,16,47.2
2025-11-03,NB-1186,0.0,0.0,16,47.2
2025-11-10,NB-1186,0.0,57.0,16,47.2
2025-11-17,NB-1186,0.0,64.0,16,47.2
2025-11-24,NB-1186,0.0,0.0,16,47.2
2025-12-01,NB-1186,0.0,0.0,16,47.2
2025-12-08,NB-1186,59.0,0.0,16,47.2
2025-12-15,NB-1186,100.0,0.0,16,47.2
2025-12-22,NB-1186,86.0,0.0,16,47.2
2025-12-29,NB-1186,60.0,0.0,16,47.2
2024-01-01,NB-1187,322.0,0.0,8,98.7
2024-01-08,NB-1187,247.0,0.0,8,98.7
2024-01-15,NB-1187,179.0,0.0,8,98.7
2024-01-22,NB-1187,81.0,97.0,8,98.7
2024-01-29,NB-1187,0.0,0.0,8,98.7
2024-02-05,NB-1187,0.0,0.0,8,98.7
2024-02-12,NB-1187,0.0,0.0,8,98.7
2024-02-19,NB-1187,104.0,0.0,8,98.7
2024-02-26,NB-1187,22.0,0.0,8,98.7
2024-03-04,NB-1187,92.0,0.0,8,98.7
2024-03-11,NB-1187,142.0,118.0,8,98.7
2024-03-18,NB-1187,62.0,0.0,8,98.7
2024-03-25,NB-1187,3.0,0.0,8,98.7
2024-04-01,NB-1187,0.0,102.0,8,98.7
2024-04-08,NB-1187,77.0,0.0,8,98.7
2024-04-15,NB-1187,27.0,0.0,8,98.7
2024-04-22,NB-1187,88.0,0.0,8,98.7
2024-04-29,NB-1187,4.0,0.0,8,98.7
2024-05-06,NB-1187,0.0,0.0,8,98.7
2024-05-13,NB-1187,0.0,113.0,8,98.7
2024-05-20,NB-1187,0.0,0.0,8,98.7
2024-05-27,NB-1187,0.0,0.0,8,98.7
2024-06-03,NB-1187,0.0,0.0,8,98.7
2024-06-10,NB-1187,0.0,0.0,8,98.7
2024-06-17,NB-1187,0.0,0.0,8,98.7
2024-06-24,NB-1187,0.0,148.0,8,98.7
2024-07-01,NB-1187,0.0,0.0,8,98.7
2024-07-08,NB-1187,96.0,0.0,8,98.7
2024-07-15,NB-1187,161.0,0.0,8,98.7
2024-07-22,NB-1187,92.0,0.0,8,98.7
2024-07-29,NB-1187,25.0,96.0,8,98.7
2024-08-05,NB-1187,0.0,0.0,8,98.7
2024-08-12,NB-1187,149.0,0.0,8,98.7
2024-08-19,NB-1187,63.0,0.0,8,98.7
2024-08-26,NB-1187,148.0,148.0,8,98.7
2024-09-02,NB-1187,61.0,101.0,8,98.7
2024-09-09,NB-1187,0.0,0.0,8,98.7
2024-09-16,NB-1187,116.0,0.0,8,98.7
2024-09-23,NB-1187,47.0,0.0,8,98.7
2024-09-30,NB-1187,0.0,0.0,8,98.7
2024-10-07,NB-1187,91.0,0.0,8,98.7
2024-10-14,NB-1187,19.0,0.0,8,98.7
2024-10-21,NB-1187,113.0,0.0,8,98.7
2024-10-28,NB-1187,159.0,0.0,8,98.7
2024-11-04,NB-1187,74.0,0.0,8,98.7
2024-11-11,NB-1187,0.0,150.0,8,98.7
2024-11-18,NB-1187,0.0,106.0,8,98.7
2024-11-25,NB-1187,13.0,0.0,8,98.7
2024-12-02,NB-1187,0.0,100.0,8,98.7
2024-12-09,NB-1187,89.0,0.0,8,98.7
2024-12-16,NB-1187,0.0,99.0,8,98.7
2024-12-23,NB-1187,0.0,0.0,8,98.7
2024-12-30,NB-1187,0.0,0.0,8,98.7
2025-01-06,NB-1187,0.0,0.0,8,98.7
2025-01-13,NB-1187,75.0,0.0,8,98.7
2025-01-20,NB-1187,0.0,0.0,8,98.7
2025-01-27,NB-1187,57.0,98.0,8,98.7
2025-02-03,NB-1187,0.0,113.0,8,98.7
2025-02-10,NB-1187,0.0,0.0,8,98.7
2025-02-17,NB-1187,0.0,0.0,8,98.7
2025-02-24,NB-1187,42.0,0.0,8,98.7
2025-03-03,NB-1187,0.0,145.0,8,98.7
2025-03-10,NB-1187,0.0,0.0,8,98.7
2025-03-17,NB-1187,71.0,0.0,8,98.7
2025-03-24,NB-1187,0.0,0.0,8,98.7
2025-03-31,NB-1187,15.0,0.0,8,98.7
2025-04-07,NB-1187,0.0,0.0,8,98.7
2025-04-14,NB-1187,0.0,92.0,8,98.7
2025-04-21,NB-1187,114.0,0.0,8,98.7
2025-04-28,NB-1187,112.0,0.0,8,98.7
2025-05-05,NB-1187,124.0,120.0,8,98.7
2025-05-12,NB-1187,7.0,115.0,8,98.7
2025-05-19,NB-1187,0.0,0.0,8,98.7
2025-05-26,NB-1187,0.0,143.0,8,98.7
2025-06-02,NB-1187,96.0,0.0,8,98.7
2025-06-09,NB-1187,0.0,0.0,8,98.7
2025-06-16,NB-1187,0.0,0.0,8,98.7
2025-06-23,NB-1187,0.0,0.0,8,98.7
2025-06-30,NB-1187,102.0,0.0,8,98.7
2025-07-07,NB-1187,124.0,0.0,8,98.7
2025-07-14,NB-1187,22.0,0.0,8,98.7
2025-07-21,NB-1187,12.0,0.0,8,98.7
2025-07-28,NB-1187,0.0,138.0,8,98.7
2025-08-04,NB-1187,155.0,0.0,8,98.7
2025-08-11,NB-1187,155.0,109.0,8,98.7
2025-08-18,NB-1187,149.0,0.0,8,98.7
2025-08-25,NB-1187,40.0,0.0,8,98.7
2025-09-01,NB-1187,0.0,0.0,8,98.7
2025-09-08,NB-1187,0.0,138.0,8,98.7
2025-09-15,NB-1187,0.0,0.0,8,98.7
2025-09-22,NB-1187,0.0,0.0,8,98.7
2025-09-29,NB-1187,0.0,0.0,8,98.7
2025-10-06,NB-1187,0.0,0.0,8,98.7
2025-10-13,NB-1187,31.0,107.0,8,98.7
2025-10-20,NB-1187,0.0,0.0,8,98.7
2025-10-27,NB-1187,152.0,146.0,8,98.7
2025-11-03,NB-1187,23.0,0.0,8,98.7
2025-11-10,NB-1187,99.0,0.0,8,98.7
2025-11-17,NB-1187,0.0,0.0,8,98.7
2025-11-24,NB-1187,107.0,107.0,8,98.7
2025-12-01,NB-1187,0.0,133.0,8,98.7
2025-12-08,NB-1187,0.0,0.0,8,98.7
2025-12-15,NB-1187,0.0,0.0,8,98.7
2025-12-22,NB-1187,0.0,0.0,8,98.7
2025-12-29,NB-1187,18.0,0.0,8,98.7
2024-01-01,NB-1188,258.0,0.0,19,230.2
2024-01-08,NB-1188,229.0,0.0,19,230.2
2024-01-15,NB-1188,206.0,226.0,19,230.2
2024-01-22,NB-1188,502.0,0.0,19,230.2
2024-01-29,NB-1188,461.0,0.0,19,230.2
2024-02-05,NB-1188,418.0,0.0,19,230.2
2024-02-12,NB-1188,389.0,0.0,19,230.2
2024-02-19,NB-1188,339.0,0.0,19,230.2
2024-02-26,NB-1188,290.0,0.0,19,230.2
2024-03-04,NB-1188,238.0,0.0,19,230.2
2024-03-11,NB-1188,189.0,234.0,19,230.2
2024-03-18,NB-1188,356.0,0.0,19,230.2
2024-03-25,NB-1188,306.0,0.0,19,230.2
2024-04-01,NB-1188,253.0,0.0,19,230.2
2024-04-08,NB-1188,189.0,0.0,19,230.2
2024-04-15,NB-1188,463.0,0.0,19,230.2
2024-04-22,NB-1188,399.0,0.0,19,230.2
2024-04-29,NB-1188,317.0,0.0,19,230.2
2024-05-06,NB-1188,234.0,0.0,19,230.2
2024-05-13,NB-1188,452.0,0.0,19,230.2
2024-05-20,NB-1188,372.0,0.0,19,230.2
2024-05-27,NB-1188,303.0,0.0,19,230.2
2024-06-03,NB-1188,216.0,0.0,19,230.2
2024-06-10,NB-1188,124.0,347.0,19,230.2
2024-06-17,NB-1188,0.0,0.0,19,230.2
2024-06-24,NB-1188,0.0,0.0,19,230.2
2024-07-01,NB-1188,0.0,0.0,19,230.2
2024-07-08,NB-1188,315.0,0.0,19,230.2
2024-07-15,NB-1188,247.0,0.0,19,230.2
2024-07-22,NB-1188,499.0,0.0,19,230.2
2024-07-29,NB-1188,395.0,0.0,19,230.2
2024-08-05,NB-1188,306.0,0.0,19,230.2
2024-08-12,NB-1188,233.0,0.0,19,230.2
2024-08-19,NB-1188,502.0,0.0,19,230.2
2024-08-26,NB-1188,416.0,0.0,19,230.2
2024-09-02,NB-1188,334.0,0.0,19,230.2
2024-09-09,NB-1188,266.0,0.0,19,230.2
2024-09-16,NB-1188,202.0,0.0,19,230.2
2024-09-23,NB-1188,457.0,0.0,19,230.2
2024-09-30,NB-1188,402.0,0.0,19,230.2
2024-10-07,NB-1188,355.0,0.0,19,230.2
2024-10-14,NB-1188,283.0,0.0,19,230.2
2024-10-21,NB-1188,226.0,285.0,19,230.2
2024-10-28,NB-1188,511.0,0.0,19,230.2
2024-11-04,NB-1188,460.0,0.0,19,230.2
2024-11-11,NB-1188,411.0,0.0,19,230.2
2024-11-18,NB-1188,371.0,0.0,19,230.2
2024-11-25,NB-1188,322.0,0.0,19,230.2
2024-12-02,NB-1188,295.0,0.0,19,230.2
2024-12-09,NB-1188,236.0,0.0,19,230.2
2024-12-16,NB-1188,186.0,0.0,19,230.2
2024-12-23,NB-1188,415.0,0.0,19,230.2
2024-12-30,NB-1188,374.0,0.0,19,230.2
2025-01-06,NB-1188,344.0,0.0,19,230.2
2025-01-13,NB-1188,312.0,0.0,19,230.2
2025-01-20,NB-1188,266.0,0.0,19,230.2
2025-01-27,NB-1188,230.0,0.0,19,230.2
2025-02-03,NB-1188,458.0,260.0,19,230.2
2025-02-10,NB-1188,420.0,0.0,19,230.2
2025-02-17,NB-1188,390.0,0.0,19,230.2
2025-02-24,NB-1188,353.0,0.0,19,230.2
2025-03-03,NB-1188,268.0,0.0,19,230.2
2025-03-10,NB-1188,226.0,294.0,19,230.2
2025-03-17,NB-1188,171.0,267.0,19,230.2
2025-03-24,NB-1188,451.0,0.0,19,230.2
2025-03-31,NB-1188,395.0,0.0,19,230.2
2025-04-07,NB-1188,295.0,0.0,19,230.2
2025-04-14,NB-1188,241.0,0.0,19,230.2
2025-04-21,NB-1188,452.0,0.0,19,230.2
2025-04-28,NB-1188,383.0,0.0,19,230.2
2025-05-05,NB-1188,298.0,0.0,19,230.2
2025-05-12,NB-1188,206.0,0.0,19,230.2
2025-05-19,NB-1188,105.0,0.0,19,230.2
2025-05-26,NB-1188,355.0,0.0,19,230.2
2025-06-02,NB-1188,267.0,0.0,19,230.2
2025-06-09,NB-1188,171.0,352.0,19,230.2
2025-06-16,NB-1188,109.0,0.0,19,230.2
2025-06-23,NB-1188,334.0,0.0,19,230.2
2025-06-30,NB-1188,260.0,0.0,19,230.2
2025-07-07,NB-1188,188.0,0.0,19,230.2
2025-07-14,NB-1188,88.0,0.0,19,230.2
2025-07-21,NB-1188,0.0,0.0,19,230.2
2025-07-28,NB-1188,0.0,0.0,19,230.2
2025-08-04,NB-1188,0.0,0.0,19,230.2
2025-08-11,NB-1188,0.0,0.0,19,230.2
2025-08-18,NB-1188,0.0,0.0,19,230.2
2025-08-25,NB-1188,0.0,0.0,19,230.2
2025-09-01,NB-1188,0.0,0.0,19,230.2
2025-09-08,NB-1188,0.0,0.0,19,230.2
2025-09-15,NB-1188,0.0,0.0,19,230.2
2025-09-22,NB-1188,0.0,0.0,19,230.2
2025-09-29,NB-1188,254.0,0.0,19,230.2
2025-10-06,NB-1188,512.0,324.0,19,230.2
2025-10-13,NB-1188,471.0,0.0,19,230.2
2025-10-20,NB-1188,384.0,0.0,19,230.2
2025-10-27,NB-1188,329.0,0.0,19,230.2
2025-11-03,NB-1188,268.0,0.0,19,230.2
2025-11-10,NB-1188,212.0,0.0,19,230.2
2025-11-17,NB-1188,500.0,0.0,19,230.2
2025-11-24,NB-1188,452.0,0.0,19,230.2
2025-12-01,NB-1188,406.0,0.0,19,230.2
2025-12-08,NB-1188,359.0,0.0,19,230.2
2025-12-15,NB-1188,318.0,0.0,19,230.2
2025-12-22,NB-1188,285.0,0.0,19,230.2
2025-12-29,NB-1188,244.0,0.0,19,230.2
2024-01-01,NB-1189,178.0,0.0,13,612.8
2024-01-08,NB-1189,0.0,0.0,13,612.8
2024-01-15,NB-1189,1385.0,0.0,13,612.8
2024-01-22,NB-1189,1114.0,0.0,13,612.8
2024-01-29,NB-1189,761.0,0.0,13,612.8
2024-02-05,NB-1189,528.0,939.0,13,612.8
2024-02-12,NB-1189,239.0,762.0,13,612.8
2024-02-19,NB-1189,937.0,0.0,13,612.8
2024-02-26,NB-1189,689.0,0.0,13,612.8
2024-03-04,NB-1189,1051.0,0.0,13,612.8
2024-03-11,NB-1189,865.0,0.0,13,612.8
2024-03-18,NB-1189,668.0,0.0,13,612.8
2024-03-25,NB-1189,1190.0,0.0,13,612.8
2024-04-01,NB-1189,1021.0,0.0,13,612.8
2024-04-08,NB-1189,826.0,0.0,13,612.8
2024-04-15,NB-1189,611.0,0.0,13,612.8
2024-04-22,NB-1189,437.0,0.0,13,612.8
2024-04-29,NB-1189,880.0,0.0,13,612.8
2024-05-06,NB-1189,745.0,0.0,13,612.8
2024-05-13,NB-1189,1382.0,835.0,13,612.8
2024-05-20,NB-1189,1218.0,0.0,13,612.8
2024-05-27,NB-1189,1007.0,0.0,13,612.8
2024-06-03,NB-1189,809.0,0.0,13,612.8
2024-06-10,NB-1189,604.0,0.0,13,612.8
2024-06-17,NB-1189,980.0,0.0,13,612.8
2024-06-24,NB-1189,760.0,0.0,13,612.8
2024-07-01,NB-1189,542.0,0.0,13,612.8
2024-07-08,NB-1189,917.0,0.0,13,612.8
2024-07-15,NB-1189,671.0,0.0,13,612.8
2024-07-22,NB-1189,433.0,816.0,13,612.8
2024-07-29,NB-1189,246.0,823.0,13,612.8
2024-08-05,NB-1189,0.0,0.0,13,612.8
2024-08-12,NB-1189,1084.0,569.0,13,612.8
2024-08-19,NB-1189,815.0,0.0,13,612.8
2024-08-26,NB-1189,559.0,0.0,13,612.8
2024-09-02,NB-1189,1237.0,0.0,13,612.8
2024-09-09,NB-1189,985.0,0.0,13,612.8
2024-09-16,NB-1189,706.0,0.0,13,612.8
2024-09-23,NB-1189,340.0,0.0,13,612.8
2024-09-30,NB-1189,14.0,0.0,13,612.8
2024-10-07,NB-1189,875.0,875.0,13,612.8
2024-10-14,NB-1189,1157.0,0.0,13,612.8
2024-10-21,NB-1189,849.0,0.0,13,612.8
2024-10-28,NB-1189,534.0,0.0,13,612.8
2024-11-04,NB-1189,1148.0,0.0,13,612.8
2024-11-11,NB-1189,881.0,0.0,13,612.8
2024-11-18,NB-1189,585.0,797.0,13,612.8
2024-11-25,NB-1189,1095.0,0.0,13,612.8
2024-12-02,NB-1189,840.0,0.0,13,612.8
2024-12-09,NB-1189,515.0,0.0,13,612.8
2024-12-16,NB-1189,253.0,0.0,13,612.8
2024-12-23,NB-1189,0.0,0.0,13,612.8
2024-12-30,NB-1189,907.0,907.0,13,612.8
2025-01-06,NB-1189,579.0,0.0,13,612.8
2025-01-13,NB-1189,275.0,722.0,13,612.8
2025-01-20,NB-1189,62.0,569.0,13,612.8
2025-01-27,NB-1189,0.0,0.0,13,612.8
2025-02-03,NB-1189,431.0,0.0,13,612.8
2025-02-10,NB-1189,980.0,0.0,13,612.8
2025-02-17,NB-1189,805.0,0.0,13,612.8
2025-02-24,NB-1189,592.0,0.0,13,612.8
2025-03-03,NB-1189,909.0,672.0,13,612.8
2025-03-10,NB-1189,702.0,0.0,13,612.8
2025-03-17,NB-1189,504.0,0.0,13,612.8
2025-03-24,NB-1189,322.0,0.0,13,612.8
2025-03-31,NB-1189,651.0,0.0,13,612.8
2025-04-07,NB-1189,405.0,0.0,13,612.8
2025-04-14,NB-1189,167.0,0.0,13,612.8
2025-04-21,NB-1189,0.0,0.0,13,612.8
2025-04-28,NB-1189,577.0,857.0,13,612.8
2025-05-05,NB-1189,408.0,940.0,13,612.8
2025-05-12,NB-1189,1169.0,0.0,13,612.8
2025-05-19,NB-1189,876.0,0.0,13,612.8
2025-05-26,NB-1189,744.0,0.0,13,612.8
2025-06-02,NB-1189,590.0,0.0,13,612.8
2025-06-09,NB-1189,1249.0,0.0,13,612.8
2025-06-16,NB-1189,1068.0,0.0,13,612.8
2025-06-23,NB-1189,866.0,0.0,13,612.8
2025-06-30,NB-1189,673.0,0.0,13,612.8
2025-07-07,NB-1189,1220.0,0.0,13,612.8
2025-07-14,NB-1189,979.0,0.0,13,612.8
2025-07-21,NB-1189,680.0,0.0,13,612.8
2025-07-28,NB-1189,361.0,0.0,13,612.8
2025-08-04,NB-1189,131.0,838.0,13,612.8
2025-08-11,NB-1189,729.0,729.0,13,612.8
2025-08-18,NB-1189,474.0,674.0,13,612.8
2025-08-25,NB-1189,932.0,0.0,13,612.8
2025-09-01,NB-1189,609.0,0.0,13,612.8
2025-09-08,NB-1189,291.0,0.0,13,612.8
2025-09-15,NB-1189,866.0,0.0,13,612.8
2025-09-22,NB-1189,600.0,0.0,13,612.8
2025-09-29,NB-1189,286.0,0.0,13,612.8
2025-10-06,NB-1189,0.0,0.0,13,612.8
2025-10-13,NB-1189,1280.0,0.0,13,612.8
2025-10-20,NB-1189,880.0,0.0,13,612.8
2025-10-27,NB-1189,627.0,0.0,13,612.8
2025-11-03,NB-1189,313.0,0.0,13,612.8
2025-11-10,NB-1189,50.0,0.0,13,612.8
2025-11-17,NB-1189,413.0,0.0,13,612.8
2025-11-24,NB-1189,88.0,833.0,13,612.8
2025-12-01,NB-1189,0.0,0.0,13,612.8
2025-12-08,NB-1189,0.0,0.0,13,612.8
2025-12-15,NB-1189,713.0,0.0,13,612.8
2025-12-22,NB-1189,397.0,0.0,13,612.8
2025-12-29,NB-1189,85.0,0.0,13,612.8
2024-01-01,NB-1190,196.0,480.0,15,477.4
2024-01-08,NB-1190,6.0,0.0,15,477.4
2024-01-15,NB-1190,0.0,0.0,15,477.4
2024-01-22,NB-1190,0.0,0.0,15,477.4
2024-01-29,NB-1190,0.0,0.0,15,477.4
2024-02-05,NB-1190,0.0,0.0,15,477.4
2024-02-12,NB-1190,415.0,0.0,15,477.4
2024-02-19,NB-1190,191.0,710.0,15,477.4
2024-02-26,NB-1190,0.0,506.0,15,477.4
2024-03-04,NB-1190,0.0,658.0,15,477.4
2024-03-11,NB-1190,0.0,0.0,15,477.4
2024-03-18,NB-1190,0.0,0.0,15,477.4
2024-03-25,NB-1190,0.0,0.0,15,477.4
2024-04-01,NB-1190,0.0,550.0,15,477.4
2024-04-08,NB-1190,0.0,0.0,15,477.4
2024-04-15,NB-1190,0.0,0.0,15,477.4
2024-04-22,NB-1190,0.0,614.0,15,477.4
2024-04-29,NB-1190,0.0,673.0,15,477.4
2024-05-06,NB-1190,330.0,0.0,15,477.4
2024-05-13,NB-1190,701.0,0.0,15,477.4
2024-05-20,NB-1190,546.0,0.0,15,477.4
2024-05-27,NB-1190,428.0,0.0,15,477.4
2024-06-03,NB-1190,837.0,549.0,15,477.4
2024-06-10,NB-1190,694.0,0.0,15,477.4
2024-06-17,NB-1190,493.0,0.0,15,477.4
2024-06-24,NB-1190,811.0,481.0,15,477.4
2024-07-01,NB-1190,638.0,0.0,15,477.4
2024-07-08,NB-1190,491.0,0.0,15,477.4
2024-07-15,NB-1190,342.0,468.0,15,477.4
2024-07-22,NB-1190,165.0,0.0,15,477.4
2024-07-29,NB-1190,36.0,586.0,15,477.4
2024-08-05,NB-1190,0.0,0.0,15,477.4
2024-08-12,NB-1190,0.0,0.0,15,477.4
2024-08-19,NB-1190,0.0,0.0,15,477.4
2024-08-26,NB-1190,524.0,0.0,15,477.4
2024-09-02,NB-1190,385.0,0.0,15,477.4
2024-09-09,NB-1190,213.0,0.0,15,477.4
2024-09-16,NB-1190,708.0,0.0,15,477.4
2024-09-23,NB-1190,495.0,0.0,15,477.4
2024-09-30,NB-1190,845.0,0.0,15,477.4
2024-10-07,NB-1190,608.0,0.0,15,477.4
2024-10-14,NB-1190,385.0,0.0,15,477.4
2024-10-21,NB-1190,156.0,0.0,15,477.4
2024-10-28,NB-1190,0.0,0.0,15,477.4
2024-11-04,NB-1190,589.0,0.0,15,477.4
2024-11-11,NB-1190,280.0,524.0,15,477.4
2024-11-18,NB-1190,19.0,0.0,15,477.4
2024-11-25,NB-1190,660.0,660.0,15,477.4
2024-12-02,NB-1190,346.0,0.0,15,477.4
2024-12-09,NB-1190,573.0,0.0,15,477.4
2024-12-16,NB-1190,303.0,0.0,15,477.4
2024-12-23,NB-1190,30.0,0.0,15,477.4
2024-12-30,NB-1190,432.0,0.0,15,477.4
2025-01-06,NB-1190,61.0,538.0,15,477.4
2025-01-13,NB-1190,0.0,0.0,15,477.4
2025-01-20,NB-1190,444.0,444.0,15,477.4
2025-01-27,NB-1190,18.0,0.0,15,477.4
2025-02-03,NB-1190,0.0,0.0,15,477.4
2025-02-10,NB-1190,0.0,0.0,15,477.4
2025-02-17,NB-1190,917.0,0.0,15,477.4
2025-02-24,NB-1190,545.0,0.0,15,477.4
2025-03-03,NB-1190,97.0,0.0,15,477.4
2025-03-10,NB-1190,0.0,0.0,15,477.4
2025-03-17,NB-1190,0.0,0.0,15,477.4
2025-03-24,NB-1190,0.0,0.0,15,477.4
2025-03-31,NB-1190,385.0,0.0,15,477.4
2025-04-07,NB-1190,15.0,446.0,15,477.4
2025-04-14,NB-1190,0.0,482.0,15,477.4
2025-04-21,NB-1190,0.0,0.0,15,477.4
2025-04-28,NB-1190,466.0,0.0,15,477.4
2025-05-05,NB-1190,649.0,0.0,15,477.4
2025-05-12,NB-1190,331.0,612.0,15,477.4
2025-05-19,NB-1190,553.0,0.0,15,477.4
2025-05-26,NB-1190,285.0,0.0,15,477.4
2025-06-02,NB-1190,524.0,0.0,15,477.4
2025-06-09,NB-1190,877.0,0.0,15,477.4
2025-06-16,NB-1190,679.0,0.0,15,477.4
2025-06-23,NB-1190,515.0,0.0,15,477.4
2025-06-30,NB-1190,326.0,0.0,15,477.4
2025-07-07,NB-1190,137.0,0.0,15,477.4
2025-07-14,NB-1190,1040.0,570.0,15,477.4
2025-07-21,NB-1190,808.0,0.0,15,477.4
2025-07-28,NB-1190,594.0,0.0,15,477.4
2025-08-04,NB-1190,406.0,0.0,15,477.4
2025-08-11,NB-1190,154.0,0.0,15,477.4
2025-08-18,NB-1190,589.0,589.0,15,477.4
2025-08-25,NB-1190,350.0,702.0,15,477.4
2025-09-01,NB-1190,125.0,0.0,15,477.4
2025-09-08,NB-1190,1061.0,595.0,15,477.4
2025-09-15,NB-1190,825.0,0.0,15,477.4
2025-09-22,NB-1190,534.0,0.0,15,477.4
2025-09-29,NB-1190,283.0,616.0,15,477.4
2025-10-06,NB-1190,667.0,0.0,15,477.4
2025-10-13,NB-1190,345.0,0.0,15,477.4
2025-10-20,NB-1190,0.0,0.0,15,477.4
2025-10-27,NB-1190,871.0,490.0,15,477.4
2025-11-03,NB-1190,617.0,0.0,15,477.4
2025-11-10,NB-1190,278.0,0.0,15,477.4
2025-11-17,NB-1190,0.0,0.0,15,477.4
2025-11-24,NB-1190,0.0,0.0,15,477.4
2025-12-01,NB-1190,0.0,554.0,15,477.4
2025-12-08,NB-1190,578.0,0.0,15,477.4
2025-12-15,NB-1190,218.0,0.0,15,477.4
2025-12-22,NB-1190,0.0,0.0,15,477.4
2025-12-29,NB-1190,0.0,0.0,15,477.4
2024-01-01,NB-1191,318.0,0.0,19,189.2
2024-01-08,NB-1191,263.0,0.0,19,189.2
2024-01-15,NB-1191,229.0,0.0,19,189.2
2024-01-22,NB-1191,445.0,259.0,19,189.2
2024-01-29,NB-1191,406.0,0.0,19,189.2
2024-02-05,NB-1191,379.0,0.0,19,189.2
2024-02-12,NB-1191,348.0,0.0,19,189.2
2024-02-19,NB-1191,320.0,0.0,19,189.2
2024-02-26,NB-1191,285.0,0.0,19,189.2
2024-03-04,NB-1191,252.0,0.0,19,189.2
2024-03-11,NB-1191,216.0,0.0,19,189.2
2024-03-18,NB-1191,190.0,0.0,19,189.2
2024-03-25,NB-1191,442.0,0.0,19,189.2
2024-04-01,NB-1191,409.0,0.0,19,189.2
2024-04-08,NB-1191,366.0,0.0,19,189.2
2024-04-15,NB-1191,314.0,0.0,19,189.2
2024-04-22,NB-1191,297.0,0.0,19,189.2
2024-04-29,NB-1191,258.0,0.0,19,189.2
2024-05-06,NB-1191,210.0,0.0,19,189.2
2024-05-13,NB-1191,165.0,0.0,19,189.2
2024-05-20,NB-1191,352.0,239.0,19,189.2
2024-05-27,NB-1191,316.0,0.0,19,189.2
2024-06-03,NB-1191,282.0,0.0,19,189.2
2024-06-10,NB-1191,219.0,0.0,19,189.2
2024-06-17,NB-1191,116.0,0.0,19,189.2
2024-06-24,NB-1191,43.0,247.0,19,189.2
2024-07-01,NB-1191,0.0,0.0,19,189.2
2024-07-08,NB-1191,224.0,0.0,19,189.2
2024-07-15,NB-1191,342.0,0.0,19,189.2
2024-07-22,NB-1191,291.0,0.0,19,189.2
2024-07-29,NB-1191,193.0,0.0,19,189.2
2024-08-05,NB-1191,156.0,285.0,19,189.2
2024-08-12,NB-1191,94.0,0.0,19,189.2
2024-08-19,NB-1191,13.0,229.0,19,189.2
2024-08-26,NB-1191,258.0,0.0,19,189.2
2024-09-02,NB-1191,202.0,0.0,19,189.2
2024-09-09,NB-1191,373.0,0.0,19,189.2
2024-09-16,NB-1191,335.0,0.0,19,189.2
2024-09-23,NB-1191,267.0,0.0,19,189.2
2024-09-30,NB-1191,215.0,0.0,19,189.2
2024-10-07,NB-1191,334.0,0.0,19,189.2
2024-10-14,NB-1191,271.0,0.0,19,189.2
2024-10-21,NB-1191,208.0,0.0,19,189.2
2024-10-28,NB-1191,408.0,0.0,19,189.2
2024-11-04,NB-1191,343.0,0.0,19,189.2
2024-11-11,NB-1191,283.0,0.0,19,189.2
2024-11-18,NB-1191,227.0,0.0,19,189.2
2024-11-25,NB-1191,154.0,0.0,19,189.2
2024-12-02,NB-1191,321.0,0.0,19,189.2
2024-12-09,NB-1191,274.0,0.0,19,189.2
2024-12-16,NB-1191,196.0,0.0,19,189.2
2024-12-23,NB-1191,145.0,0.0,19,189.2
2024-12-30,NB-1191,90.0,0.0,19,189.2
2025-01-06,NB-1191,34.0,211.0,19,189.2
2025-01-13,NB-1191,0.0,250.0,19,189.2
2025-01-20,NB-1191,0.0,0.0,19,189.2
2025-01-27,NB-1191,0.0,0.0,19,189.2
2025-02-03,NB-1191,0.0,0.0,19,189.2
2025-02-10,NB-1191,0.0,0.0,19,189.2
2025-02-17,NB-1191,0.0,0.0,19,189.2
2025-02-24,NB-1191,0.0,269.0,19,189.2
2025-03-03,NB-1191,0.0,0.0,19,189.2
2025-03-10,NB-1191,0.0,0.0,19,189.2
2025-03-17,NB-1191,0.0,0.0,19,189.2
2025-03-24,NB-1191,0.0,0.0,19,189.2
2025-03-31,NB-1191,0.0,0.0,19,189.2
2025-04-07,NB-1191,0.0,0.0,19,189.2
2025-04-14,NB-1191,255.0,0.0,19,189.2
2025-04-21,NB-1191,215.0,0.0,19,189.2
2025-04-28,NB-1191,182.0,0.0,19,189.2
2025-05-05,NB-1191,135.0,202.0,19,189.2
2025-05-12,NB-1191,82.0,0.0,19,189.2
2025-05-19,NB-1191,18.0,0.0,19,189.2
2025-05-26,NB-1191,201.0,0.0,19,189.2
2025-06-02,NB-1191,371.0,225.0,19,189.2
2025-06-09,NB-1191,314.0,0.0,19,189.2
2025-06-16,NB-1191,267.0,0.0,19,189.2
2025-06-23,NB-1191,200.0,0.0,19,189.2
2025-06-30,NB-1191,136.0,0.0,19,189.2
2025-07-07,NB-1191,284.0,0.0,19,189.2
2025-07-14,NB-1191,209.0,0.0,19,189.2
2025-07-21,NB-1191,122.0,0.0,19,189.2
2025-07-28,NB-1191,212.0,0.0,19,189.2
2025-08-04,NB-1191,139.0,0.0,19,189.2
2025-08-11,NB-1191,41.0,0.0,19,189.2
2025-08-18,NB-1191,0.0,284.0,19,189.2
2025-08-25,NB-1191,220.0,0.0,19,189.2
2025-09-01,NB-1191,107.0,0.0,19,189.2
2025-09-08,NB-1191,8.0,0.0,19,189.2
2025-09-15,NB-1191,166.0,0.0,19,189.2
2025-09-22,NB-1191,327.0,0.0,19,189.2
2025-09-29,NB-1191,267.0,0.0,19,189.2
2025-10-06,NB-1191,208.0,0.0,19,189.2
2025-10-13,NB-1191,289.0,0.0,19,189.2
2025-10-20,NB-1191,192.0,0.0,19,189.2
2025-10-27,NB-1191,303.0,0.0,19,189.2
2025-11-03,NB-1191,227.0,0.0,19,189.2
2025-11-10,NB-1191,335.0,0.0,19,189.2
2025-11-17,NB-1191,282.0,0.0,19,189.2
2025-11-24,NB-1191,200.0,0.0,19,189.2
2025-12-01,NB-1191,132.0,0.0,19,189.2
2025-12-08,NB-1191,262.0,0.0,19,189.2
2025-12-15,NB-1191,207.0,0.0,19,189.2
2025-12-22,NB-1191,160.0,0.0,19,189.2
2025-12-29,NB-1191,135.0,254.0,19,189.2
2024-01-01,NB-1192,235.0,0.0,14,133.0
2024-01-08,NB-1192,199.0,0.0,14,133.0
2024-01-15,NB-1192,132.0,0.0,14,133.0
2024-01-22,NB-1192,80.0,0.0,14,133.0
2024-01-29,NB-1192,36.0,203.0,14,133.0
2024-02-05,NB-1192,0.0,152.0,14,133.0
2024-02-12,NB-1192,0.0,0.0,14,133.0
2024-02-19,NB-1192,0.0,0.0,14,133.0
2024-02-26,NB-1192,0.0,0.0,14,133.0
2024-03-04,NB-1192,0.0,0.0,14,133.0
2024-03-11,NB-1192,192.0,0.0,14,133.0
2024-03-18,NB-1192,145.0,0.0,14,133.0
2024-03-25,NB-1192,123.0,0.0,14,133.0
2024-04-01,NB-1192,278.0,0.0,14,133.0
2024-04-08,NB-1192,222.0,0.0,14,133.0
2024-04-15,NB-1192,179.0,0.0,14,133.0
2024-04-22,NB-1192,143.0,0.0,14,133.0
2024-04-29,NB-1192,268.0,0.0,14,133.0
2024-05-06,NB-1192,230.0,0.0,14,133.0
2024-05-13,NB-1192,179.0,0.0,14,133.0
2024-05-20,NB-1192,140.0,0.0,14,133.0
2024-05-27,NB-1192,95.0,0.0,14,133.0
2024-06-03,NB-1192,196.0,0.0,14,133.0
2024-06-10,NB-1192,140.0,0.0,14,133.0
2024-06-17,NB-1192,93.0,0.0,14,133.0
2024-06-24,NB-1192,243.0,0.0,14,133.0
2024-07-01,NB-1192,191.0,0.0,14,133.0
2024-07-08,NB-1192,142.0,0.0,14,133.0
2024-07-15,NB-1192,76.0,0.0,14,133.0
2024-07-22,NB-1192,30.0,184.0,14,133.0
2024-07-29,NB-1192,0.0,0.0,14,133.0
2024-08-05,NB-1192,0.0,0.0,14,133.0
2024-08-12,NB-1192,0.0,0.0,14,133.0
2024-08-19,NB-1192,165.0,0.0,14,133.0
2024-08-26,NB-1192,110.0,0.0,14,133.0
2024-09-02,NB-1192,252.0,0.0,14,133.0
2024-09-09,NB-1192,189.0,0.0,14,133.0
2024-09-16,NB-1192,139.0,0.0,14,133.0
2024-09-23,NB-1192,68.0,0.0,14,133.0
2024-09-30,NB-1192,229.0,0.0,14,133.0
2024-10-07,NB-1192,192.0,0.0,14,133.0
2024-10-14,NB-1192,133.0,0.0,14,133.0
2024-10-21,NB-1192,77.0,138.0,14,133.0
2024-10-28,NB-1192,15.0,0.0,14,133.0
2024-11-04,NB-1192,0.0,0.0,14,133.0
2024-11-11,NB-1192,0.0,0.0,14,133.0
2024-11-18,NB-1192,128.0,128.0,14,133.0
2024-11-25,NB-1192,52.0,203.0,14,133.0
2024-12-02,NB-1192,166.0,166.0,14,133.0
2024-12-09,NB-1192,101.0,0.0,14,133.0
2024-12-16,NB-1192,220.0,0.0,14,133.0
2024-12-23,NB-1192,187.0,0.0,14,133.0
2024-12-30,NB-1192,134.0,0.0,14,133.0
2025-01-06,NB-1192,86.0,0.0,14,133.0
2025-01-13,NB-1192,37.0,201.0,14,133.0
2025-01-20,NB-1192,0.0,0.0,14,133.0
2025-01-27,NB-1192,0.0,0.0,14,133.0
2025-02-03,NB-1192,119.0,0.0,14,133.0
2025-02-10,NB-1192,245.0,0.0,14,133.0
2025-02-17,NB-1192,208.0,0.0,14,133.0
2025-02-24,NB-1192,154.0,0.0,14,133.0
2025-03-03,NB-1192,252.0,0.0,14,133.0
2025-03-10,NB-1192,212.0,0.0,14,133.0
2025-03-17,NB-1192,160.0,0.0,14,133.0
2025-03-24,NB-1192,114.0,0.0,14,133.0
2025-03-31,NB-1192,60.0,0.0,14,133.0
2025-04-07,NB-1192,0.0,0.0,14,133.0
2025-04-14,NB-1192,0.0,0.0,14,133.0
2025-04-21,NB-1192,0.0,168.0,14,133.0
2025-04-28,NB-1192,0.0,0.0,14,133.0
2025-05-05,NB-1192,281.0,180.0,14,133.0
2025-05-12,NB-1192,220.0,0.0,14,133.0
2025-05-19,NB-1192,159.0,0.0,14,133.0
2025-05-26,NB-1192,125.0,0.0,14,133.0
2025-06-02,NB-1192,78.0,0.0,14,133.0
2025-06-09,NB-1192,32.0,0.0,14,133.0
2025-06-16,NB-1192,171.0,0.0,14,133.0
2025-06-23,NB-1192,116.0,0.0,14,133.0
2025-06-30,NB-1192,71.0,0.0,14,133.0
2025-07-07,NB-1192,177.0,0.0,14,133.0
2025-07-14,NB-1192,293.0,0.0,14,133.0
2025-07-21,NB-1192,217.0,0.0,14,133.0
2025-07-28,NB-1192,159.0,0.0,14,133.0
2025-08-04,NB-1192,297.0,192.0,14,133.0
2025-08-11,NB-1192,241.0,0.0,14,133.0
2025-08-18,NB-1192,197.0,0.0,14,133.0
2025-08-25,NB-1192,131.0,0.0,14,133.0
2025-09-01,NB-1192,49.0,0.0,14,133.0
2025-09-08,NB-1192,177.0,0.0,14,133.0
2025-09-15,NB-1192,129.0,0.0,14,133.0
2025-09-22,NB-1192,240.0,0.0,14,133.0
2025-09-29,NB-1192,198.0,0.0,14,133.0
2025-10-06,NB-1192,133.0,0.0,14,133.0
2025-10-13,NB-1192,85.0,0.0,14,133.0
2025-10-20,NB-1192,0.0,0.0,14,133.0
2025-10-27,NB-1192,0.0,131.0,14,133.0
2025-11-03,NB-1192,0.0,0.0,14,133.0
2025-11-10,NB-1192,0.0,0.0,14,133.0
2025-11-17,NB-1192,0.0,0.0,14,133.0
2025-11-24,NB-1192,143.0,0.0,14,133.0
2025-12-01,NB-1192,81.0,0.0,14,133.0
2025-12-08,NB-1192,202.0,0.0,14,133.0
2025-12-15,NB-1192,149.0,0.0,14,133.0
2025-12-22,NB-1192,208.0,0.0,14,133.0
2025-12-29,NB-1192,143.0,0.0,14,133.0
2024-01-01,NB-1193,339.0,0.0,18,83.3
2024-01-08,NB-1193,323.0,0.0,18,83.3
2024-01-15,NB-1193,314.0,0.0,18,83.3
2024-01-22,NB-1193,305.0,0.0,18,83.3
2024-01-29,NB-1193,297.0,0.0,18,83.3
2024-02-05,NB-1193,283.0,0.0,18,83.3
2024-02-12,NB-1193,267.0,0.0,18,83.3
2024-02-19,NB-1193,257.0,0.0,18,83.3
2024-02-26,NB-1193,244.0,0.0,18,83.3
2024-03-04,NB-1193,234.0,0.0,18,83.3
2024-03-11,NB-1193,223.0,0.0,18,83.3
2024-03-18,NB-1193,205.0,0.0,18,83.3
2024-03-25,NB-1193,196.0,0.0,18,83.3
2024-04-01,NB-1193,185.0,0.0,18,83.3
2024-04-08,NB-1193,173.0,0.0,18,83.3
2024-04-15,NB-1193,148.0,0.0,18,83.3
2024-04-22,NB-1193,138.0,0.0,18,83.3
2024-04-29,NB-1193,121.0,0.0,18,83.3
2024-05-06,NB-1193,90.0,0.0,18,83.3
2024-05-13,NB-1193,68.0,0.0,18,83.3
2024-05-20,NB-1193,131.0,0.0,18,83.3
2024-05-27,NB-1193,96.0,0.0,18,83.3
2024-06-03,NB-1193,66.0,0.0,18,83.3
2024-06-10,NB-1193,161.0,0.0,18,83.3
2024-06-17,NB-1193,123.0,0.0,18,83.3
2024-06-24,NB-1193,88.0,0.0,18,83.3
2024-07-01,NB-1193,64.0,0.0,18,83.3
2024-07-08,NB-1193,164.0,0.0,18,83.3
2024-07-15,NB-1193,137.0,0.0,18,83.3
2024-07-22,NB-1193,104.0,0.0,18,83.3
2024-07-29,NB-1193,196.0,0.0,18,83.3
2024-08-05,NB-1193,148.0,0.0,18,83.3
2024-08-12,NB-1193,108.0,0.0,18,83.3
2024-08-19,NB-1193,178.0,0.0,18,83.3
2024-08-26,NB-1193,137.0,0.0,18,83.3
2024-09-02,NB-1193,114.0,0.0,18,83.3
2024-09-09,NB-1193,78.0,0.0,18,83.3
2024-09-16,NB-1193,133.0,0.0,18,83.3
2024-09-23,NB-1193,109.0,0.0,18,83.3
2024-09-30,NB-1193,89.0,0.0,18,83.3
2024-10-07,NB-1193,64.0,0.0,18,83.3
2024-10-14,NB-1193,36.0,0.0,18,83.3
2024-10-21,NB-1193,95.0,0.0,18,83.3
2024-10-28,NB-1193,65.0,0.0,18,83.3
2024-11-04,NB-1193,44.0,0.0,18,83.3
2024-11-11,NB-1193,138.0,0.0,18,83.3
2024-11-18,NB-1193,129.0,0.0,18,83.3
2024-11-25,NB-1193,111.0,0.0,18,83.3
2024-12-02,NB-1193,96.0,0.0,18,83.3
2024-12-09,NB-1193,92.0,0.0,18,83.3
2024-12-16,NB-1193,178.0,0.0,18,83.3
2024-12-23,NB-1193,160.0,0.0,18,83.3
2024-12-30,NB-1193,149.0,0.0,18,83.3
2025-01-06,NB-1193,142.0,0.0,18,83.3
2025-01-13,NB-1193,133.0,0.0,18,83.3
2025-01-20,NB-1193,124.0,0.0,18,83.3
2025-01-27,NB-1193,117.0,0.0,18,83.3
2025-02-03,NB-1193,106.0,0.0,18,83.3
2025-02-10,NB-1193,91.0,0.0,18,83.3
2025-02-17,NB-1193,81.0,0.0,18,83.3
2025-02-24,NB-1193,156.0,0.0,18,83.3
2025-03-03,NB-1193,128.0,0.0,18,83.3
2025-03-10,NB-1193,115.0,0.0,18,83.3
2025-03-17,NB-1193,104.0,0.0,18,83.3
2025-03-24,NB-1193,93.0,0.0,18,83.3
2025-03-31,NB-1193,60.0,104.0,18,83.3
2025-04-07,NB-1193,155.0,0.0,18,83.3
2025-04-14,NB-1193,136.0,0.0,18,83.3
2025-04-21,NB-1193,119.0,0.0,18,83.3
2025-04-28,NB-1193,96.0,0.0,18,83.3
2025-05-05,NB-1193,59.0,0.0,18,83.3
2025-05-12,NB-1193,31.0,89.0,18,83.3
2025-05-19,NB-1193,86.0,0.0,18,83.3
2025-05-26,NB-1193,65.0,111.0,18,83.3
2025-06-02,NB-1193,170.0,0.0,18,83.3
2025-06-09,NB-1193,149.0,0.0,18,83.3
2025-06-16,NB-1193,114.0,0.0,18,83.3
2025-06-23,NB-1193,80.0,0.0,18,83.3
2025-06-30,NB-1193,44.0,0.0,18,83.3
2025-07-07,NB-1193,135.0,0.0,18,83.3
2025-07-14,NB-1193,103.0,0.0,18,83.3
2025-07-21,NB-1193,161.0,0.0,18,83.3
2025-07-28,NB-1193,128.0,0.0,18,83.3
2025-08-04,NB-1193,86.0,0.0,18,83.3
2025-08-11,NB-1193,171.0,0.0,18,83.3
2025-08-18,NB-1193,138.0,0.0,18,83.3
2025-08-25,NB-1193,118.0,0.0,18,83.3
2025-09-01,NB-1193,190.0,117.0,18,83.3
2025-09-08,NB-1193,155.0,0.0,18,83.3
2025-09-15,NB-1193,129.0,0.0,18,83.3
2025-09-22,NB-1193,100.0,0.0,18,83.3
2025-09-29,NB-1193,71.0,82.0,18,83.3
2025-10-06,NB-1193,160.0,0.0,18,83.3
2025-10-13,NB-1193,138.0,0.0,18,83.3
2025-10-20,NB-1193,88.0,0.0,18,83.3
2025-10-27,NB-1193,69.0,83.0,18,83.3
2025-11-03,NB-1193,182.0,0.0,18,83.3
2025-11-10,NB-1193,169.0,0.0,18,83.3
2025-11-17,NB-1193,146.0,0.0,18,83.3
2025-11-24,NB-1193,125.0,0.0,18,83.3
2025-12-01,NB-1193,97.0,0.0,18,83.3
2025-12-08,NB-1193,84.0,0.0,18,83.3
2025-12-15,NB-1193,79.0,0.0,18,83.3
2025-12-22,NB-1193,157.0,0.0,18,83.3
2025-12-29,NB-1193,154.0,0.0,18,83.3
2024-01-01,NB-1194,207.0,0.0,20,512.2
2024-01-08,NB-1194,556.0,0.0,20,512.2
2024-01-15,NB-1194,419.0,0.0,20,512.2
2024-01-22,NB-1194,231.0,0.0,20,512.2
2024-01-29,NB-1194,65.0,586.0,20,512.2
2024-02-05,NB-1194,544.0,0.0,20,512.2
2024-02-12,NB-1194,884.0,0.0,20,512.2
2024-02-19,NB-1194,756.0,0.0,20,512.2
2024-02-26,NB-1194,580.0,0.0,20,512.2
2024-03-04,NB-1194,452.0,0.0,20,512.2
2024-03-11,NB-1194,336.0,0.0,20,512.2
2024-03-18,NB-1194,192.0,696.0,20,512.2
2024-03-25,NB-1194,80.0,0.0,20,512.2
2024-04-01,NB-1194,771.0,0.0,20,512.2
2024-04-08,NB-1194,630.0,0.0,20,512.2
2024-04-15,NB-1194,476.0,0.0,20,512.2
2024-04-22,NB-1194,341.0,0.0,20,512.2
2024-04-29,NB-1194,193.0,528.0,20,512.2
2024-05-06,NB-1194,81.0,0.0,20,512.2
2024-05-13,NB-1194,0.0,0.0,20,512.2
2024-05-20,NB-1194,538.0,0.0,20,512.2
2024-05-27,NB-1194,394.0,0.0,20,512.2
2024-06-03,NB-1194,852.0,0.0,20,512.2
2024-06-10,NB-1194,749.0,0.0,20,512.2
2024-06-17,NB-1194,599.0,0.0,20,512.2
2024-06-24,NB-1194,470.0,551.0,20,512.2
2024-07-01,NB-1194,317.0,0.0,20,512.2
2024-07-08,NB-1194,729.0,0.0,20,512.2
2024-07-15,NB-1194,622.0,0.0,20,512.2
2024-07-22,NB-1194,540.0,0.0,20,512.2
2024-07-29,NB-1194,434.0,679.0,20,512.2
2024-08-05,NB-1194,991.0,0.0,20,512.2
2024-08-12,NB-1194,909.0,0.0,20,512.2
2024-08-19,NB-1194,802.0,0.0,20,512.2
2024-08-26,NB-1194,710.0,0.0,20,512.2
2024-09-02,NB-1194,579.0,0.0,20,512.2
2024-09-09,NB-1194,480.0,539.0,20,512.2
2024-09-16,NB-1194,1014.0,0.0,20,512.2
2024-09-23,NB-1194,895.0,0.0,20,512.2
2024-09-30,NB-1194,783.0,0.0,20,512.2
2024-10-07,NB-1194,660.0,0.0,20,512.2
2024-10-14,NB-1194,510.0,0.0,20,512.2
2024-10-21,NB-1194,374.0,653.0,20,512.2
2024-10-28,NB-1194,272.0,0.0,20,512.2
2024-11-04,NB-1194,117.0,507.0,20,512.2
2024-11-11,NB-1194,0.0,0.0,20,512.2
2024-11-18,NB-1194,0.0,0.0,20,512.2
2024-11-25,NB-1194,523.0,0.0,20,512.2
2024-12-02,NB-1194,390.0,529.0,20,512.2
2024-12-09,NB-1194,253.0,716.0,20,512.2
2024-12-16,NB-1194,117.0,510.0,20,512.2
2024-12-23,NB-1194,784.0,0.0,20,512.2
2024-12-30,NB-1194,633.0,0.0,20,512.2
2025-01-06,NB-1194,464.0,0.0,20,512.2
2025-01-13,NB-1194,347.0,0.0,20,512.2
2025-01-20,NB-1194,189.0,0.0,20,512.2
2025-01-27,NB-1194,713.0,0.0,20,512.2
2025-02-03,NB-1194,583.0,0.0,20,512.2
2025-02-10,NB-1194,455.0,0.0,20,512.2
2025-02-17,NB-1194,314.0,0.0,20,512.2
2025-02-24,NB-1194,187.0,0.0,20,512.2
2025-03-03,NB-1194,460.0,0.0,20,512.2
2025-03-10,NB-1194,341.0,0.0,20,512.2
2025-03-17,NB-1194,209.0,0.0,20,512.2
2025-03-24,NB-1194,99.0,0.0,20,512.2
2025-03-31,NB-1194,0.0,0.0,20,512.2
2025-04-07,NB-1194,633.0,0.0,20,512.2
2025-04-14,NB-1194,1093.0,0.0,20,512.2
2025-04-21,NB-1194,999.0,0.0,20,512.2
2025-04-28,NB-1194,864.0,0.0,20,512.2
2025-05-05,NB-1194,745.0,0.0,20,512.2
2025-05-12,NB-1194,616.0,0.0,20,512.2
2025-05-19,NB-1194,1004.0,0.0,20,512.2
2025-05-26,NB-1194,926.0,0.0,20,512.2
2025-06-02,NB-1194,825.0,0.0,20,512.2
2025-06-09,NB-1194,732.0,0.0,20,512.2
2025-06-16,NB-1194,629.0,0.0,20,512.2
2025-06-23,NB-1194,536.0,0.0,20,512.2
2025-06-30,NB-1194,415.0,496.0,20,512.2
2025-07-07,NB-1194,314.0,0.0,20,512.2
2025-07-14,NB-1194,223.0,0.0,20,512.2
2025-07-21,NB-1194,69.0,0.0,20,512.2
2025-07-28,NB-1194,0.0,593.0,20,512.2
2025-08-04,NB-1194,0.0,0.0,20,512.2
2025-08-11,NB-1194,0.0,640.0,20,512.2
2025-08-18,NB-1194,0.0,0.0,20,512.2
2025-08-25,NB-1194,0.0,0.0,20,512.2
2025-09-01,NB-1194,0.0,590.0,20,512.2
2025-09-08,NB-1194,422.0,0.0,20,512.2
2025-09-15,NB-1194,299.0,647.0,20,512.2
2025-09-22,NB-1194,155.0,0.0,20,512.2
2025-09-29,NB-1194,533.0,0.0,20,512.2
2025-10-06,NB-1194,1122.0,0.0,20,512.2
2025-10-13,NB-1194,1000.0,0.0,20,512.2
2025-10-20,NB-1194,851.0,0.0,20,512.2
2025-10-27,NB-1194,739.0,0.0,20,512.2
2025-11-03,NB-1194,625.0,0.0,20,512.2
2025-11-10,NB-1194,514.0,0.0,20,512.2
2025-11-17,NB-1194,834.0,0.0,20,512.2
2025-11-24,NB-1194,675.0,0.0,20,512.2
2025-12-01,NB-1194,550.0,0.0,20,512.2
2025-12-08,NB-1194,934.0,0.0,20,512.2
2025-12-15,NB-1194,791.0,0.0,20,512.2
2025-12-22,NB-1194,676.0,0.0,20,512.2
2025-12-29,NB-1194,552.0,0.0,20,512.2
2024-01-01,NB-1195,369.0,295.0,13,245.4
2024-01-08,NB-1195,250.0,0.0,13,245.4
2024-01-15,NB-1195,125.0,0.0,13,245.4
2024-01-22,NB-1195,21.0,0.0,13,245.4
2024-01-29,NB-1195,0.0,0.0,13,245.4
2024-02-05,NB-1195,0.0,239.0,13,245.4
2024-02-12,NB-1195,0.0,0.0,13,245.4
2024-02-19,NB-1195,0.0,0.0,13,245.4
2024-02-26,NB-1195,0.0,0.0,13,245.4
2024-03-04,NB-1195,0.0,0.0,13,245.4
2024-03-11,NB-1195,301.0,0.0,13,245.4
2024-03-18,NB-1195,221.0,0.0,13,245.4
2024-03-25,NB-1195,451.0,0.0,13,245.4
2024-04-01,NB-1195,355.0,0.0,13,245.4
2024-04-08,NB-1195,275.0,0.0,13,245.4
2024-04-15,NB-1195,187.0,0.0,13,245.4
2024-04-22,NB-1195,419.0,0.0,13,245.4
2024-04-29,NB-1195,349.0,0.0,13,245.4
2024-05-06,NB-1195,277.0,0.0,13,245.4
2024-05-13,NB-1195,193.0,0.0,13,245.4
2024-05-20,NB-1195,394.0,0.0,13,245.4
2024-05-27,NB-1195,323.0,0.0,13,245.4
2024-06-03,NB-1195,265.0,0.0,13,245.4
2024-06-10,NB-1195,221.0,0.0,13,245.4
2024-06-17,NB-1195,112.0,324.0,13,245.4
2024-06-24,NB-1195,27.0,0.0,13,245.4
2024-07-01,NB-1195,0.0,0.0,13,245.4
2024-07-08,NB-1195,223.0,0.0,13,245.4
2024-07-15,NB-1195,165.0,309.0,13,245.4
2024-07-22,NB-1195,415.0,0.0,13,245.4
2024-07-29,NB-1195,345.0,0.0,13,245.4
2024-08-05,NB-1195,283.0,0.0,13,245.4
2024-08-12,NB-1195,229.0,0.0,13,245.4
2024-08-19,NB-1195,141.0,0.0,13,245.4
2024-08-26,NB-1195,79.0,0.0,13,245.4
2024-09-02,NB-1195,4.0,0.0,13,245.4
2024-09-09,NB-1195,0.0,0.0,13,245.4
2024-09-16,NB-1195,289.0,0.0,13,245.4
2024-09-23,NB-1195,468.0,275.0,13,245.4
2024-09-30,NB-1195,377.0,0.0,13,245.4
2024-10-07,NB-1195,280.0,0.0,13,245.4
2024-10-14,NB-1195,158.0,0.0,13,245.4
2024-10-21,NB-1195,350.0,0.0,13,245.4
2024-10-28,NB-1195,242.0,0.0,13,245.4
2024-11-04,NB-1195,129.0,0.0,13,245.4
2024-11-11,NB-1195,304.0,0.0,13,245.4
2024-11-18,NB-1195,441.0,246.0,13,245.4
2024-11-25,NB-1195,337.0,0.0,13,245.4
2024-12-02,NB-1195,245.0,300.0,13,245.4
2024-12-09,NB-1195,461.0,0.0,13,245.4
2024-12-16,NB-1195,358.0,0.0,13,245.4
2024-12-23,NB-1195,241.0,0.0,13,245.4
2024-12-30,NB-1195,457.0,0.0,13,245.4
2025-01-06,NB-1195,347.0,0.0,13,245.4
2025-01-13,NB-1195,267.0,0.0,13,245.4
2025-01-20,NB-1195,137.0,0.0,13,245.4
2025-01-27,NB-1195,28.0,0.0,13,245.4
2025-02-03,NB-1195,0.0,0.0,13,245.4
2025-02-10,NB-1195,0.0,316.0,13,245.4
2025-02-17,NB-1195,296.0,0.0,13,245.4
2025-02-24,NB-1195,181.0,0.0,13,245.4
2025-03-03,NB-1195,52.0,0.0,13,245.4
2025-03-10,NB-1195,0.0,0.0,13,245.4
2025-03-17,NB-1195,0.0,320.0,13,245.4
2025-03-24,NB-1195,0.0,328.0,13,245.4
2025-03-31,NB-1195,0.0,0.0,13,245.4
2025-04-07,NB-1195,0.0,0.0,13,245.4
2025-04-14,NB-1195,566.0,0.0,13,245.4
2025-04-21,NB-1195,487.0,0.0,13,245.4
2025-04-28,NB-1195,432.0,0.0,13,245.4
2025-05-05,NB-1195,352.0,0.0,13,245.4
2025-05-12,NB-1195,278.0,0.0,13,245.4
2025-05-19,NB-1195,188.0,0.0,13,245.4
2025-05-26,NB-1195,126.0,0.0,13,245.4
2025-06-02,NB-1195,65.0,0.0,13,245.4
2025-06-09,NB-1195,0.0,0.0,13,245.4
2025-06-16,NB-1195,345.0,0.0,13,245.4
2025-06-23,NB-1195,271.0,0.0,13,245.4
2025-06-30,NB-1195,195.0,0.0,13,245.4
2025-07-07,NB-1195,495.0,0.0,13,245.4
2025-07-14,NB-1195,433.0,0.0,13,245.4
2025-07-21,NB-1195,362.0,0.0,13,245.4
2025-07-28,NB-1195,288.0,0.0,13,245.4
2025-08-04,NB-1195,220.0,0.0,13,245.4
2025-08-11,NB-1195,445.0,0.0,13,245.4
2025-08-18,NB-1195,376.0,0.0,13,245.4
2025-08-25,NB-1195,313.0,0.0,13,245.4
2025-09-01,NB-1195,231.0,0.0,13,245.4
2025-09-08,NB-1195,113.0,0.0,13,245.4
2025-09-15,NB-1195,38.0,0.0,13,245.4
2025-09-22,NB-1195,0.0,0.0,13,245.4
2025-09-29,NB-1195,297.0,297.0,13,245.4
2025-10-06,NB-1195,215.0,0.0,13,245.4
2025-10-13,NB-1195,408.0,289.0,13,245.4
2025-10-20,NB-1195,274.0,0.0,13,245.4
2025-10-27,NB-1195,521.0,0.0,13,245.4
2025-11-03,NB-1195,439.0,0.0,13,245.4
2025-11-10,NB-1195,330.0,0.0,13,245.4
2025-11-17,NB-1195,221.0,0.0,13,245.4
2025-11-24,NB-1195,120.0,0.0,13,245.4
2025-12-01,NB-1195,32.0,0.0,13,245.4
2025-12-08,NB-1195,0.0,0.0,13,245.4
2025-12-15,NB-1195,242.0,0.0,13,245.4
2025-12-22,NB-1195,453.0,0.0,13,245.4
2025-12-29,NB-1195,353.0,0.0,13,245.4
2024-01-01,NB-1196,214.0,728.0,12,499.0
2024-01-08,NB-1196,0.0,0.0,12,499.0
2024-01-15,NB-1196,0.0,515.0,12,499.0
2024-01-22,NB-1196,0.0,0.0,12,499.0
2024-01-29,NB-1196,0.0,0.0,12,499.0
2024-02-05,NB-1196,0.0,472.0,12,499.0
2024-02-12,NB-1196,0.0,0.0,12,499.0
2024-02-19,NB-1196,558.0,0.0,12,499.0
2024-02-26,NB-1196,359.0,477.0,12,499.0
2024-03-04,NB-1196,204.0,0.0,12,499.0
2024-03-11,NB-1196,29.0,466.0,12,499.0
2024-03-18,NB-1196,0.0,711.0,12,499.0
2024-03-25,NB-1196,0.0,0.0,12,499.0
2024-04-01,NB-1196,659.0,0.0,12,499.0
2024-04-08,NB-1196,514.0,0.0,12,499.0
2024-04-15,NB-1196,365.0,484.0,12,499.0
2024-04-22,NB-1196,213.0,0.0,12,499.0
2024-04-29,NB-1196,72.0,0.0,12,499.0
2024-05-06,NB-1196,0.0,684.0,12,499.0
2024-05-13,NB-1196,611.0,0.0,12,499.0
2024-05-20,NB-1196,473.0,0.0,12,499.0
2024-05-27,NB-1196,325.0,0.0,12,499.0
2024-06-03,NB-1196,173.0,0.0,12,499.0
2024-06-10,NB-1196,0.0,0.0,12,499.0
2024-06-17,NB-1196,0.0,479.0,12,499.0
2024-06-24,NB-1196,657.0,657.0,12,499.0
2024-07-01,NB-1196,435.0,0.0,12,499.0
2024-07-08,NB-1196,142.0,0.0,12,499.0
2024-07-15,NB-1196,591.0,0.0,12,499.0
2024-07-22,NB-1196,364.0,0.0,12,499.0
2024-07-29,NB-1196,50.0,0.0,12,499.0
2024-08-05,NB-1196,677.0,677.0,12,499.0
2024-08-12,NB-1196,1139.0,0.0,12,499.0
2024-08-19,NB-1196,806.0,0.0,12,499.0
2024-08-26,NB-1196,448.0,707.0,12,499.0
2024-09-02,NB-1196,108.0,705.0,12,499.0
2024-09-09,NB-1196,872.0,0.0,12,499.0
2024-09-16,NB-1196,489.0,0.0,12,499.0
2024-09-23,NB-1196,113.0,714.0,12,499.0
2024-09-30,NB-1196,0.0,0.0,12,499.0
2024-10-07,NB-1196,440.0,0.0,12,499.0
2024-10-14,NB-1196,718.0,0.0,12,499.0
2024-10-21,NB-1196,255.0,0.0,12,499.0
2024-10-28,NB-1196,0.0,738.0,12,499.0
2024-11-04,NB-1196,414.0,0.0,12,499.0
2024-11-11,NB-1196,46.0,0.0,12,499.0
2024-11-18,NB-1196,0.0,0.0,12,499.0
2024-11-25,NB-1196,0.0,710.0,12,499.0
2024-12-02,NB-1196,0.0,0.0,12,499.0
2024-12-09,NB-1196,0.0,749.0,12,499.0
2024-12-16,NB-1196,0.0,0.0,12,499.0
2024-12-23,NB-1196,0.0,0.0,12,499.0
2024-12-30,NB-1196,0.0,0.0,12,499.0
2025-01-06,NB-1196,0.0,753.0,12,499.0
2025-01-13,NB-1196,0.0,0.0,12,499.0
2025-01-20,NB-1196,0.0,0.0,12,499.0
2025-01-27,NB-1196,0.0,541.0,12,499.0
2025-02-03,NB-1196,302.0,639.0,12,499.0
2025-02-10,NB-1196,0.0,637.0,12,499.0
2025-02-17,NB-1196,0.0,0.0,12,499.0
2025-02-24,NB-1196,476.0,0.0,12,499.0
2025-03-03,NB-1196,805.0,0.0,12,499.0
2025-03-10,NB-1196,575.0,0.0,12,499.0
2025-03-17,NB-1196,372.0,0.0,12,499.0
2025-03-24,NB-1196,190.0,0.0,12,499.0
2025-03-31,NB-1196,0.0,0.0,12,499.0
2025-04-07,NB-1196,733.0,0.0,12,499.0
2025-04-14,NB-1196,565.0,0.0,12,499.0
2025-04-21,NB-1196,383.0,0.0,12,499.0
2025-04-28,NB-1196,769.0,567.0,12,499.0
2025-05-05,NB-1196,603.0,0.0,12,499.0
2025-05-12,NB-1196,379.0,530.0,12,499.0
2025-05-19,NB-1196,57.0,0.0,12,499.0
2025-05-26,NB-1196,0.0,735.0,12,499.0
2025-06-02,NB-1196,0.0,0.0,12,499.0
2025-06-09,NB-1196,543.0,0.0,12,499.0
2025-06-16,NB-1196,965.0,0.0,12,499.0
2025-06-23,NB-1196,729.0,0.0,12,499.0
2025-06-30,NB-1196,409.0,557.0,12,499.0
2025-07-07,NB-1196,134.0,0.0,12,499.0
2025-07-14,NB-1196,0.0,0.0,12,499.0
2025-07-21,NB-1196,0.0,0.0,12,499.0
2025-07-28,NB-1196,0.0,0.0,12,499.0
2025-08-04,NB-1196,0.0,511.0,12,499.0
2025-08-11,NB-1196,0.0,0.0,12,499.0
2025-08-18,NB-1196,875.0,0.0,12,499.0
2025-08-25,NB-1196,436.0,0.0,12,499.0
2025-09-01,NB-1196,477.0,748.0,12,499.0
2025-09-08,NB-1196,0.0,0.0,12,499.0
2025-09-15,NB-1196,309.0,0.0,12,499.0
2025-09-22,NB-1196,0.0,483.0,12,499.0
2025-09-29,NB-1196,0.0,524.0,12,499.0
2025-10-06,NB-1196,440.0,0.0,12,499.0
2025-10-13,NB-1196,519.0,0.0,12,499.0
2025-10-20,NB-1196,194.0,0.0,12,499.0
2025-10-27,NB-1196,841.0,712.0,12,499.0
2025-11-03,NB-1196,284.0,0.0,12,499.0
2025-11-10,NB-1196,210.0,0.0,12,499.0
2025-11-17,NB-1196,235.0,0.0,12,499.0
2025-11-24,NB-1196,214.0,641.0,12,499.0
2025-12-01,NB-1196,0.0,0.0,12,499.0
2025-12-08,NB-1196,0.0,0.0,12,499.0
2025-12-15,NB-1196,470.0,535.0,12,499.0
2025-12-22,NB-1196,0.0,588.0,12,499.0
2025-12-29,NB-1196,126.0,520.0,12,499.0
2024-01-01,NB-1197,293.0,0.0,8,225.4
2024-01-08,NB-1197,170.0,340.0,8,225.4
2024-01-15,NB-1197,295.0,0.0,8,225.4
2024-01-22,NB-1197,138.0,271.0,8,225.4
2024-01-29,NB-1197,206.0,213.0,8,225.4
2024-02-05,NB-1197,66.0,0.0,8,225.4
2024-02-12,NB-1197,0.0,0.0,8,225.4
2024-02-19,NB-1197,0.0,0.0,8,225.4
2024-02-26,NB-1197,0.0,0.0,8,225.4
2024-03-04,NB-1197,198.0,269.0,8,225.4
2024-03-11,NB-1197,67.0,0.0,8,225.4
2024-03-18,NB-1197,0.0,0.0,8,225.4
2024-03-25,NB-1197,0.0,0.0,8,225.4
2024-04-01,NB-1197,255.0,0.0,8,225.4
2024-04-08,NB-1197,457.0,0.0,8,225.4
2024-04-15,NB-1197,351.0,0.0,8,225.4
2024-04-22,NB-1197,196.0,0.0,8,225.4
2024-04-29,NB-1197,301.0,0.0,8,225.4
2024-05-06,NB-1197,163.0,329.0,8,225.4
2024-05-13,NB-1197,35.0,0.0,8,225.4
2024-05-20,NB-1197,219.0,0.0,8,225.4
2024-05-27,NB-1197,64.0,0.0,8,225.4
2024-06-03,NB-1197,0.0,0.0,8,225.4
2024-06-10,NB-1197,0.0,233.0,8,225.4
2024-06-17,NB-1197,0.0,224.0,8,225.4
2024-06-24,NB-1197,0.0,0.0,8,225.4
2024-07-01,NB-1197,0.0,0.0,8,225.4
2024-07-08,NB-1197,0.0,0.0,8,225.4
2024-07-15,NB-1197,0.0,0.0,8,225.4
2024-07-22,NB-1197,0.0,0.0,8,225.4
2024-07-29,NB-1197,182.0,282.0,8,225.4
2024-08-05,NB-1197,18.0,0.0,8,225.4
2024-08-12,NB-1197,376.0,257.0,8,225.4
2024-08-19,NB-1197,200.0,0.0,8,225.4
2024-08-26,NB-1197,328.0,298.0,8,225.4
2024-09-02,NB-1197,133.0,0.0,8,225.4
2024-09-09,NB-1197,429.0,0.0,8,225.4
2024-09-16,NB-1197,239.0,0.0,8,225.4
2024-09-23,NB-1197,49.0,0.0,8,225.4
2024-09-30,NB-1197,0.0,0.0,8,225.4
2024-10-07,NB-1197,0.0,0.0,8,225.4
2024-10-14,NB-1197,0.0,341.0,8,225.4
2024-10-21,NB-1197,265.0,265.0,8,225.4
2024-10-28,NB-1197,36.0,262.0,8,225.4
2024-11-04,NB-1197,0.0,0.0,8,225.4
2024-11-11,NB-1197,0.0,215.0,8,225.4
2024-11-18,NB-1197,0.0,0.0,8,225.4
2024-11-25,NB-1197,0.0,0.0,8,225.4
2024-12-02,NB-1197,0.0,0.0,8,225.4
2024-12-09,NB-1197,0.0,271.0,8,225.4
2024-12-16,NB-1197,138.0,240.0,8,225.4
2024-12-23,NB-1197,0.0,0.0,8,225.4
2024-12-30,NB-1197,0.0,0.0,8,225.4
2025-01-06,NB-1197,0.0,0.0,8,225.4
2025-01-13,NB-1197,0.0,0.0,8,225.4
2025-01-20,NB-1197,293.0,0.0,8,225.4
2025-01-27,NB-1197,435.0,0.0,8,225.4
2025-02-03,NB-1197,230.0,0.0,8,225.4
2025-02-10,NB-1197,329.0,0.0,8,225.4
2025-02-17,NB-1197,141.0,214.0,8,225.4
2025-02-24,NB-1197,333.0,333.0,8,225.4
2025-03-03,NB-1197,76.0,0.0,8,225.4
2025-03-10,NB-1197,0.0,0.0,8,225.4
2025-03-17,NB-1197,187.0,0.0,8,225.4
2025-03-24,NB-1197,0.0,0.0,8,225.4
2025-03-31,NB-1197,138.0,0.0,8,225.4
2025-04-07,NB-1197,186.0,0.0,8,225.4
2025-04-14,NB-1197,2.0,0.0,8,225.4
2025-04-21,NB-1197,352.0,0.0,8,225.4
2025-04-28,NB-1197,169.0,0.0,8,225.4
2025-05-05,NB-1197,294.0,0.0,8,225.4
2025-05-12,NB-1197,106.0,332.0,8,225.4
2025-05-19,NB-1197,0.0,290.0,8,225.4
2025-05-26,NB-1197,0.0,0.0,8,225.4
2025-06-02,NB-1197,0.0,0.0,8,225.4
2025-06-09,NB-1197,0.0,0.0,8,225.4
2025-06-16,NB-1197,0.0,0.0,8,225.4
2025-06-23,NB-1197,149.0,220.0,8,225.4
2025-06-30,NB-1197,254.0,0.0,8,225.4
2025-07-07,NB-1197,58.0,0.0,8,225.4
2025-07-14,NB-1197,0.0,0.0,8,225.4
2025-07-21,NB-1197,210.0,290.0,8,225.4
2025-07-28,NB-1197,284.0,0.0,8,225.4
2025-08-04,NB-1197,301.0,0.0,8,225.4
2025-08-11,NB-1197,316.0,0.0,8,225.4
2025-08-18,NB-1197,30.0,0.0,8,225.4
2025-08-25,NB-1197,262.0,262.0,8,225.4
2025-09-01,NB-1197,182.0,0.0,8,225.4
2025-09-08,NB-1197,170.0,340.0,8,225.4
2025-09-15,NB-1197,237.0,0.0,8,225.4
2025-09-22,NB-1197,0.0,0.0,8,225.4
2025-09-29,NB-1197,242.0,0.0,8,225.4
2025-10-06,NB-1197,0.0,287.0,8,225.4
2025-10-13,NB-1197,207.0,0.0,8,225.4
2025-10-20,NB-1197,86.0,0.0,8,225.4
2025-10-27,NB-1197,211.0,0.0,8,225.4
2025-11-03,NB-1197,0.0,0.0,8,225.4
2025-11-10,NB-1197,0.0,0.0,8,225.4
2025-11-17,NB-1197,0.0,0.0,8,225.4
2025-11-24,NB-1197,0.0,0.0,8,225.4
2025-12-01,NB-1197,0.0,231.0,8,225.4
2025-12-08,NB-1197,0.0,0.0,8,225.4
2025-12-15,NB-1197,53.0,0.0,8,225.4
2025-12-22,NB-1197,45.0,0.0,8,225.4
2025-12-29,NB-1197,0.0,0.0,8,225.4
2024-01-01,NB-1198,233.0,0.0,13,417.1
2024-01-08,NB-1198,147.0,0.0,13,417.1
2024-01-15,NB-1198,2.0,0.0,13,417.1
2024-01-22,NB-1198,527.0,0.0,13,417.1
2024-01-29,NB-1198,443.0,0.0,13,417.1
2024-02-05,NB-1198,349.0,0.0,13,417.1
2024-02-12,NB-1198,779.0,0.0,13,417.1
2024-02-19,NB-1198,683.0,0.0,13,417.1
2024-02-26,NB-1198,546.0,0.0,13,417.1
2024-03-04,NB-1198,389.0,0.0,13,417.1
2024-03-11,NB-1198,259.0,0.0,13,417.1
2024-03-18,NB-1198,103.0,0.0,13,417.1
2024-03-25,NB-1198,0.0,0.0,13,417.1
2024-04-01,NB-1198,0.0,460.0,13,417.1
2024-04-08,NB-1198,0.0,508.0,13,417.1
2024-04-15,NB-1198,0.0,0.0,13,417.1
2024-04-22,NB-1198,484.0,0.0,13,417.1
2024-04-29,NB-1198,322.0,0.0,13,417.1
2024-05-06,NB-1198,133.0,0.0,13,417.1
2024-05-13,NB-1198,0.0,0.0,13,417.1
2024-05-20,NB-1198,0.0,0.0,13,417.1
2024-05-27,NB-1198,0.0,0.0,13,417.1
2024-06-03,NB-1198,295.0,0.0,13,417.1
2024-06-10,NB-1198,478.0,0.0,13,417.1
2024-06-17,NB-1198,128.0,0.0,13,417.1
2024-06-24,NB-1198,0.0,0.0,13,417.1
2024-07-01,NB-1198,0.0,0.0,13,417.1
2024-07-08,NB-1198,0.0,0.0,13,417.1
2024-07-15,NB-1198,0.0,481.0,13,417.1
2024-07-22,NB-1198,0.0,414.0,13,417.1
2024-07-29,NB-1198,0.0,0.0,13,417.1
2024-08-05,NB-1198,0.0,0.0,13,417.1
2024-08-12,NB-1198,0.0,0.0,13,417.1
2024-08-19,NB-1198,0.0,0.0,13,417.1
2024-08-26,NB-1198,572.0,0.0,13,417.1
2024-09-02,NB-1198,329.0,0.0,13,417.1
2024-09-09,NB-1198,0.0,461.0,13,417.1
2024-09-16,NB-1198,0.0,0.0,13,417.1
2024-09-23,NB-1198,0.0,0.0,13,417.1
2024-09-30,NB-1198,0.0,576.0,13,417.1
2024-10-07,NB-1198,0.0,0.0,13,417.1
2024-10-14,NB-1198,468.0,0.0,13,417.1
2024-10-21,NB-1198,190.0,599.0,13,417.1
2024-10-28,NB-1198,497.0,497.0,13,417.1
2024-11-04,NB-1198,219.0,0.0,13,417.1
2024-11-11,NB-1198,24.0,0.0,13,417.1
2024-11-18,NB-1198,0.0,0.0,13,417.1
2024-11-25,NB-1198,0.0,0.0,13,417.1
2024-12-02,NB-1198,0.0,0.0,13,417.1
2024-12-09,NB-1198,0.0,0.0,13,417.1
2024-12-16,NB-1198,0.0,0.0,13,417.1
2024-12-23,NB-1198,400.0,0.0,13,417.1
2024-12-30,NB-1198,217.0,0.0,13,417.1
2025-01-06,NB-1198,90.0,479.0,13,417.1
2025-01-13,NB-1198,616.0,0.0,13,417.1
2025-01-20,NB-1198,469.0,0.0,13,417.1
2025-01-27,NB-1198,319.0,0.0,13,417.1
2025-02-03,NB-1198,152.0,430.0,13,417.1
2025-02-10,NB-1198,417.0,0.0,13,417.1
2025-02-17,NB-1198,277.0,0.0,13,417.1
2025-02-24,NB-1198,150.0,0.0,13,417.1
2025-03-03,NB-1198,0.0,0.0,13,417.1
2025-03-10,NB-1198,0.0,0.0,13,417.1
2025-03-17,NB-1198,0.0,450.0,13,417.1
2025-03-24,NB-1198,0.0,0.0,13,417.1
2025-03-31,NB-1198,0.0,0.0,13,417.1
2025-04-07,NB-1198,0.0,0.0,13,417.1
2025-04-14,NB-1198,0.0,0.0,13,417.1
2025-04-21,NB-1198,0.0,0.0,13,417.1
2025-04-28,NB-1198,0.0,0.0,13,417.1
2025-05-05,NB-1198,0.0,627.0,13,417.1
2025-05-12,NB-1198,0.0,0.0,13,417.1
2025-05-19,NB-1198,271.0,0.0,13,417.1
2025-05-26,NB-1198,0.0,0.0,13,417.1
2025-06-02,NB-1198,0.0,0.0,13,417.1
2025-06-09,NB-1198,0.0,630.0,13,417.1
2025-06-16,NB-1198,0.0,0.0,13,417.1
2025-06-23,NB-1198,0.0,0.0,13,417.1
2025-06-30,NB-1198,0.0,0.0,13,417.1
2025-07-07,NB-1198,0.0,0.0,13,417.1
2025-07-14,NB-1198,0.0,416.0,13,417.1
2025-07-21,NB-1198,0.0,550.0,13,417.1
2025-07-28,NB-1198,0.0,599.0,13,417.1
2025-08-04,NB-1198,0.0,0.0,13,417.1
2025-08-11,NB-1198,270.0,0.0,13,417.1
2025-08-18,NB-1198,443.0,0.0,13,417.1
2025-08-25,NB-1198,58.0,0.0,13,417.1
2025-09-01,NB-1198,0.0,503.0,13,417.1
2025-09-08,NB-1198,0.0,549.0,13,417.1
2025-09-15,NB-1198,718.0,391.0,13,417.1
2025-09-22,NB-1198,351.0,0.0,13,417.1
2025-09-29,NB-1198,0.0,632.0,13,417.1
2025-10-06,NB-1198,0.0,0.0,13,417.1
2025-10-13,NB-1198,0.0,0.0,13,417.1
2025-10-20,NB-1198,520.0,0.0,13,417.1
2025-10-27,NB-1198,144.0,599.0,13,417.1
2025-11-03,NB-1198,0.0,0.0,13,417.1
2025-11-10,NB-1198,421.0,421.0,13,417.1
2025-11-17,NB-1198,510.0,0.0,13,417.1
2025-11-24,NB-1198,648.0,0.0,13,417.1
2025-12-01,NB-1198,398.0,0.0,13,417.1
2025-12-08,NB-1198,116.0,0.0,13,417.1
2025-12-15,NB-1198,0.0,448.0,13,417.1
2025-12-22,NB-1198,339.0,0.0,13,417.1
2025-12-29,NB-1198,121.0,0.0,13,417.1
2024-01-01,NB-1199,129.0,0.0,13,333.1
2024-01-08,NB-1199,45.0,0.0,13,333.1
2024-01-15,NB-1199,0.0,0.0,13,333.1
2024-01-22,NB-1199,442.0,0.0,13,333.1
2024-01-29,NB-1199,385.0,0.0,13,333.1
2024-02-05,NB-1199,710.0,0.0,13,333.1
2024-02-12,NB-1199,632.0,0.0,13,333.1
2024-02-19,NB-1199,537.0,0.0,13,333.1
2024-02-26,NB-1199,472.0,0.0,13,333.1
2024-03-04,NB-1199,386.0,0.0,13,333.1
2024-03-11,NB-1199,281.0,0.0,13,333.1
2024-03-18,NB-1199,187.0,355.0,13,333.1
2024-03-25,NB-1199,52.0,0.0,13,333.1
2024-04-01,NB-1199,0.0,0.0,13,333.1
2024-04-08,NB-1199,753.0,434.0,13,333.1
2024-04-15,NB-1199,650.0,0.0,13,333.1
2024-04-22,NB-1199,523.0,0.0,13,333.1
2024-04-29,NB-1199,387.0,0.0,13,333.1
2024-05-06,NB-1199,256.0,0.0,13,333.1
2024-05-13,NB-1199,514.0,0.0,13,333.1
2024-05-20,NB-1199,371.0,0.0,13,333.1
2024-05-27,NB-1199,205.0,0.0,13,333.1
2024-06-03,NB-1199,449.0,0.0,13,333.1
2024-06-10,NB-1199,276.0,0.0,13,333.1
2024-06-17,NB-1199,437.0,0.0,13,333.1
2024-06-24,NB-1199,199.0,0.0,13,333.1
2024-07-01,NB-1199,50.0,0.0,13,333.1
2024-07-08,NB-1199,270.0,484.0,13,333.1
2024-07-15,NB-1199,86.0,443.0,13,333.1
2024-07-22,NB-1199,0.0,322.0,13,333.1
2024-07-29,NB-1199,0.0,0.0,13,333.1
2024-08-05,NB-1199,0.0,0.0,13,333.1
2024-08-12,NB-1199,0.0,308.0,13,333.1
2024-08-19,NB-1199,0.0,0.0,13,333.1
2024-08-26,NB-1199,328.0,0.0,13,333.1
2024-09-02,NB-1199,154.0,0.0,13,333.1
2024-09-09,NB-1199,0.0,0.0,13,333.1
2024-09-16,NB-1199,0.0,0.0,13,333.1
2024-09-23,NB-1199,365.0,0.0,13,333.1
2024-09-30,NB-1199,212.0,0.0,13,333.1
2024-10-07,NB-1199,523.0,0.0,13,333.1
2024-10-14,NB-1199,385.0,0.0,13,333.1
2024-10-21,NB-1199,265.0,0.0,13,333.1
2024-10-28,NB-1199,455.0,0.0,13,333.1
2024-11-04,NB-1199,337.0,0.0,13,333.1
2024-11-11,NB-1199,220.0,0.0,13,333.1
2024-11-18,NB-1199,99.0,0.0,13,333.1
2024-11-25,NB-1199,462.0,462.0,13,333.1
2024-12-02,NB-1199,387.0,0.0,13,333.1
2024-12-09,NB-1199,253.0,0.0,13,333.1
2024-12-16,NB-1199,151.0,0.0,13,333.1
2024-12-23,NB-1199,456.0,0.0,13,333.1
2024-12-30,NB-1199,321.0,0.0,13,333.1
2025-01-06,NB-1199,212.0,0.0,13,333.1
2025-01-13,NB-1199,574.0,437.0,13,333.1
2025-01-20,NB-1199,464.0,0.0,13,333.1
2025-01-27,NB-1199,367.0,0.0,13,333.1
2025-02-03,NB-1199,302.0,0.0,13,333.1
2025-02-10,NB-1199,619.0,0.0,13,333.1
2025-02-17,NB-1199,553.0,0.0,13,333.1
2025-02-24,NB-1199,447.0,0.0,13,333.1
2025-03-03,NB-1199,310.0,352.0,13,333.1
2025-03-10,NB-1199,224.0,0.0,13,333.1
2025-03-17,NB-1199,126.0,0.0,13,333.1
2025-03-24,NB-1199,27.0,0.0,13,333.1
2025-03-31,NB-1199,601.0,0.0,13,333.1
2025-04-07,NB-1199,460.0,0.0,13,333.1
2025-04-14,NB-1199,347.0,0.0,13,333.1
2025-04-21,NB-1199,232.0,0.0,13,333.1
2025-04-28,NB-1199,94.0,0.0,13,333.1
2025-05-05,NB-1199,282.0,0.0,13,333.1
2025-05-12,NB-1199,89.0,0.0,13,333.1
2025-05-19,NB-1199,0.0,0.0,13,333.1
2025-05-26,NB-1199,0.0,0.0,13,333.1
2025-06-02,NB-1199,0.0,0.0,13,333.1
2025-06-09,NB-1199,0.0,0.0,13,333.1
2025-06-16,NB-1199,373.0,0.0,13,333.1
2025-06-23,NB-1199,217.0,359.0,13,333.1
2025-06-30,NB-1199,396.0,0.0,13,333.1
2025-07-07,NB-1199,203.0,0.0,13,333.1
2025-07-14,NB-1199,0.0,0.0,13,333.1
2025-07-21,NB-1199,350.0,350.0,13,333.1
2025-07-28,NB-1199,51.0,0.0,13,333.1
2025-08-04,NB-1199,0.0,0.0,13,333.1
2025-08-11,NB-1199,0.0,444.0,13,333.1
2025-08-18,NB-1199,0.0,0.0,13,333.1
2025-08-25,NB-1199,362.0,0.0,13,333.1
2025-09-01,NB-1199,450.0,0.0,13,333.1
2025-09-08,NB-1199,172.0,0.0,13,333.1
2025-09-15,NB-1199,28.0,385.0,13,333.1
2025-09-22,NB-1199,0.0,507.0,13,333.1
2025-09-29,NB-1199,0.0,0.0,13,333.1
2025-10-06,NB-1199,333.0,0.0,13,333.1
2025-10-13,NB-1199,166.0,0.0,13,333.1
2025-10-20,NB-1199,313.0,0.0,13,333.1
2025-10-27,NB-1199,168.0,0.0,13,333.1
2025-11-03,NB-1199,329.0,338.0,13,333.1
2025-11-10,NB-1199,184.0,0.0,13,333.1
2025-11-17,NB-1199,48.0,0.0,13,333.1
2025-11-24,NB-1199,0.0,0.0,13,333.1
2025-12-01,NB-1199,0.0,435.0,13,333.1
2025-12-08,NB-1199,0.0,0.0,13,333.1
2025-12-15,NB-1199,0.0,0.0,13,333.1
2025-12-22,NB-1199,0.0,0.0,13,333.1
2025-12-29,NB-1199,0.0,489.0,13,333.1
